CPU_Usage,Memory_Usage,Bandwidth,Task_Priority,Traffic_Type,Packet_Rate,Failed_Logins,Malware_Alerts,Intrusion_Alerts,Label
30.0,23.720877097264747,295.72685296043346,Low,HTTP,1469.810950460893,1,0,0,Normal
85.3014233889553,70.3922149524271,776.7503127246454,Critical,DNS,3454.066000256524,1,0,0,Normal
33.43309016141575,24.510334197005818,197.0953787607127,Low,HTTP,703.9070589561984,0,0,0,Normal
73.49335531485849,56.28284256098523,933.1593511237979,High,FTP,3579.6804923057302,1,0,0,Attack
52.4240228603594,42.35467395733582,476.01673119899124,Medium,HTTPS,1619.0260671875685,1,0,0,Normal
57.20877097264747,51.161945221624045,412.4227226625174,Medium,HTTPS,1712.3137478152696,1,0,0,Normal
67.56520637922222,58.392413014266985,650.9498247241169,High,HTTPS,3230.6908006811523,0,0,0,Normal
39.93480780869504,29.384380956471396,286.3716310282976,Low,HTTP,1386.3643391055016,1,0,0,Normal
49.74665799320064,44.72395485991492,408.9638555471174,Medium,HTTP,1611.5438527743045,0,0,0,Normal
62.377473034575814,53.84454902024196,412.5158292290061,High,HTTPS,1871.3410651738218,0,0,0,Normal
88.29074118417338,69.60517841244919,777.1250890714405,Critical,DNS,3258.725052523971,0,0,0,Normal
89.27137417384074,79.03871106064015,894.5449435961981,Critical,SSH,4355.117308128578,0,0,0,Attack
40.74262455877033,32.057890968493815,338.3423241600017,Medium,HTTP,1321.6206786416872,1,0,0,Normal
89.71030817403516,74.35524514293377,636.6463614595012,Critical,DNS,2184.2459543847463,1,0,0,Normal
78.96151158798602,60.36834347285823,448.4081815616014,High,DNS,1968.2562272558841,0,0,0,Normal
66.50898433592374,56.67067360800203,642.4409417161285,High,SSH,2950.052179081965,4,0,0,Attack
85.61272902574274,69.44956950555321,640.093823760542,Critical,DNS,2282.818412745161,0,0,0,Normal
56.051736840745434,46.64487013789484,280.34768220314635,Medium,HTTPS,1129.1852513529614,0,0,0,Normal
68.65117506458773,53.81343534126572,398.8309535928133,High,HTTPS,1310.1840110557641,0,0,0,Normal
49.35861633901368,35.891255333062084,350.4939298501742,Medium,HTTP,1131.6643001995888,0,0,0,Normal
85.62263883824926,65.59498471671847,1049.8397899924882,Critical,SSH,3784.042404674849,0,0,1,Attack
63.36183519393671,50.63021162429789,545.9915257725579,High,HTTPS,1764.5255370095608,0,0,0,Normal
69.65258580883528,48.761233794076645,447.7621985063584,High,HTTPS,2070.451011607316,1,0,0,Normal
55.16029532183893,40.39835982580826,391.0984965946044,Medium,HTTPS,1606.548802493295,0,0,0,Normal
48.14583549028612,37.748198244100074,489.01893487942505,Medium,SSH,1862.8137375185108,0,0,0,Attack
49.82818191565457,44.696696226465946,392.62632071826863,Medium,HTTP,1863.3259616251967,0,0,0,Normal
59.7194374310493,50.44391212561553,591.6764777810397,Medium,HTTPS,2336.733523194073,1,0,0,Normal
30.019053396972595,22.728635581535517,288.26825235341795,Low,HTTP,994.5205536315485,0,0,0,Normal
39.71434121282073,31.120503444608453,291.95533845955634,Low,HTTP,1056.4939304426575,0,0,0,Normal
55.211609849720844,40.863193032676485,488.1272672399589,Medium,HTTPS,1635.1470880585157,0,0,0,Normal
89.10491919286869,72.63691721506837,711.3486854371008,Critical,DNS,2375.633448368034,0,0,0,Normal
73.4044908771466,65.79274761595622,709.9183623486258,High,DNS,2246.460553157223,1,0,0,Normal
47.1420948652667,41.67897258187869,342.5066726504064,Medium,HTTP,1582.9952488316444,0,0,0,Normal
55.08261117443908,43.73864075387008,334.7455973650616,Medium,HTTPS,1015.397592785555,0,0,0,Normal
52.035871498228516,44.41995505050101,640.9298316500314,Medium,FTP,2035.6650791194293,0,0,0,Attack
64.55524298668024,52.89210053786983,579.696881354618,High,HTTPS,1828.975154696428,1,0,0,Normal
98.89123606648354,87.70197184486206,834.481458386434,Critical,FTP,3500.847818934988,0,0,1,Attack
95.23411423059315,75.29365458611595,920.875355454653,Critical,FTP,3207.370084932763,3,0,0,Attack
58.21659769553662,43.25995168821833,332.57119229946545,Medium,HTTPS,1255.8349323002967,0,0,0,Normal
76.09230962152651,63.837108862468874,423.98065005861497,High,DNS,1550.2236798640802,0,0,0,Normal
65.79924770223442,56.534338507112246,428.41888073433796,High,HTTPS,1600.4446876883587,1,0,0,Normal
86.05584680699394,65.11313190390382,480.1447057797624,Critical,DNS,1927.650635807803,0,0,0,Normal
57.18492641346529,45.90693270665996,518.0949881358391,Medium,HTTPS,1733.8226453780815,0,0,0,Normal
42.92586685223796,31.271755847654195,333.5109854091349,Medium,HTTP,1019.8023743616832,0,0,0,Normal
71.68289350127452,51.81791529833654,503.4446496149641,High,DNS,1701.9135163425135,0,0,0,Normal
87.758289713056,66.73491270613547,1021.8124865615529,Critical,FTP,4281.174858938795,1,0,1,Attack
56.99142819408735,41.2149579543917,620.2182148224911,Medium,SSH,2051.834205044535,2,1,0,Attack
70.83409170489176,61.08729862928072,633.8557911520636,High,FTP,2779.785052263894,1,0,0,Attack
38.55182998609962,31.25699749721752,252.38759095363739,Low,HTTP,850.1229464902801,0,0,0,Normal
46.86310122546274,36.59674326830083,475.3016968021975,Medium,FTP,1467.9071498113235,4,0,0,Attack
48.13199616015481,42.09528081878291,281.52630861183667,Medium,HTTP,1257.7916659783873,1,0,0,Normal
36.95345735519368,29.375571800766412,199.95449242450232,Low,HTTP,772.4107520824318,0,0,0,Normal
78.71990658304185,58.646196131926295,712.7681927965629,High,DNS,2265.9360719131137,1,0,0,Normal
63.233570301235886,48.17565509944347,321.43855021460007,High,HTTPS,1142.6349705896885,1,0,0,Normal
54.27862632626784,39.89390902807406,295.2909569155582,Medium,HTTPS,941.4315002319793,1,0,0,Normal
82.37399761303095,60.4593742105463,443.80110026552717,Critical,DNS,1665.4590263092202,1,0,0,Normal
58.48029848799342,41.897582932654416,467.146091372517,Medium,HTTPS,1854.3922116766635,1,0,0,Normal
43.49948829039931,37.50436226005519,270.01849414757896,Medium,HTTP,1003.3682027024703,0,0,0,Normal
48.56050134418183,34.15425720084316,337.0267113136905,Medium,HTTP,1310.4540672258097,0,0,0,Normal
40.49512890178448,29.059758990929733,268.92357387302604,Medium,HTTP,1305.906837918283,0,0,0,Normal
40.18856421622331,28.75513603487566,274.859702291287,Medium,HTTP,1272.8282653492722,0,0,0,Normal
34.9317839473224,28.627426204893748,263.2746118073448,Low,HTTP,864.310983782589,1,0,0,Normal
78.6538168656989,58.85631994891352,461.40969658552984,High,DNS,1873.065455750223,0,0,0,Normal
31.000234277453274,24.106211984768258,159.4789584968876,Low,HTTP,713.6247788062477,0,0,0,Normal
35.28336700503132,27.0141975905975,209.9834455545042,Low,HTTP,957.9201539037192,0,0,0,Normal
34.65162985296047,26.80546352905241,276.32814231977926,Low,HTTP,1244.090703490981,1,0,0,Normal
65.85712182404677,52.7826951401769,380.03603578576946,High,HTTPS,1845.3932597846142,0,0,0,Normal
44.488736698222056,32.683802985297014,376.5433841706079,Medium,HTTP,1239.7677793285648,1,0,0,Normal
53.28415942618449,37.606773945549016,315.48526077231173,Medium,HTTPS,981.6468147451919,1,0,0,Normal
49.69064364020596,36.674365870126394,259.4310317670091,Medium,HTTP,1032.5001823663526,1,0,0,Normal
52.07101925188908,42.645046412096804,451.42434883835836,Medium,HTTPS,1592.750339558641,0,0,0,Normal
70.44185508682858,51.48063803128996,704.1757301551679,High,FTP,3426.5047086068653,3,0,1,Attack
40.39602882185136,33.874156759324805,220.06388277441556,Medium,HTTP,694.9338336434483,0,0,0,Normal
31.733323846347048,23.38213823481994,202.6770896943274,Low,HTTP,675.1320904764272,0,0,0,Normal
41.41612494903711,29.357278697289566,226.5616068652936,Medium,HTTP,905.1478000543706,0,0,0,Normal
65.69355675066618,55.627719870323574,452.0890903967775,High,HTTPS,2163.876586144166,0,0,0,Normal
39.24736920045689,30.859942361424025,291.3743776358684,Low,HTTP,1074.4376092697214,0,0,0,Normal
71.56549601975712,51.37733132522233,485.91612043424254,High,DNS,2014.02626157197,1,0,0,Normal
41.049692254455294,31.012032656146523,296.40746601734884,Medium,HTTP,1314.1926776987991,0,0,0,Normal
32.65107781146071,23.470080471558575,314.7606284184549,Low,HTTP,1539.239850935966,1,0,0,Normal
74.03276647717576,57.39549358772209,672.0007786202906,High,DNS,2295.755128022636,0,0,0,Normal
55.887981717751245,44.54059462832776,318.97027155467333,Medium,HTTPS,1365.9558278326272,1,0,0,Normal
35.371935566709,27.29271665467103,270.54587780152616,Low,HTTP,837.1035704765403,1,0,0,Normal
46.642619856284,36.793002406919214,405.17590980728926,Medium,HTTP,1241.0450814126132,0,0,0,Normal
35.64446301359567,31.56692151989094,317.4036204004491,Low,HTTP,1269.239403802085,0,0,0,Normal
52.581448670098325,45.382148918342345,460.379795266912,Medium,HTTPS,1801.7047733313868,1,0,0,Normal
59.0885835881636,43.03377627615332,569.5899511065348,Medium,HTTPS,2241.425962018142,0,0,0,Normal
61.477719983959105,49.54760591082114,552.3436467071101,High,SSH,2669.3396005290374,1,0,1,Attack
56.648386306042084,48.007960086685735,299.03914496122934,Medium,HTTPS,1137.3007990266055,1,0,0,Normal
85.68155767573671,73.35955713727002,638.2984387339748,Critical,DNS,3185.2553618242414,0,0,0,Normal
78.92486836797616,67.10367698708325,498.85990761434806,High,DNS,1763.9132019950873,0,0,0,Normal
38.48777037586842,34.084144280542965,371.9823338243051,Low,HTTP,1683.3592063785777,1,0,0,Normal
61.78323101645219,45.055399674174076,333.30094320143115,High,HTTPS,1649.1183828415271,1,0,0,Normal
74.24180572765181,52.797399620667655,432.65758892658835,High,DNS,1390.2626018941403,0,0,0,Normal
76.85652476662653,61.33046028719141,575.4922169374454,High,DNS,1727.6915137233448,1,0,0,Normal
75.06666672241408,56.512269253233185,710.5799729102519,High,DNS,3171.1742652746507,1,0,0,Normal
85.67512704175897,75.95939250338597,575.6257842256302,Critical,DNS,2079.3121916219507,0,0,0,Normal
38.774895386304706,27.754578380345283,304.84845207654064,Low,HTTP,1042.1326426285973,1,0,0,Normal
33.34637177744298,24.446467085897154,286.2566563718629,Low,HTTP,1393.7099531935023,1,0,0,Normal
69.39591520727845,55.483081162273734,874.9085545249001,High,SSH,3096.6588186218974,0,0,0,Attack
45.84832278036629,40.284143593589256,276.9580627580189,Medium,HTTP,1070.7159939362734,0,0,0,Normal
85.97938675840851,66.09649398233601,705.5451879177702,Critical,DNS,3265.771842241118,1,0,0,Normal
44.73619544682151,36.43674683040381,434.2082965500158,Medium,SSH,1975.3496393754795,3,0,0,Attack
39.932176571310265,33.67774654130557,205.9480496195714,Low,HTTP,625.4486384926431,1,0,0,Normal
59.85452600438293,53.211821758557136,448.732118884133,Medium,HTTPS,1856.3175529072328,0,0,0,Normal
83.59182507003425,61.99419114573923,608.8657890787086,Critical,DNS,2819.9445324873823,1,0,0,Normal
60.62444316354231,50.21154199186866,644.8556677719415,High,FTP,2120.4706483476166,4,1,0,Attack
64.34406949323602,45.64650637621418,616.5370760652949,High,HTTPS,2845.6934099692407,1,0,0,Normal
73.01210276753409,51.56829086549933,511.6658392719739,High,DNS,2379.089515755743,1,0,0,Normal
86.70575465584989,69.35435765261633,864.9395356915533,Critical,DNS,2934.0658426645828,0,0,0,Normal
42.48894946533255,33.623708095096546,269.3681366024339,Medium,HTTP,1045.4706278716217,1,0,0,Normal
68.47176834144193,54.33342413286981,603.4714908549362,High,HTTPS,2744.841523090122,0,0,0,Normal
42.82383941077569,37.825233282941326,622.6537298980223,Medium,SSH,2826.2169514453494,0,0,1,Attack
31.889353589867824,24.883848384253433,176.452497538034,Low,HTTP,834.9407781053472,1,0,0,Normal
69.96454881649697,62.89973137908268,550.1919816366212,High,SSH,1741.8275347384142,2,0,0,Attack
57.405550277471775,43.26018482145502,496.95943717733047,Medium,HTTPS,2209.0778330405687,1,0,0,Normal
68.05471414991189,58.01918950607319,644.4421681185181,High,FTP,3007.98834493028,4,0,0,Attack
94.98254572725273,84.9888235542646,774.2946115198617,Critical,SSH,3762.0874851936983,2,0,0,Attack
54.09551072392787,39.02076440516435,523.2040055746355,Medium,HTTPS,2198.6176535473687,0,0,0,Normal
99.7068691633649,69.81585651435648,832.991190194398,Critical,FTP,3300.7648969780007,1,0,0,Attack
46.07666651929321,38.993748127899636,330.13770322963444,Medium,HTTP,1588.2835629095512,1,0,0,Normal
75.76122197031509,57.67144086220214,687.2908467597493,High,DNS,2084.5574816266235,1,0,0,Normal
88.43507795099868,65.60580072305756,784.7095269089216,Critical,DNS,2482.2496356009524,0,0,0,Normal
36.39927537224139,32.28158010234941,185.35642218285525,Low,HTTP,819.3225587021606,1,0,0,Normal
30.063329939584946,22.665972679719783,235.75705604949638,Low,HTTP,953.4121870073047,0,0,0,Normal
73.88391396481893,58.11698330663183,670.7683145354398,High,DNS,3209.464076907953,0,0,0,Normal
48.367914464733985,41.73532402605225,276.69920080707806,Medium,HTTP,1355.304323598802,1,0,0,Normal
52.55580786419159,44.93160745380349,675.0529876142198,Medium,SSH,2730.7046337951206,3,0,1,Attack
86.06227546195441,60.56137183746008,785.2523977289333,Critical,DNS,2751.8229465478266,1,0,0,Normal
46.18225650920067,37.577604447639324,276.1953810510061,Medium,HTTP,1011.7036514178567,1,0,0,Normal
55.97958007871057,48.318614847244106,403.2204041212656,Medium,HTTPS,1942.2998382617063,0,0,0,Normal
88.86163061557454,64.76490863874601,988.2958669106595,Critical,FTP,4051.2121589702656,3,0,0,Attack
76.47940320835914,65.89165518386214,676.6489624314548,High,DNS,2134.4687784613,1,0,0,Normal
31.10772930085659,26.907233540703043,290.22081672801454,Low,HTTP,1170.0402213125994,1,0,0,Normal
64.10416870916379,47.38721662561601,347.1006897839827,High,HTTPS,1164.5900269707508,0,0,0,Normal
78.9441441645613,62.21743006337614,679.9434287712049,High,DNS,2656.014722713127,1,0,0,Normal
38.64861647292855,33.03845883954133,354.3676772826215,Low,HTTP,1577.2937799786694,0,0,0,Normal
78.46823753716308,67.00392307455606,756.9691091582257,High,DNS,3400.779675952263,0,0,0,Normal
79.49081606508116,69.40991917401946,636.3674432196646,High,DNS,2550.3794693841264,1,0,0,Normal
41.766622576178634,29.92935231666066,309.3387247906971,Medium,HTTP,1344.4801687714892,0,0,0,Normal
56.43589042025269,47.66116712060146,537.6891307397995,Medium,HTTPS,1636.4977990517323,1,0,0,Normal
76.45258631198203,66.26592603920489,388.5714778053569,High,DNS,1726.5754983578101,0,0,0,Normal
76.16959872262669,67.47658136110607,411.9388909548806,High,DNS,1945.9756830272845,1,0,0,Normal
81.95448459300678,67.22086056714134,700.7629861969951,Critical,DNS,3223.5261713323584,1,0,0,Normal
34.975622666679556,27.849496188022755,266.16843930131466,Low,HTTP,1063.4508202820493,0,0,0,Normal
73.35562227701303,64.63344042568067,694.0832005080214,High,DNS,2961.4524398880712,0,0,0,Normal
80.02753825276159,56.28341822738273,779.8912363323246,Critical,DNS,2622.371115492104,1,0,0,Normal
85.76186231526663,61.433554272808784,652.8987971410468,Critical,DNS,2466.384381198103,1,0,0,Normal
66.06656085130453,55.62972561097221,413.6394655007992,High,HTTPS,2046.2552567009957,0,0,0,Normal
58.87634356160561,47.360396785237086,391.9692416083876,Medium,HTTPS,1445.9135804974878,0,0,0,Normal
94.32918876322219,82.86590981227259,1100.1287694072457,Critical,FTP,5441.585580824036,3,0,0,Attack
30.990189588046633,27.575425040173705,240.1111847203158,Low,HTTP,943.7434882160136,0,0,0,Normal
34.898158508876804,28.076164580139057,187.96757935746066,Low,HTTP,827.4121307693575,1,0,0,Normal
72.60763491009129,54.48752970432299,550.2844940199378,High,DNS,2562.124269044347,0,0,0,Normal
61.32135550680687,46.99055407274457,361.0591662886908,High,HTTPS,1084.1234054074057,1,0,0,Normal
83.5427407955649,73.65936835522469,606.9858348425066,Critical,DNS,1920.5635018916055,1,0,0,Normal
86.94343022809335,70.41713276165967,750.1064367608044,Critical,DNS,3609.2911926556108,0,0,0,Normal
61.355123993125744,43.896338723972356,535.7263697337943,High,HTTPS,2380.73161868788,1,0,0,Normal
45.13140569222742,36.24752172177811,339.3560362531491,Medium,HTTP,1327.780557229053,0,0,0,Normal
59.889996809652075,44.05025236629466,701.0253551304861,Medium,FTP,2295.7953349128675,2,0,0,Attack
84.50904406694463,66.8147852837485,431.75166124220334,Critical,DNS,1822.5498778265746,1,0,0,Normal
62.975688595179236,53.2208121599154,542.1249972676677,High,HTTPS,1821.748974446133,0,0,0,Normal
34.63409671647241,29.413445656694105,322.4384720031327,Low,HTTP,1330.6731654843616,1,0,0,Normal
60.94655040638827,48.804261754119715,548.5225270695538,High,HTTPS,1748.9261914108292,0,0,0,Normal
40.65580921451328,33.932574725746925,304.45157638084345,Medium,HTTP,1506.4056085370294,1,0,0,Normal
57.18686924497888,40.28000666711059,467.0324397983165,Medium,HTTPS,1987.3246927248222,1,0,0,Normal
73.5302750019764,62.084495509620616,434.28508325517765,High,DNS,1567.8579216768132,0,0,0,Normal
74.77880278631346,65.23659845566854,519.2622556506602,High,DNS,2381.661388734449,1,0,0,Normal
60.23145573635702,51.79919319265504,594.3269076313642,High,HTTPS,1971.8976339414635,1,0,0,Normal
70.38912308969884,56.27895750081425,473.16351593905694,High,DNS,1861.9458073208561,0,0,0,Normal
41.307283641763206,34.14753768568985,607.5290841277699,Medium,SSH,2530.7783471665443,1,0,1,Attack
73.30176790968835,53.968302870280056,537.0167560569812,High,DNS,1797.5309240543395,0,0,0,Normal
81.71827854246658,63.55713178395458,694.9909679020658,Critical,DNS,2810.8075248937644,1,0,0,Normal
78.00070358280209,69.78686783136106,712.9263119945575,High,DNS,2668.0903719756575,1,0,0,Normal
59.86216206627432,46.02708554729891,299.7028791109769,Medium,HTTPS,1419.6415642862737,1,0,0,Normal
68.00133057768107,60.836145646376025,367.90409285103766,High,HTTPS,1574.5160889975375,0,0,0,Normal
40.87449351878604,32.41528687541013,389.5038192129964,Medium,HTTP,1378.6142568846137,1,0,0,Normal
53.32771902772947,44.80534938572048,459.14261029282596,Medium,HTTPS,2191.74420465456,0,0,0,Normal
98.40860899650124,85.18248595447984,916.5739799506008,Critical,FTP,4530.849189416263,4,0,1,Attack
50.66533495570184,35.479007825889006,288.14776317160624,Medium,HTTPS,1108.9038316833332,0,0,0,Normal
88.38950854151335,63.323122307830126,711.8210645131927,Critical,DNS,2522.299996550803,1,0,0,Normal
57.91331036685733,51.031502971613314,341.7443436325223,Medium,HTTPS,1170.7667791799931,0,0,0,Normal
72.0566238493484,60.8441240135992,563.2856681827204,High,DNS,2609.0666885210194,0,0,0,Normal
79.67998173058731,63.04796106761938,435.93534141175985,High,DNS,2002.945560264978,1,0,0,Normal
30.07859431054385,21.881908323248837,296.8705905789416,Low,HTTP,1241.5862235111533,0,0,0,Normal
44.92298131091957,36.93249514705124,565.5852069657421,Medium,SSH,1953.9829104058044,2,0,0,Attack
84.35116201275378,62.08570689217736,550.4344371573609,Critical,DNS,2743.1666189797106,0,0,0,Normal
73.31796341502923,59.584817421592106,657.4101526622569,High,DNS,2122.629518596068,0,0,0,Normal
57.37942591702449,41.24680400390171,332.4946945057372,Medium,HTTPS,1572.4749000541167,1,0,0,Normal
38.24731665314175,34.2234377453155,280.64925903752953,Low,HTTP,1045.3864530368232,0,0,0,Normal
66.6387630738609,55.01174947812647,527.3943063796779,High,HTTPS,2242.5428072781283,1,0,0,Normal
40.81156469233974,31.058434949837718,239.48766464270474,Medium,HTTP,952.220579770787,1,0,0,Normal
63.807170765103365,54.78882655390402,485.63317580634515,High,HTTPS,1738.2968533442483,1,0,0,Normal
35.65292791643515,26.090338464701937,244.4408423511902,Low,HTTP,1093.978708415431,0,0,0,Normal
98.43795126085752,78.1114998648187,1119.6147033476807,Critical,SSH,4428.50471374749,1,0,1,Attack
67.6565302562085,55.246231009001534,554.7314001875172,High,HTTPS,2215.16911297435,1,0,0,Normal
48.30613222482498,35.491737277467294,306.6728567877762,Medium,HTTP,965.156971613368,0,0,0,Normal
77.59875840099994,62.42338949842521,732.0586758453827,High,DNS,2924.8824117999097,0,0,0,Normal
39.53600999491755,30.610554152483708,389.7503745783796,Low,HTTP,1819.343245274778,1,0,0,Normal
58.05300353466009,50.71992181118935,413.3934133476914,Medium,HTTPS,1567.4503473989948,0,0,0,Normal
64.97072551514066,53.79375761596938,413.12394226772875,High,HTTPS,1940.5767925510916,1,0,0,Normal
40.417588675591105,30.47248286986718,245.1180862763934,Medium,HTTP,1009.5049504498279,1,0,0,Normal
61.331398019974586,53.809462104872146,556.8693520326589,High,HTTPS,2485.7431868074013,0,0,0,Normal
52.273470360960346,46.74944208369594,469.7546542411162,Medium,HTTPS,1782.2494649528728,0,0,0,Normal
82.10489754026639,64.43909323649133,653.1952196352829,Critical,DNS,2406.992219273245,0,0,0,Normal
68.39075070864055,51.59019822162461,419.71377632835504,High,HTTPS,1765.9292527709622,0,0,0,Normal
56.18234190900694,41.720195923604145,759.5254440757631,Medium,FTP,2635.299957581217,3,1,0,Attack
93.20676117971743,80.45487615583801,719.3422666330932,Critical,FTP,2747.1199714100735,4,0,0,Attack
98.29733186383237,84.48255811367912,1116.456320833632,Critical,SSH,4750.501515504391,2,0,1,Attack
55.45158145367168,45.371855218416876,377.74807378017584,Medium,HTTPS,1434.3603373907367,1,0,0,Normal
56.3034007686656,41.9730506177408,657.7632534884649,Medium,SSH,2852.5982227276036,3,0,0,Attack
42.77566850723815,38.42811709260343,318.2588439074858,Medium,HTTP,1402.6399388607356,0,0,0,Normal
78.95613731510821,57.07561578774882,509.1573756730503,High,DNS,2027.6767121731234,1,0,0,Normal
77.83779634235543,67.94712878745943,676.3001915697008,High,DNS,2181.0342075544368,0,0,0,Normal
65.4674187587807,50.57283366272642,483.7032045262469,High,HTTPS,1793.6106758366116,1,0,0,Normal
53.64395424458962,44.267623878791206,601.4215017421878,Medium,SSH,2219.1129728471824,4,0,0,Attack
99.50917496076727,79.36925028883759,734.1621335305405,Critical,FTP,3296.5983646065015,4,0,0,Attack
36.86325241556915,27.940296462905046,276.05237649835624,Low,HTTP,1348.2192118819687,0,0,0,Normal
81.87969847684144,69.396593066059,750.830793452665,Critical,DNS,3068.7868904337447,0,0,0,Normal
51.746575418219436,41.166381481617584,361.14807497294123,Medium,HTTPS,1505.1307164948096,0,0,0,Normal
67.56353909120662,54.005079111001024,624.5106480249406,High,HTTPS,2828.318139851355,1,0,0,Normal
59.28220785710437,42.37010530629918,462.17051599033573,Medium,HTTPS,1682.7618222917604,0,0,0,Normal
47.38332593060477,37.88496265799601,410.3137354324491,Medium,HTTP,1765.7169040515087,1,0,0,Normal
74.26300178311067,64.37095076264167,518.7271886942352,High,DNS,1600.8058529573248,1,0,0,Normal
58.661483289906755,45.70707696297946,393.75798496196524,Medium,HTTPS,1958.6311048996915,1,0,0,Normal
59.79684828867903,52.00725324176154,479.49011414944084,Medium,HTTPS,2362.732924642815,0,0,0,Normal
34.41562403560965,27.940129381562357,212.48778081074664,Low,HTTP,1003.4927520318688,0,0,0,Normal
59.86262201273348,50.66641608261096,421.871812270513,Medium,HTTPS,1565.7048670554789,0,0,0,Normal
80.03911456733476,62.38249112054427,651.3146870402027,Critical,DNS,2198.364677169104,1,0,0,Normal
53.75002335225872,41.306628266694176,375.86514522109974,Medium,HTTPS,1374.5971418622455,1,0,0,Normal
80.9197042828481,66.41452992391021,675.0354163087942,Critical,DNS,2855.2962262310944,0,0,0,Normal
73.55330026257434,54.941861987308734,826.5325363538112,High,FTP,2528.33540662627,1,0,0,Attack
73.91344905590813,57.79243112145905,551.1017171775322,High,DNS,2315.9964446503063,1,0,0,Normal
63.820019590784796,52.683311105067666,554.990859000699,High,FTP,2745.515292030548,1,0,1,Attack
50.54852271961863,39.41336430174179,342.22373841301084,Medium,HTTPS,1656.245571172284,1,0,0,Normal
76.2238234031247,63.54639929371858,712.563271586797,High,SSH,2833.9310470658834,2,1,0,Attack
54.08999375082203,45.47470205795762,671.9739462019427,Medium,SSH,2040.522008533847,2,0,0,Attack
54.5679921298688,43.55844384125392,529.8450259444486,Medium,HTTPS,1858.436498246468,1,0,0,Normal
67.64945910173992,48.87639500095509,522.1165592492312,High,HTTPS,2210.3838882024447,0,0,0,Normal
63.91404247573519,49.265461822339795,706.139726393465,High,FTP,3010.8371253726186,1,0,1,Attack
70.10448094806634,53.90880289945573,618.4713615874999,High,DNS,2352.4376687887257,0,0,0,Normal
72.21690134101664,61.31421872100138,476.8116901398996,High,DNS,1671.2333884285385,0,0,0,Normal
59.47249371529324,52.834919721083246,491.143724097048,Medium,HTTPS,1999.6864348462752,0,0,0,Normal
36.74849577488203,29.71920078216288,191.64584047473917,Low,HTTP,682.7338536440983,0,0,0,Normal
51.242430836900894,41.852909687121716,509.11921585971106,Medium,HTTPS,2049.56064466118,0,0,0,Normal
50.693397214045035,43.23566317788491,497.75779012766577,Medium,HTTPS,1984.5168826399488,1,0,0,Normal
74.70859694520186,57.08482233388449,695.2737629327845,High,DNS,2704.072810308287,1,0,0,Normal
86.5177618447342,71.83858431021231,586.4451768619473,Critical,DNS,2714.653931705796,0,0,0,Normal
62.61565124368644,44.36961643143775,371.8231162522539,High,HTTPS,1436.933231773026,0,0,0,Normal
65.02883062086767,58.35817542349128,431.9792262662041,High,HTTPS,1513.6972051187113,0,0,0,Normal
75.8656485103711,67.7297758303008,612.5860076015516,High,DNS,2304.3028334001438,1,0,0,Normal
59.22993337335356,51.66384477494048,504.8811334925823,Medium,FTP,1634.8035196616981,2,0,0,Attack
79.10000944939384,60.99661547478987,833.291392808843,High,SSH,3081.5653311975966,4,1,0,Attack
32.580795137437235,24.02922486659787,321.48740217362064,Low,HTTP,1140.5313748211622,1,0,0,Normal
89.22601036945707,68.32174025144813,856.4932273486497,Critical,DNS,3184.990227964701,1,0,0,Normal
97.82783971473691,80.51081090876062,928.1066643156934,Critical,FTP,4402.369547898164,1,0,1,Attack
81.67771175401867,57.65602376654714,415.8638693823473,Critical,DNS,1690.1300472935825,1,0,0,Normal
51.339854063407984,42.11143590773993,321.83793825510713,Medium,HTTPS,1181.9120437963775,0,0,0,Normal
51.25818076478026,45.860468167617825,614.3591617319692,Medium,FTP,2131.0217570073314,1,0,0,Attack
49.71465372669627,43.94604955332926,405.64646362646045,Medium,HTTP,1516.62297874351,1,0,0,Normal
66.89539647464699,53.36308597449897,468.87524143466305,High,HTTPS,2050.4956776186837,0,0,0,Normal
31.768997423132532,22.354600731353415,198.95474796314178,Low,HTTP,803.5093562218207,0,0,0,Normal
76.07453610442462,57.1130307712281,784.1553158647419,High,FTP,3759.0689031490215,4,0,1,Attack
88.40867633247399,72.79134181590813,566.3629471359478,Critical,DNS,2525.3437207969764,0,0,0,Normal
95.18971525933011,78.66285748405969,920.0385313176475,Critical,FTP,3799.006956030954,2,0,0,Attack
69.31281726414454,54.08917419856947,717.5783450253908,High,SSH,2596.637892759944,3,1,0,Attack
31.09826445208455,23.3393023516509,224.62433985308527,Low,HTTP,1117.5807739857341,0,0,0,Normal
45.225287050707266,36.50354221235487,410.3062640768333,Medium,HTTP,1256.5614649297913,0,0,0,Normal
67.00519734793488,50.6725248023435,479.8512408742582,High,HTTPS,1720.6767377533836,1,0,0,Normal
67.91393882129341,54.50568210787798,425.15776321388915,High,HTTPS,2023.6783089110404,1,0,0,Normal
54.108970029774355,43.21636229210838,373.56817610148585,Medium,HTTPS,1237.747351248826,0,0,0,Normal
45.15052942209877,35.62024718083659,252.61685650889075,Medium,HTTP,909.7689078273852,1,0,0,Normal
62.14468006422976,53.62463603484896,419.1758903417782,High,HTTPS,2005.7232468068057,0,0,0,Normal
46.8743029255711,36.86458295419919,298.5506976608543,Medium,HTTP,1168.4257010409654,0,0,0,Normal
60.770965668634744,45.60312344268327,413.0359901443653,High,HTTPS,1707.6294589669124,1,0,0,Normal
69.6073826668362,54.0264582585616,851.4185150287086,High,FTP,3760.04683975162,4,0,1,Attack
56.67660802711907,41.022511034520626,434.16301586234846,Medium,HTTPS,1498.0203338479778,0,0,0,Normal
78.86995948530966,60.71460364887175,526.9267680666878,High,DNS,1938.9773669134167,0,0,0,Normal
55.93683950501145,42.219283374461924,345.2268536860554,Medium,HTTPS,1539.5547451370762,1,0,0,Normal
45.1229165487166,34.828756191936,308.95437945548866,Medium,HTTP,1509.4671044134045,1,0,0,Normal
52.847966072004056,46.207024582435274,445.66984862800047,Medium,HTTPS,1736.4424638560815,1,0,0,Normal
37.13990548742004,29.950149220920057,282.1382907744331,Low,HTTP,1197.7168180755946,1,0,0,Normal
50.9419354786678,39.08460192705572,483.1563752485875,Medium,HTTPS,1854.7023514830262,1,0,0,Normal
46.43011518739513,34.67721578802279,401.4903492139171,Medium,HTTP,1497.9481996761892,0,0,0,Normal
51.55920886230888,39.90053862393648,403.34542865612076,Medium,HTTPS,1719.6136749318355,1,0,0,Normal
92.30162492618547,77.28620272800828,804.2554474760013,Critical,SSH,3946.576900717557,1,1,0,Attack
61.92427655259962,49.778782330401214,615.4239697801593,High,HTTPS,1966.2872299022006,1,0,0,Normal
50.171477937401505,44.11969925570264,258.6962341077912,Medium,HTTPS,847.2259007749035,1,0,0,Normal
44.060713492071955,37.27042339256352,284.8364870956711,Medium,HTTP,1352.5386427840817,1,0,0,Normal
52.16340691238656,42.40458519584767,490.31374290736875,Medium,HTTPS,2371.0875618456844,1,0,0,Normal
71.1966700146877,54.24198325641015,411.75000644203334,High,DNS,1907.4966541985168,1,0,0,Normal
61.15961510564375,54.89278799535997,397.74826470367447,High,HTTPS,1929.3764400948132,0,0,0,Normal
83.81343187109451,59.193206255609006,793.0679091712869,Critical,DNS,3618.0896074897582,1,0,0,Normal
83.76636308399611,63.54394434550476,810.1665976812159,Critical,FTP,2996.7295409915027,4,0,0,Attack
73.87547347359941,64.71365249991936,778.8763433887883,High,SSH,3265.754209328183,1,0,0,Attack
48.558371811013785,35.51224492462949,414.71454155298386,Medium,HTTP,1512.063145177821,1,0,0,Normal
89.25997441550862,67.84988476266011,546.7985152796615,Critical,DNS,2423.083346404317,0,0,0,Normal
31.874892606647336,28.00183926291147,213.5446703463697,Low,HTTP,949.0689084627833,1,0,0,Normal
57.575635395987774,45.563395992435034,697.9637772035549,Medium,SSH,3005.5313957462104,2,0,0,Attack
82.7948740919237,67.34813040174562,804.2959294170079,Critical,DNS,3731.8963693268383,1,0,0,Normal
39.39931426968542,33.15930822730251,285.27595076621344,Low,HTTP,1362.6382140604196,1,0,0,Normal
48.041354056913406,35.79255630239055,389.75241606029084,Medium,HTTP,1471.9216370305453,1,0,0,Normal
93.54761041991878,71.84255618626375,863.8888320151663,Critical,SSH,3913.014197747907,1,0,0,Attack
57.409777655411744,48.56606068144959,391.9608623645327,Medium,HTTPS,1859.6568743170212,1,0,0,Normal
64.03007241839077,56.895381603143605,522.3856844731794,High,HTTPS,1892.996247436417,0,0,0,Normal
72.48643669528974,57.23712398200182,708.0327705938281,High,DNS,3473.012768322176,1,0,0,Normal
53.510912660713075,44.12050184543217,493.64279536747057,Medium,SSH,1803.2678179170227,2,1,0,Attack
50.39355852204608,39.50210274629957,286.6112866064347,Medium,HTTPS,1420.3475722521914,0,0,0,Normal
83.78635485903942,64.77497439591788,985.1774241814657,Critical,SSH,4051.830599569492,1,0,1,Attack
86.57184407682507,71.53757962122569,830.1932188940472,Critical,DNS,3961.822600941149,1,0,0,Normal
56.887588595127454,50.67045009786314,516.6327784386498,Medium,HTTPS,2438.723231414571,1,0,0,Normal
67.3542291747799,48.4614515768238,648.4103407258166,High,HTTPS,2872.129810344643,0,0,0,Normal
55.16161929119335,40.129987072252696,491.23400912426524,Medium,HTTPS,1770.9894449085136,1,0,0,Normal
51.92908142940723,45.43002168255247,350.37918577075914,Medium,HTTPS,1641.5195614338727,0,0,0,Normal
67.90131381887477,59.99663566271513,542.0060444693535,High,HTTPS,2117.8819248364766,0,0,0,Normal
87.21355931513244,75.28847654732337,576.9250167430253,Critical,DNS,2338.5857010814875,0,0,0,Normal
35.85037274082424,31.730260046604975,307.5424890709984,Low,HTTP,1260.4514565383613,1,0,0,Normal
38.24950529684429,32.74977531847883,329.3624490388668,Low,HTTP,1111.8109990439825,1,0,0,Normal
82.45421890031139,63.48072248271329,681.5134673210133,Critical,DNS,2370.302820363914,0,0,0,Normal
85.07573545375635,69.70173850358401,774.179476205374,Critical,DNS,3333.5889268477617,0,0,0,Normal
78.9797176214779,60.388157317964065,745.6794649397617,High,DNS,3252.3780234040423,0,0,0,Normal
85.5224279758113,72.10738627037713,593.6444230005227,Critical,DNS,2295.392150477348,1,0,0,Normal
76.86430502290023,64.90696890401826,678.2380251925431,High,DNS,3099.881262435388,0,0,0,Normal
60.96715970154037,50.64019085506353,770.7282648975398,High,SSH,2890.3408529702533,0,0,0,Attack
75.78713824274018,65.47974121847102,697.1166673384789,High,FTP,2585.6789057175138,3,0,0,Attack
49.38100744060648,43.3395464443984,482.10161842663524,Medium,HTTP,1868.6100920413653,0,0,0,Normal
72.94202226381458,56.72376856369614,483.7845221712771,High,DNS,2308.82944549608,1,0,0,Normal
73.33073219622747,62.547700414868316,725.1782800340015,High,DNS,3250.3593486877467,0,0,0,Normal
69.18427118616819,60.49816057150211,538.3907500119726,High,HTTPS,1828.8813968060474,1,0,0,Normal
79.19862949071103,60.37907218868062,746.876598984321,High,DNS,2805.4743184762015,1,0,0,Normal
83.296854543878,74.17716693667873,774.7480200809803,Critical,DNS,2915.7135878830545,1,0,0,Normal
53.296665501839016,40.78783755371995,456.9515062388435,Medium,HTTPS,2144.6439589940005,0,0,0,Normal
85.88603253338079,76.91659513937239,759.3724933076277,Critical,SSH,3032.0401258279776,4,0,0,Attack
82.33489000140253,66.79659013441241,758.5061065538309,Critical,DNS,2435.60459511515,1,0,0,Normal
58.71256451134286,51.50365565436008,626.7651404999945,Medium,FTP,2875.897237077809,1,0,0,Attack
97.15474675314908,84.72301085623296,941.6635294223952,Critical,FTP,3068.193404426867,4,0,0,Attack
49.58943398989504,41.80138436661065,384.12754350906016,Medium,HTTP,1541.7670286476823,0,0,0,Normal
98.66974595483043,75.04016646030237,786.0109423298255,Critical,SSH,2575.176161819874,2,1,0,Attack
63.383783472381765,55.04869069200093,392.66230168755783,High,HTTPS,1881.3987179994106,1,0,0,Normal
93.16507931318483,73.67017140540024,970.0009874737289,Critical,FTP,4387.194146940791,2,0,1,Attack
81.61257279018173,65.72697048049152,685.878209688382,Critical,DNS,3348.1649415800703,1,0,0,Normal
72.88482446761918,59.025504097726106,522.331127859383,High,DNS,1963.3252780943296,0,0,0,Normal
48.15554778459045,35.51782683357891,429.84745877073345,Medium,HTTP,2061.707916970773,0,0,0,Normal
80.54940716494457,60.2348346344389,553.8058780396102,Critical,DNS,2341.114785193096,0,0,0,Normal
57.22462949153851,47.5305710457205,387.56882250269507,Medium,HTTPS,1397.6949604392003,0,0,0,Normal
61.60604757358669,51.51269837302683,442.942440566027,High,HTTPS,2139.278456221286,1,0,0,Normal
62.953884552262025,49.523373072391685,593.7233527543749,High,HTTPS,2271.0267496088195,0,0,0,Normal
41.26937684806762,35.36988515986675,359.2656178525896,Medium,HTTP,1372.0455828022677,1,0,0,Normal
44.33995514489652,34.36409725900163,265.7005966042569,Medium,HTTP,1267.1894325665273,1,0,0,Normal
69.1789189447627,53.33075488707375,476.6904096683037,High,HTTPS,1881.1563414926975,1,0,0,Normal
70.84890397243726,55.800364853860096,489.46580046002873,High,DNS,2382.03180772351,1,0,0,Normal
65.99833477128414,57.8966000859754,809.3912043572783,High,FTP,2470.10648075506,1,0,0,Attack
77.11475089687156,65.40990460438336,576.9770432091223,High,DNS,1774.029991885944,0,0,0,Normal
52.5042761999066,38.83710122407188,290.2245660813944,Medium,HTTPS,1037.7208477235924,0,0,0,Normal
51.27314953992027,39.76886768924355,459.9812548240696,Medium,HTTPS,1491.7098783951624,0,0,0,Normal
56.279017988345004,43.691848152156524,317.73295170924627,Medium,HTTPS,1471.5214514609622,0,0,0,Normal
83.17300407630682,72.305396567672,626.643124421364,Critical,DNS,2244.4009226858752,1,0,0,Normal
74.46456291556387,59.5182087726945,423.7517535638508,High,DNS,2098.2054844632626,1,0,0,Normal
41.90821796801174,30.220245196379626,397.2261276647705,Medium,HTTP,1712.598636079923,1,0,0,Normal
52.68826693558367,45.25119523950214,464.0355723383411,Medium,HTTPS,2160.8135182095634,1,0,0,Normal
52.90304120731889,38.398452187062944,513.3676164860019,Medium,HTTPS,2089.1515090183657,0,0,0,Normal
80.80119638820179,64.75153500298826,557.2808373710841,Critical,DNS,1912.2048551996625,1,0,0,Normal
59.78469667585159,43.500899337628226,567.4122326429817,Medium,HTTPS,1958.0506388001033,1,0,0,Normal
36.33164086895704,31.94056697712433,293.1345978416289,Low,HTTP,1001.5514846797712,1,0,0,Normal
87.65430068990099,74.70667320971573,771.1366284422887,Critical,FTP,2695.46537996952,2,0,0,Attack
37.74808013353322,33.52623508832133,361.40941795127026,Low,HTTP,1216.1693091170862,1,0,0,Normal
60.41055540277739,46.87119177482325,426.6584315442168,High,HTTPS,1836.5443416357564,0,0,0,Normal
38.287798164237756,33.679368021366145,269.8359720208998,Low,HTTP,1101.2066643473356,1,0,0,Normal
83.7417376137455,68.89700909765028,789.1063888836618,Critical,DNS,3658.317732846239,1,0,0,Normal
75.68627878514235,57.56936194843475,557.4834206034367,High,DNS,2504.7370055627352,0,0,0,Normal
86.447207140518,76.33027782298548,835.640843054008,Critical,DNS,2725.333863814376,0,0,0,Normal
52.76325533998488,41.28755767936294,270.65016182493247,Medium,HTTPS,1206.5953263546955,0,0,0,Normal
83.89113218443526,65.59471415742505,435.12184900230847,Critical,DNS,1807.030461593202,1,0,0,Normal
66.81960654590512,58.59570455972569,430.2479292866858,High,HTTPS,1816.6238054894768,1,0,0,Normal
48.18942695754231,38.29269335487195,270.21976778488937,Medium,HTTP,1060.8717875452107,0,0,0,Normal
84.89095604527392,75.26937247744554,770.6645493571194,Critical,DNS,3221.877781036318,1,0,0,Normal
64.7517647271161,45.661700677018416,617.9119990960107,High,SSH,1890.2178975945658,4,0,0,Attack
54.5708507540985,38.6072272712227,539.0913658472132,Medium,HTTPS,2446.524643759702,1,0,0,Normal
83.07714571532415,62.935747586914914,687.7530576473,Critical,DNS,3252.5038907412827,1,0,0,Normal
58.38855806654465,42.29071416285984,533.7544335194726,Medium,HTTPS,2063.9165400751262,1,0,0,Normal
85.99784941980033,74.22745455868447,659.92683194422,Critical,DNS,2465.376993477096,0,0,0,Normal
41.55423733755015,31.504866071386516,452.57836998666005,Medium,SSH,1538.3454586806681,1,0,0,Attack
32.24093121723854,28.86045951079006,197.54366676287657,Low,HTTP,891.7286754665189,0,0,0,Normal
47.26736834185431,39.285775645251896,285.57701970631126,Medium,HTTP,1354.8972271743844,1,0,0,Normal
37.28939143176831,32.27981784187724,232.63402817492798,Low,HTTP,832.9507999015904,0,0,0,Normal
78.93945625201013,63.7002248797037,466.744069766844,High,DNS,1993.2134565465321,0,0,0,Normal
47.4487615941689,35.260658807905834,391.98416975370617,Medium,HTTP,1865.4102312177574,1,0,0,Normal
98.54490631485533,73.4242644101152,959.047676025562,Critical,SSH,4338.044368073193,4,0,1,Attack
69.34184209996602,51.428728647508386,630.3218512967094,High,HTTPS,2554.095143956192,1,0,0,Normal
79.69706076546572,59.73649054265881,695.9417157118747,High,DNS,2982.7173373666815,1,0,0,Normal
62.085116508824285,45.72614556404194,350.99352890365174,High,HTTPS,1305.5815204939752,1,0,0,Normal
42.93938317816355,35.65894154994665,371.22560524726975,Medium,HTTP,1407.6349460956687,0,0,0,Normal
43.525295692670625,35.17288923954945,343.0804966657935,Medium,HTTP,1260.625451977013,0,0,0,Normal
42.50084692024757,36.70384188753047,342.3732276068521,Medium,HTTP,1528.9046417673933,0,0,0,Normal
44.86333863096661,38.102143764361315,328.17074776337427,Medium,HTTP,1011.3957246943221,1,0,0,Normal
40.95220949231589,29.736913992809882,325.6364843102013,Medium,HTTP,1194.0934945359922,0,0,0,Normal
69.13451645537862,58.47491671280394,355.8769420431518,High,HTTPS,1499.1764303196378,1,0,0,Normal
62.43067402392626,50.89928981269335,552.2363774487418,High,HTTPS,2592.9400140462367,1,0,0,Normal
79.08077989413869,65.0223686048872,737.2649741792475,High,DNS,3659.1229123357516,1,0,0,Normal
74.78806254999654,59.276713357749514,536.0042565929512,High,DNS,2462.4745339318665,1,0,0,Normal
37.841095961302926,30.95647141828261,258.8173775819823,Low,HTTP,1201.7630974933688,0,0,0,Normal
73.74409069836474,52.05625308623967,442.2930478775998,High,DNS,1387.2860004476306,1,0,0,Normal
64.58789181029715,55.14667588637559,567.4181685143607,High,HTTPS,1823.445004227222,0,0,0,Normal
66.66816143668257,58.19579826133518,624.0839362031211,High,HTTPS,2175.4912916337735,1,0,0,Normal
67.77877646498382,53.32014306324138,637.2612274121661,High,FTP,2857.507805026144,3,0,1,Attack
65.41946234807256,50.60740909020029,534.8798894424272,High,HTTPS,1642.7925035723767,1,0,0,Normal
41.771218249195954,30.906815845318704,592.533719066637,Medium,SSH,2471.1824396818747,4,0,0,Attack
86.14712451839296,73.34638414387797,958.8018199037547,Critical,SSH,4104.9764076902875,3,0,0,Attack
91.87522052759505,80.33954847884631,901.0192298766904,Critical,SSH,3999.47922811269,2,0,0,Attack
56.00371315696975,42.45372699093276,460.0526275339992,Medium,HTTPS,2038.9559041305006,0,0,0,Normal
52.07501532619062,43.06845071315307,354.06766933521686,Medium,HTTPS,1225.3457325264203,1,0,0,Normal
41.972093279182445,36.76290215153829,292.9503576439043,Medium,HTTP,1413.7545870751926,1,0,0,Normal
85.4225154487358,72.80803021474537,771.141458649673,Critical,FTP,2357.1456188731217,3,0,0,Attack
82.33258984575514,66.29460629823443,713.3312156445942,Critical,DNS,3356.4600461344785,1,0,0,Normal
47.41560120455688,39.28796176703571,246.7886249760217,Medium,HTTP,1111.7421379149182,1,0,0,Normal
68.1139013212669,52.581711634075184,454.1413350963149,High,HTTPS,2259.944913881066,0,0,0,Normal
82.76675247292587,64.49068191854009,664.7465357360012,Critical,DNS,3093.287456466479,0,0,0,Normal
75.6984999760607,58.09428794637317,699.3300808061174,High,DNS,3153.7477185157586,1,0,0,Normal
71.56147555579082,60.58114036314946,909.0139662868497,High,SSH,3516.7171967945965,2,0,0,Attack
78.57616967172362,55.64700837708951,906.0328976765525,High,SSH,2862.8001381632503,0,0,0,Attack
51.59022144129267,39.55397731838031,469.89482460406214,Medium,HTTPS,2072.013908475414,0,0,0,Normal
53.75575333695451,44.147589319488205,287.13320448557556,Medium,HTTPS,1179.1542584738154,1,0,0,Normal
50.232915968263114,43.67925074452805,277.9867388518894,Medium,HTTPS,1248.5205971887729,0,0,0,Normal
83.96824154046044,75.26161009774953,721.8406531218953,Critical,SSH,3166.06078933696,3,0,0,Attack
42.45757566030079,36.488602757245744,569.8102245933442,Medium,SSH,2484.385160644979,4,0,0,Attack
50.00857263265061,43.22383940947059,258.9606074557372,Medium,HTTPS,1022.5428629332765,0,0,0,Normal
66.37877759480034,47.3717227337588,526.1405452203932,High,HTTPS,1834.0144789922515,1,0,0,Normal
80.86033372295788,58.329267513586856,663.3297982909686,Critical,DNS,2757.5150094454934,0,0,0,Normal
88.8931269144814,66.54446454749908,764.22286209233,Critical,DNS,2906.4866931886872,0,0,0,Normal
77.82397268172645,66.02620599998131,667.730810079188,High,DNS,2185.8847851427017,1,0,0,Normal
79.29857902752701,56.074639900139246,487.83833100774916,High,DNS,1758.8392751544843,1,0,0,Normal
34.097296381078195,27.8593143453115,326.1337031933114,Low,HTTP,1600.081570874111,1,0,0,Normal
36.407470120393555,30.15033913630061,187.19781703627498,Low,HTTP,736.3107878131763,1,0,0,Normal
44.57686051988276,37.617694562846964,412.9301460134457,Medium,HTTP,1760.7709911511304,1,0,0,Normal
74.52133985760156,62.83643683795358,652.9625778437786,High,DNS,3166.823082505336,0,0,0,Normal
42.1398917400802,31.439591685858225,618.9024508069729,Medium,FTP,2258.96815572805,4,0,0,Attack
65.11604117185925,57.47088805474337,594.7265690025108,High,HTTPS,2848.648779479636,1,0,0,Normal
68.44082027615514,48.29661165331734,600.5116933890417,High,HTTPS,1816.6280477586229,1,0,0,Normal
73.16516769547889,63.69270602973271,524.725282658458,High,DNS,2014.8468802204932,0,0,0,Normal
72.96017338667298,62.051426653419874,393.93182496293196,High,DNS,1712.3846865276435,0,0,0,Normal
43.82301226432901,39.33686389293079,373.5393570282944,Medium,HTTP,1648.2747050583864,1,0,0,Normal
84.77755874191644,73.36085060355532,658.4345359760824,Critical,DNS,3013.034087545854,1,0,0,Normal
31.700903605960775,26.97642208186713,276.69305752253166,Low,HTTP,1302.6207615825176,0,0,0,Normal
91.1599537152506,71.73118185695321,971.6903776602016,Critical,SSH,4453.168659163793,2,0,0,Attack
75.1450624626159,53.80167665066845,631.2226726961379,High,DNS,2501.7019812612793,1,0,0,Normal
89.28909169224426,75.08790259137258,658.2040285370263,Critical,DNS,3116.319968670395,1,0,0,Normal
79.60001098952489,64.52890643381022,494.67191060871454,High,DNS,2052.9539787225935,1,0,0,Normal
75.2900928362942,63.93104286414415,594.2421076606612,High,DNS,2577.6176340244538,0,0,0,Normal
56.061490600404795,47.01369168859342,392.87788153112666,Medium,HTTPS,1377.1129108659072,0,0,0,Normal
34.791264605446486,29.08557402931582,197.75370501467955,Low,HTTP,788.4651982494656,1,0,0,Normal
82.28580950351898,65.40604833634183,735.963119958227,Critical,SSH,3234.268182580781,3,0,1,Attack
63.19936253137712,47.30970392724986,617.1755046113011,High,HTTPS,2832.3367271158904,0,0,0,Normal
74.73886585510627,60.965090468565556,548.084391580285,High,DNS,1681.50366460241,0,0,0,Normal
71.58281300633462,55.85744729286009,584.1317236780847,High,DNS,2336.194203168924,1,0,0,Normal
70.8006624004338,51.497582583240735,681.4440633798064,High,DNS,3272.4387403597775,1,0,0,Normal
58.45927529051551,44.46046092535766,387.2866087923174,Medium,HTTPS,1748.243316890237,0,0,0,Normal
54.57364457004587,48.60445289199224,717.0642948128967,Medium,SSH,3296.427217779902,4,0,0,Attack
64.71239871403668,51.33848134435486,327.6281181240906,High,HTTPS,1181.6127043646575,1,0,0,Normal
54.09577640341013,44.70523235297887,384.0547016679415,Medium,HTTPS,1515.918850959086,0,0,0,Normal
38.20805415060022,33.81386214829014,319.696931914669,Low,HTTP,1552.0154299941505,1,0,0,Normal
48.16119788216554,36.84311569173826,410.8856281723623,Medium,HTTP,1875.9720342017251,1,0,0,Normal
87.18640439859882,76.63550828884168,779.4589191604109,Critical,DNS,2664.0100908922996,1,0,0,Normal
67.99989970029856,47.77083741677152,830.3282561594058,High,FTP,3318.1703179455485,2,0,0,Attack
67.92267710290616,53.25010763886754,608.4019421000241,High,HTTPS,2578.103124799647,0,0,0,Normal
85.49791320183431,71.36430605367511,633.3821822592938,Critical,DNS,3095.744433255503,0,0,0,Normal
49.49874989746604,41.64125126387627,462.14266725956264,Medium,HTTP,1787.7521852320358,0,0,0,Normal
83.69538513761654,71.77764088498373,659.1288844526475,Critical,DNS,3262.0048685472084,1,0,0,Normal
30.75400534698929,26.78003041072508,256.6156990414404,Low,HTTP,1063.022977252734,1,0,0,Normal
55.19438533698121,47.37283913257833,345.68150833247483,Medium,HTTPS,1246.0806968228756,1,0,0,Normal
70.40718555974308,56.067099345834535,525.7845069624257,High,DNS,2607.7579496521575,0,0,0,Normal
82.37759347539395,71.9533722875869,899.0987498052916,Critical,SSH,3803.604475534058,4,0,0,Attack
77.28171547438251,62.98562218290619,693.4472368410906,High,DNS,2880.7702226439965,1,0,0,Normal
81.23456221626839,67.73058064001953,419.9755542479557,Critical,DNS,1671.3753074835836,0,0,0,Normal
77.48727253696416,58.15569572605903,581.0442120624947,High,DNS,2012.6972637558883,1,0,0,Normal
68.89791460955166,55.0295021884987,854.911164399099,High,SSH,3048.9032032012988,4,0,1,Attack
92.03741546205492,77.26178700551587,1008.5674480178644,Critical,FTP,3456.917315745448,1,0,1,Attack
64.50397534375952,55.40370121386141,580.0705863798603,High,HTTPS,2689.1101229103037,0,0,0,Normal
80.12966941227205,56.635368924579815,722.1583465610435,Critical,SSH,3383.7482663176843,0,0,1,Attack
45.155798450578004,36.122066917216834,332.7014952352829,Medium,HTTP,1647.8779757428933,0,0,0,Normal
59.613212534895865,52.472812439898384,574.4695773019165,Medium,HTTPS,2143.82591460517,0,0,0,Normal
71.83818977631745,61.16362027429701,640.3798773833561,High,DNS,3104.758193081144,0,0,0,Normal
77.67575216224941,66.7787394862896,469.504954508056,High,DNS,2009.2415549816405,1,0,0,Normal
42.038946397697146,31.977205536043527,514.8943153070466,Medium,FTP,2049.665169345796,1,0,0,Attack
59.98291353491368,47.66927951128567,485.48668058025584,Medium,HTTPS,2335.775382257838,1,0,0,Normal
94.06635479936085,83.29242717474563,1114.2404366371152,Critical,FTP,5324.605867176425,3,0,1,Attack
85.4224450730544,73.1701275128342,812.5641185047853,Critical,FTP,3087.047533104839,1,1,1,Attack
77.91345803823788,57.79439897583757,769.193527810182,High,DNS,3042.1226522510774,0,0,0,Normal
48.19700498817838,38.539361921940234,378.64417254706433,Medium,HTTP,1224.1330373050616,1,0,0,Normal
58.414291847657296,48.11877190282254,380.38034800870304,Medium,HTTPS,1316.8151779412337,0,0,0,Normal
95.63937983693904,85.00084297508617,1146.7692859864574,Critical,FTP,3643.926730015944,4,0,0,Attack
86.97038097045152,68.43176498780691,902.3866109039548,Critical,SSH,3523.8847595088555,1,0,0,Attack
42.53305307334813,38.062674450411954,335.40231938738236,Medium,HTTP,1588.8610643115576,1,0,0,Normal
59.88645309844287,48.762368100278636,446.10865960844916,Medium,HTTPS,1677.8142895915062,0,0,0,Normal
67.12499482993735,51.046594601378686,413.4784483613744,High,HTTPS,1660.5160460045627,0,0,0,Normal
86.62921629147604,77.61758308919083,555.7998853739515,Critical,DNS,2520.6176889688713,1,0,0,Normal
66.05196697157226,54.36383055832688,600.8614518439504,High,FTP,2154.216896537752,4,0,0,Attack
88.46890853172226,72.13997712032388,804.1453498424439,Critical,DNS,3090.7043963984024,0,0,0,Normal
64.27411665266845,51.28879535127055,592.222404541385,High,HTTPS,2602.917349765977,1,0,0,Normal
48.14122249412321,35.93227799550333,475.7583334753249,Medium,HTTP,1459.8515504482516,0,0,0,Normal
88.79239964968292,67.18334146598212,606.4155553243438,Critical,DNS,2941.495025980194,0,0,0,Normal
66.91390605396009,49.70065129012757,643.7631198368448,High,HTTPS,2362.566011785448,0,0,0,Normal
64.62823714318802,55.811863589471926,529.8690737870877,High,HTTPS,2551.1518027663606,0,0,0,Normal
59.39089958294062,51.58458538174514,442.5734513143883,Medium,HTTPS,1376.4159989248758,0,0,0,Normal
43.917940595856635,39.31983082040775,418.4505596957748,Medium,HTTP,1310.1177978538265,0,0,0,Normal
46.99017617851496,36.33203084314538,443.90287511483797,Medium,HTTP,1932.5377057710461,1,0,0,Normal
52.82655827944836,46.742560135992036,569.6727677260243,Medium,FTP,2829.4380339222225,3,0,0,Attack
79.0749773933203,65.4700450424585,584.1566934509376,High,DNS,2201.2376671546945,0,0,0,Normal
80.56812951472239,64.2994040741056,449.7590435688725,Critical,DNS,1899.9425792387274,0,0,0,Normal
98.59067356257583,86.87025215601788,806.7856890729277,Critical,FTP,2968.702207250457,4,0,0,Attack
61.955062512133736,54.38840783807915,537.2769645953747,High,SSH,1671.3101815653063,1,1,0,Attack
85.44920770000317,66.64306164038553,620.5902688453006,Critical,DNS,2307.9266846968285,1,0,0,Normal
68.38468704256229,54.399682926140635,638.9146633583721,High,HTTPS,2324.5658412789,1,0,0,Normal
59.4224780743707,42.9799084558232,410.1635286344088,Medium,HTTPS,1291.5406560361535,1,0,0,Normal
84.33611522355932,62.930243705246596,635.8874745451615,Critical,DNS,1908.6428130295901,1,0,0,Normal
83.36059863111586,59.83255905552654,736.723740949259,Critical,DNS,3177.4867099761823,0,0,0,Normal
63.97429923876189,50.5721446742954,613.468137030739,High,SSH,2739.5547487657295,2,0,0,Attack
58.64852766942931,51.2422726363375,416.91256915182026,Medium,HTTPS,1530.8880021232942,1,0,0,Normal
46.988132346305065,36.46748551993913,598.8315853544236,Medium,SSH,2251.071921998838,2,0,0,Attack
43.85514274079469,35.15414026764306,226.78293507408364,Medium,HTTP,1049.7202437504652,1,0,0,Normal
35.3267612207128,30.1518051704123,340.0753582546506,Low,HTTP,1180.9832144149216,1,0,0,Normal
57.152162396741915,43.35113830389149,381.4807767860811,Medium,HTTPS,1560.5449235719996,1,0,0,Normal
92.11539149880991,72.25038365090383,1078.4776236276628,Critical,FTP,5382.9132181663235,1,1,0,Attack
52.82997449976392,44.351654601276685,278.6818652956823,Medium,HTTPS,1333.477811861078,0,0,0,Normal
60.479027570982,42.74943670517199,322.1836261845887,High,HTTPS,1319.2482488408425,0,0,0,Normal
76.05351972713834,67.31212548895705,637.6164967985853,High,DNS,1928.0953011498398,1,0,0,Normal
47.55642036579957,36.475444668183115,471.61437677737,Medium,HTTP,1974.5020614024666,0,0,0,Normal
55.303945872619806,48.74867704054838,382.7353159005918,Medium,HTTPS,1636.2205619108233,1,0,0,Normal
71.85505967720019,51.08915143799283,579.2158378383656,High,DNS,2216.277782339413,0,0,0,Normal
42.05418682533491,29.988329035530864,481.7279805145288,Medium,SSH,2069.6156939093066,0,0,0,Attack
95.51877834368497,79.79175219435142,704.0299260163899,Critical,FTP,3357.6997031198653,1,0,1,Attack
50.09791982418392,44.92169133635748,340.53081687471513,Medium,HTTPS,1686.127060134491,0,0,0,Normal
84.44050024656462,65.59533559086249,556.9492956877962,Critical,DNS,2011.5952302202597,1,0,0,Normal
33.30085174588021,27.387807948118567,178.89577572593222,Low,HTTP,680.9728233094146,0,0,0,Normal
33.926350496913074,26.054305462359828,169.76251867960514,Low,HTTP,541.8546550417465,0,0,0,Normal
70.60544191819645,50.20544743172416,584.7889054846688,High,DNS,2781.007481185621,1,0,0,Normal
99.00333283701912,76.41989849091965,1057.7856279574899,Critical,SSH,3583.944642416186,2,0,1,Attack
53.04694571677828,40.51887031296564,354.34884131031936,Medium,HTTPS,1764.9179935464124,0,0,0,Normal
66.73069767508423,47.70472972355052,460.2928147399839,High,HTTPS,1800.6344519572724,1,0,0,Normal
50.38999256401439,35.28076375020806,457.1310100041976,Medium,HTTPS,1512.3008142403187,0,0,0,Normal
33.321152312419144,27.6998613222702,205.98389500809307,Low,HTTP,728.828529521959,1,0,0,Normal
61.567654242680874,52.12122958772703,675.7265512225516,High,SSH,2112.1315508839175,1,0,0,Attack
49.149123095412506,37.707030974513735,490.4117393289913,Medium,HTTP,2380.728185974076,0,0,0,Normal
44.465297317110526,34.501099355713194,620.7469269946071,Medium,FTP,2300.007382377397,2,0,0,Attack
30.04625296613085,25.92614374213746,232.4610365110992,Low,HTTP,834.2701737653404,0,0,0,Normal
69.38988660316681,51.853052340163046,351.09732240040483,High,HTTPS,1480.30740837551,0,0,0,Normal
73.97051534047932,59.84774193275444,589.3023092840144,High,DNS,2364.492156350127,0,0,0,Normal
60.15892410519882,54.09017943554703,692.5618348301432,High,SSH,2699.582999575564,4,0,0,Attack
62.7732058755646,55.14592543270262,643.5463421404808,High,FTP,2855.9308241610074,1,1,0,Attack
78.86233239827561,63.836764530019074,649.8715755057747,High,DNS,2112.472935739929,1,0,0,Normal
44.18131032568908,31.032557514812275,416.3267909203244,Medium,HTTP,1829.2706303073805,1,0,0,Normal
72.72269156412221,59.53579569839645,918.4032671881814,High,FTP,3419.9120295027647,4,0,0,Attack
99.73643681340036,82.53260730456194,851.2316446876952,Critical,SSH,3161.6850360482977,2,0,1,Attack
83.54839455874753,65.38782942153416,586.2034905544616,Critical,DNS,2273.741170894623,0,0,0,Normal
62.84127512597479,52.134586659325336,344.34491923207713,High,HTTPS,1120.6506542301606,1,0,0,Normal
30.71731883494067,26.936806540727098,288.4029843431856,Low,HTTP,1024.9325881498714,1,0,0,Normal
65.60062788339565,58.7221847566543,391.66163044250175,High,HTTPS,1476.5968322831632,1,0,0,Normal
68.25212312018266,51.95222171303222,679.23419117122,High,HTTPS,3288.1990527279704,1,0,0,Normal
54.79025455919327,42.77219760660692,398.86381639970597,Medium,HTTPS,1447.4834608674598,1,0,0,Normal
68.88699292692763,49.5424173354617,397.5199300111681,High,HTTPS,1733.5087123382393,0,0,0,Normal
83.07771214153036,72.73931369243408,527.186070046641,Critical,DNS,2624.817347933987,0,0,0,Normal
88.54400629075826,65.41770920867569,470.54926691863847,Critical,DNS,2183.3564358365584,1,0,0,Normal
48.35431048006285,43.42572918445446,465.96023828727533,Medium,HTTP,1870.1736836824527,0,0,0,Normal
54.196015061752405,42.87952165239394,366.5311134650271,Medium,HTTPS,1277.4165699284972,0,0,0,Normal
35.75517480352573,26.130753337173395,231.41287701193966,Low,HTTP,1052.5997954174209,1,0,0,Normal
92.66724907583921,69.85515954557587,945.0981937186957,Critical,FTP,4423.069300807928,1,0,0,Attack
41.64473446297052,29.674868984443524,313.6221793032217,Medium,HTTP,1515.7411252580891,0,0,0,Normal
99.42207687374321,88.03377258087835,920.3046807274917,Critical,SSH,4284.917665338134,1,0,1,Attack
67.3579769852222,51.900840617357964,778.9083600675302,High,FTP,3738.0789687196525,1,0,0,Attack
39.2473129897553,29.784237349374553,220.82506578194554,Low,HTTP,825.0420661875431,1,0,0,Normal
46.1483757494716,37.91657145983266,391.54976712400486,Medium,HTTP,1385.1550487934112,1,0,0,Normal
33.771580252214335,27.059000961806763,229.9640771552654,Low,HTTP,998.6191763328651,0,0,0,Normal
85.63649246436398,67.63541694628782,581.0965959539373,Critical,DNS,2286.2940170245124,1,0,0,Normal
51.156766905623954,43.165063671660576,368.16981282372,Medium,HTTPS,1429.304478088408,1,0,0,Normal
57.665807520243106,41.811173882563466,525.0105823478793,Medium,SSH,2540.264626224354,3,0,1,Attack
76.4869294577511,64.20185561985336,688.3348206174555,High,SSH,2514.5619420669896,1,0,0,Attack
60.37075635540532,46.628914629066514,418.08000606112864,High,HTTPS,1642.2432943427625,0,0,0,Normal
56.93900228725397,43.92415579095752,546.762288141714,Medium,HTTPS,2028.6133698402018,0,0,0,Normal
73.13404041713511,57.62053676178734,480.67653863000976,High,DNS,1692.7022339261657,1,0,0,Normal
37.518018114387814,27.217229580067848,315.22728517383877,Low,HTTP,1344.3541730084896,0,0,0,Normal
71.81500711954868,54.247771037101955,714.3654475844756,High,DNS,2954.9455602058797,0,0,0,Normal
51.71275685810542,40.18124099886786,470.5882406909977,Medium,HTTPS,1616.5038447305321,0,0,0,Normal
51.42742598138284,45.46718668941408,387.45303295922423,Medium,HTTPS,1872.9230332130546,0,0,0,Normal
56.362724251812324,42.99921660056265,350.1748140989361,Medium,HTTPS,1629.858888417469,0,0,0,Normal
37.63326754429727,31.464458317720993,333.86157463739585,Low,HTTP,1468.32611487265,0,0,0,Normal
56.61463061667746,50.833824773407606,720.8560624493725,Medium,FTP,2484.9035432984692,1,0,0,Attack
53.10248828420299,45.88063832353785,508.85676664841554,Medium,HTTPS,2005.682591320667,0,0,0,Normal
95.23116307166674,76.31435637065321,1070.407416479773,Critical,FTP,4218.794895532411,4,0,0,Attack
48.87050176170305,36.58031242391618,464.1629229360673,Medium,HTTP,1888.1018158697686,0,0,0,Normal
70.82428689471271,60.5447024709988,484.4698905880223,High,DNS,1889.0437169308846,1,0,0,Normal
89.36760455573676,77.57117298922772,566.9529862636912,Critical,DNS,1732.6187420867027,1,0,0,Normal
89.20049967142404,78.79094734374323,945.3818414792792,Critical,FTP,2908.267467105022,3,0,1,Attack
60.407721304072766,52.288786191017465,443.1582085391365,High,HTTPS,1358.2176524194435,1,0,0,Normal
44.55455400653591,39.20411120572972,321.0365170159936,Medium,HTTP,1271.3742263099518,1,0,0,Normal
76.4573755370293,59.14879751343164,733.7044262332805,High,DNS,2302.539337259821,1,0,0,Normal
90.40030962511082,68.14033576779343,799.6046265563067,Critical,FTP,2913.2329669064475,2,0,1,Attack
94.99049097474199,79.2458241709371,895.3446116849511,Critical,FTP,2991.490633711483,1,0,1,Attack
89.67931778694037,71.15558338492619,807.6287490502465,Critical,FTP,3965.167186072207,3,0,0,Attack
83.97376483655535,66.1897012635909,529.3495341105235,Critical,DNS,1753.413650607316,0,0,0,Normal
52.08538259903435,46.035674572377346,425.1096765486297,Medium,HTTPS,1994.0031063831507,0,0,0,Normal
46.12865835428238,35.302763793466895,361.70196528958763,Medium,HTTP,1680.705622681206,1,0,0,Normal
70.2750223451585,55.71445845322393,427.8116074537761,High,DNS,1892.9642605528027,0,0,0,Normal
58.03342333840192,44.74509912638195,556.2410282532168,Medium,HTTPS,2583.8685673306527,0,0,0,Normal
56.4656439749524,42.47063180322953,515.8722331788791,Medium,HTTPS,2573.1961690090934,1,0,0,Normal
95.15505277231568,78.64292837612565,1008.3442465013385,Critical,FTP,5024.665522910044,2,0,0,Attack
49.59326188720297,40.351369303389255,303.4061626739603,Medium,HTTP,1269.8295470657054,0,0,0,Normal
57.8417961060768,43.00578394527836,425.3608276021154,Medium,HTTPS,1447.81173439503,1,0,0,Normal
51.30687396536814,45.32416236074029,377.27204869602394,Medium,HTTPS,1714.5993531115216,0,0,0,Normal
45.64498771360377,39.50306638737249,350.0692863496645,Medium,HTTP,1106.330792760568,1,0,0,Normal
77.94141588350612,65.45526898523362,764.9188673273513,High,SSH,2750.368371358729,2,1,0,Attack
64.09386135055684,47.73170056805876,329.4453911742137,High,HTTPS,1503.8838802168063,1,0,0,Normal
53.05211891973158,42.13158676289647,475.37878629439246,Medium,SSH,1691.3793154319897,3,0,0,Attack
85.01806984771974,67.51538507435339,438.87592633727047,Critical,DNS,1422.061659662281,0,0,0,Normal
79.63244837679667,64.2455214847001,589.3232900675297,High,DNS,2673.845302395609,1,0,0,Normal
71.94026145123644,56.827032311808814,384.563557332255,High,DNS,1471.5462561531267,0,0,0,Normal
43.41469009174034,30.633485090235833,286.8996636519558,Medium,HTTP,1095.0802584207177,1,0,0,Normal
58.24639404116169,41.216829941330694,340.9104873513562,Medium,HTTPS,1461.9042926059099,1,0,0,Normal
58.23894800934795,41.144998603052635,569.233441378518,Medium,HTTPS,2093.423506754211,0,0,0,Normal
62.03269946207001,49.37937399259191,358.60993808438803,High,HTTPS,1624.2160315250794,0,0,0,Normal
56.97592071024701,40.67076998556391,525.6828566383717,Medium,HTTPS,2109.073429361269,1,0,0,Normal
31.68055116024334,24.21452812272969,288.82040228263423,Low,HTTP,1209.0535925361924,1,0,0,Normal
32.2886607136752,23.703626166320852,276.4523921593631,Low,HTTP,1208.2121189822217,1,0,0,Normal
31.945785472198622,28.462547871326457,291.12449051224405,Low,HTTP,896.5738911753864,1,0,0,Normal
58.80650570165017,43.001627612202434,586.3081204090972,Medium,HTTPS,2659.8239010344496,0,0,0,Normal
34.14714924430882,29.675790250818537,340.02753155600743,Low,HTTP,1318.9805536291492,0,0,0,Normal
59.300254281406524,51.274906596575306,672.2148022048606,Medium,FTP,3276.0432065819537,3,1,0,Attack
40.23483454315283,33.896887849468605,241.78380091566817,Medium,HTTP,1060.3051381961632,0,0,0,Normal
87.28922877256991,75.46356249227082,773.5417281932267,Critical,DNS,3042.1152551065225,1,0,0,Normal
39.37178769148886,35.387557165553005,212.63910196276618,Low,HTTP,848.4671356437522,1,0,0,Normal
80.71684671391267,72.50863296508714,523.7785016176455,Critical,DNS,2476.6752369653695,1,0,0,Normal
79.39976422319887,64.99066334828395,707.6297136246799,High,DNS,3438.4446541773877,0,0,0,Normal
82.74284013605211,61.26053219070213,729.1324533646624,Critical,SSH,3312.6044840439445,1,1,0,Attack
79.35695693528032,67.8083719150032,444.44581723819306,High,DNS,1950.6188587828647,1,0,0,Normal
89.64148117564037,64.18616458650837,792.6873240785355,Critical,DNS,2813.9680089399017,0,0,0,Normal
89.4925628924102,67.97527633687397,632.3848534427264,Critical,DNS,2096.7311115674765,0,0,0,Normal
65.5573917030415,56.14922284018905,461.67892934798493,High,HTTPS,1998.1574318128917,1,0,0,Normal
42.11178184108576,31.827921662776145,346.18359014748376,Medium,HTTP,1248.9899624313346,1,0,0,Normal
76.34188053722028,55.27332463172874,511.03610324237144,High,DNS,2116.560476780047,0,0,0,Normal
44.80958506501338,38.25459314374752,595.3549377756274,Medium,FTP,2782.6518090048176,1,0,0,Attack
57.869023324078626,45.291398827140185,635.7630500354192,Medium,SSH,2654.643266664402,1,0,0,Attack
76.9468737920397,60.14894861857378,612.9160768254363,High,DNS,2004.7890977201478,0,0,0,Normal
46.73883842922805,38.73824777457522,393.82339022889414,Medium,HTTP,1381.5816738293856,1,0,0,Normal
37.207085715344874,28.566181432028458,193.44823675896035,Low,HTTP,945.9557558645463,0,0,0,Normal
76.11435424973024,64.91945290320494,672.9580794429467,High,DNS,2168.717626780032,0,0,0,Normal
64.79607685876545,51.915033505784166,666.3763178903337,High,FTP,2644.583673126663,4,0,0,Attack
54.50835227355128,44.621507014969225,527.8461418140997,Medium,HTTPS,2529.6982364909913,0,0,0,Normal
78.64705078132829,65.83085780296283,865.6183017111323,High,FTP,3973.4546744113063,2,0,1,Attack
50.3285587904611,35.63107169508442,368.9976634693565,Medium,HTTPS,1373.0819515287883,0,0,0,Normal
85.87599163045525,73.30858384296198,841.9605142561953,Critical,SSH,3178.396368262978,1,0,1,Attack
70.36192940635374,55.438448888660055,855.8573032591897,High,SSH,3050.2422913913883,1,0,1,Attack
75.5853377719177,67.07069858709252,929.2287396221234,High,FTP,3706.3182389591916,1,0,0,Attack
71.11249747686088,59.63027533230389,629.9169218687153,High,DNS,3123.190585254609,1,0,0,Normal
42.390773060469655,33.62737074587482,559.1429883999749,Medium,SSH,2142.13711133657,2,0,0,Attack
76.09689897413773,60.802750646795786,485.1004532369445,High,DNS,1671.6669879926148,0,0,0,Normal
56.37121390670927,49.20349128155939,326.3320417181517,Medium,HTTPS,1548.9672082233153,0,0,0,Normal
86.20519493932079,76.37005780392433,717.232368672973,Critical,DNS,2371.152734937387,1,0,0,Normal
71.56031969643664,61.135509701196305,466.5523905761174,High,DNS,1904.166944274341,1,0,0,Normal
57.981298651284305,48.63980914561452,455.40025256226215,Medium,HTTPS,1752.6274782061798,1,0,0,Normal
59.705236874870025,45.07691160000498,548.3832816618788,Medium,HTTPS,2006.499961121749,1,0,0,Normal
81.85434659782914,59.88131261759659,649.8259099134599,Critical,DNS,2404.9626874706582,1,0,0,Normal
85.77304717313382,71.43199852486423,486.9556975017,Critical,DNS,1776.1975444183968,0,0,0,Normal
76.29640823519367,58.04541631871756,478.40231886351336,High,DNS,1957.5694010223938,1,0,0,Normal
71.66636627862317,58.34863695816575,696.9497421529352,High,DNS,2845.3881055091283,1,0,0,Normal
46.497275412257295,40.331446393312405,258.36952459437,Medium,HTTP,954.4726908532224,1,0,0,Normal
39.4678050946095,32.26699500916402,292.9107031458138,Low,HTTP,1086.487554546147,0,0,0,Normal
69.84071644561482,50.78050819376255,662.175837971874,High,HTTPS,3077.7214134635055,1,0,0,Normal
58.23649629659485,43.724689271918244,722.7174063077254,Medium,SSH,3267.2565618547087,4,0,1,Attack
74.25113196608436,66.00902134180059,705.1142754997697,High,FTP,3503.9281886797326,0,0,0,Attack
80.2181269916764,57.938856016736395,556.5121667558143,Critical,DNS,2302.1015867882165,1,0,0,Normal
65.26569135387035,52.007644452731114,418.34676412064823,High,HTTPS,1697.405649463736,1,0,0,Normal
38.12709309750062,33.52321483747923,284.8662158371616,Low,HTTP,993.7968004782093,0,0,0,Normal
45.243749465444125,38.86577460730728,447.6981212076876,Medium,HTTP,2152.8805145149445,1,0,0,Normal
86.69905061629834,66.94131548237718,613.6359144130366,Critical,DNS,2704.7600195187283,0,0,0,Normal
46.679913342086365,36.29360726957867,485.4502745123187,Medium,FTP,2219.0901290348143,1,0,0,Attack
59.05811785894912,44.67133168493328,553.1676523533167,Medium,HTTPS,1983.6952410873032,1,0,0,Normal
83.77475003209838,66.92426514907893,482.9563308511727,Critical,DNS,2102.7416995128547,0,0,0,Normal
77.70924204894982,69.61270988920093,598.624825330318,High,DNS,2899.2991282326816,1,0,0,Normal
61.63338585552992,48.265769391225035,638.9133827362068,High,SSH,2060.4747480599713,2,0,0,Attack
63.249837056937395,47.095969829229524,620.443353535273,High,SSH,2771.429449991708,0,0,0,Attack
46.918838448036695,41.038024608925426,316.81169396346735,Medium,HTTP,1563.3002908293804,1,0,0,Normal
59.657886618952034,43.585906602967164,394.86879567466246,Medium,HTTPS,1536.241907653811,1,0,0,Normal
88.74297594622476,71.71636849151363,685.9586775431301,Critical,DNS,3230.092416727853,1,0,0,Normal
54.93323653041443,43.11458719342994,423.3471427246915,Medium,HTTPS,1353.6049264258509,1,0,0,Normal
43.38066951935616,33.22498213270115,292.1921756664363,Medium,HTTP,1041.4815512645803,0,0,0,Normal
82.39795762021458,63.454121858204225,558.0976648155859,Critical,DNS,2737.453326965572,1,0,0,Normal
49.17926902788167,37.61011501284657,648.5015870937668,Medium,SSH,2204.4193973178753,1,1,0,Attack
72.44071508815978,58.61822581131673,837.6220995539462,High,SSH,3362.248826588857,3,0,0,Attack
65.45629158164957,52.90590029040046,849.5400318410697,High,FTP,3440.836643903677,0,1,0,Attack
49.76811446773354,38.292659550301586,390.26412745058616,Medium,HTTP,1188.615924383719,1,0,0,Normal
51.028014616604196,39.33892075043613,390.03430344427005,Medium,HTTPS,1836.64272036595,1,0,0,Normal
49.426641080353875,42.74362266336207,307.5132782503111,Medium,HTTP,1421.9999165517231,0,0,0,Normal
62.7566834754964,53.47367761619195,597.565561790297,High,HTTPS,2774.639301686979,0,0,0,Normal
62.47890773527615,56.03924055836083,532.2828527355779,High,HTTPS,2194.5817272524023,1,0,0,Normal
50.82646364950051,41.3557650709567,453.77862406058335,Medium,HTTPS,1739.100549567514,0,0,0,Normal
61.278373532695696,49.374517087622486,596.1746658465021,High,SSH,2748.6886429225765,1,1,0,Attack
79.43674339840072,59.48734878688723,666.056465519824,High,DNS,2275.8591733941666,1,0,0,Normal
75.6238219809893,66.61533982971557,726.6061168734548,High,DNS,3132.902479001302,0,0,0,Normal
89.07916250296694,74.89562456598863,495.4955526494993,Critical,DNS,1526.2549436428776,1,0,0,Normal
74.09979822408786,63.51241652279351,842.2328276306487,High,FTP,3544.9096074569547,2,0,0,Attack
61.72239360079402,46.82300991672836,607.1134782948632,High,HTTPS,2759.223680812491,1,0,0,Normal
44.65931850405468,37.30793079881061,322.72077395195174,Medium,HTTP,1224.070177431388,0,0,0,Normal
84.26331578346435,74.51628965059571,781.3048791368674,Critical,DNS,2894.2743005024863,1,0,0,Normal
72.2328088687209,52.18796799385863,396.80870559473504,High,DNS,1648.1820460445992,1,0,0,Normal
77.13598975286004,65.30991104805283,494.51339230970734,High,DNS,1948.5153071442312,1,0,0,Normal
47.581954547495116,42.511991961697845,464.515480876954,Medium,HTTP,1621.1113397618337,1,0,0,Normal
70.6168838789381,55.72033910482047,423.5689993534311,High,DNS,2047.7173511477426,1,0,0,Normal
85.29797323220919,74.28492310740937,642.7288126072019,Critical,DNS,2034.0072825957973,0,0,0,Normal
46.749018117407104,33.64708057157797,556.4887107272693,Medium,FTP,2703.6693758305864,2,0,0,Attack
74.00559942499967,55.98058693676397,378.4776714556151,High,DNS,1524.651127855225,0,0,0,Normal
88.03433591150679,78.39432817837367,816.2821204641348,Critical,DNS,3479.1460119315816,0,0,0,Normal
56.71536909081624,41.96512277501967,513.8682254445354,Medium,HTTPS,1574.2037255776518,0,0,0,Normal
81.266195288772,65.1270560463585,740.1802873915789,Critical,DNS,3379.5865979200976,0,0,0,Normal
35.921629543590825,28.91775540405144,280.45466829449373,Low,HTTP,1182.3344840780971,1,0,0,Normal
56.93115401421892,40.11181500639456,603.1418439463448,Medium,FTP,2617.383463265428,1,1,0,Attack
87.14915504278906,75.89755529520069,786.6393234506895,Critical,DNS,3788.1477680391777,0,0,0,Normal
41.977517458217335,36.20220986280785,253.64036223768738,Medium,HTTP,1191.7913125647651,1,0,0,Normal
70.4212076679687,60.86672790619906,783.0335442166212,High,FTP,2839.7597344924025,0,0,0,Attack
61.50704551662784,49.96193648264948,319.87655812204684,High,HTTPS,1277.3865048456296,0,0,0,Normal
31.370113785378635,24.57059995621873,251.66223438108688,Low,HTTP,964.8843300945769,1,0,0,Normal
81.26778369085514,69.97597065251331,720.199899482963,Critical,DNS,2585.311696794458,1,0,0,Normal
78.7257088190745,58.39019905626542,549.696335113628,High,DNS,2144.434451772923,0,0,0,Normal
79.29714892074117,65.90935544527953,536.1301821642991,High,DNS,2050.9543975269667,0,0,0,Normal
63.68884603216429,45.09335649250879,502.1218214530773,High,HTTPS,2263.6108867723624,1,0,0,Normal
64.97460153623251,53.33727729354467,677.6068581683878,High,SSH,2516.5347420871676,4,0,0,Attack
78.31627543346258,66.91987607525218,487.49871413663595,High,DNS,1726.778565367121,0,0,0,Normal
42.507488082919735,33.12595745919707,407.48063960167144,Medium,HTTP,1968.5374272848323,0,0,0,Normal
69.35078880764195,53.430697232598334,375.29926094882035,High,HTTPS,1213.5230984467858,0,0,0,Normal
32.407788656128105,26.423993377158684,312.6091143441727,Low,HTTP,1046.7371117682337,0,0,0,Normal
66.26827729201977,52.6187883185584,501.7134837923291,High,HTTPS,2079.1342799305653,0,0,0,Normal
86.34470882916503,64.67130047336555,904.1811942105262,Critical,FTP,3852.622715768402,3,0,0,Attack
53.789096602777136,47.51963482218231,277.4762372137089,Medium,HTTPS,974.5775154016583,1,0,0,Normal
51.13232661620714,36.634486953496136,455.83146377223386,Medium,HTTPS,1510.8899024908492,1,0,0,Normal
64.60780392211745,57.2324629043812,519.4108075808278,High,HTTPS,2460.491426621522,1,0,0,Normal
58.20804071918246,46.731615394395966,485.97630628835657,Medium,HTTPS,2414.6255049107804,0,0,0,Normal
44.696920113492524,36.92942558890186,426.3649781047164,Medium,HTTP,1623.8502199532704,1,0,0,Normal
85.03308936255053,60.062600045781515,786.2892255291735,Critical,DNS,2481.4429827856484,0,0,0,Normal
44.93929209482303,38.49453257387614,495.09533693203554,Medium,FTP,1812.6523898363982,2,0,0,Attack
95.7533274465095,78.66880344525934,916.5636331729204,Critical,FTP,2782.6448058778587,1,0,1,Attack
60.851340211811475,50.74747388658975,431.1385903766777,High,HTTPS,1682.3244480870287,0,0,0,Normal
67.86557213650667,59.8276379771311,439.381063903103,High,HTTPS,1851.5706892757323,0,0,0,Normal
31.903156157350168,27.751741114006077,231.38765858491283,Low,HTTP,1138.9687563913556,1,0,0,Normal
76.97689558161073,58.7073002726889,543.7413772329506,High,DNS,2548.370409492623,0,0,0,Normal
66.47332539709168,53.13461040474313,582.9861938858688,High,HTTPS,2615.7141599458,0,0,0,Normal
70.18745869826944,54.98517095088895,476.19675533733704,High,DNS,1837.2926782166423,0,0,0,Normal
84.46828381609521,64.1090120319057,536.8211195525597,Critical,DNS,2280.2708726981646,1,0,0,Normal
80.96234156706487,63.96936305687157,775.4160600951328,Critical,DNS,2390.407615972877,0,0,0,Normal
48.79839396919124,38.18707748722419,272.4757367838991,Medium,HTTP,1125.0197159086374,0,0,0,Normal
69.80119884479791,59.38749548190003,609.8010260612015,High,FTP,2091.279153367249,0,0,0,Attack
55.02134984228178,42.44268058432419,432.4770226264126,Medium,HTTPS,1376.0518489074175,0,0,0,Normal
47.69142145050864,35.96943863801992,388.79200354739754,Medium,HTTP,1547.4104629286294,0,0,0,Normal
57.03376836210737,50.36649924886404,358.2136728565976,Medium,HTTPS,1511.025199482499,0,0,0,Normal
54.764350101359014,39.613689598293625,316.8911884516725,Medium,HTTPS,1013.7069344798355,0,0,0,Normal
85.24273134884425,62.63968017282369,996.3976265048439,Critical,SSH,3179.6784550113866,4,0,1,Attack
51.41569975647144,41.873290246872216,510.12182512191754,Medium,HTTPS,1989.1092021955662,0,0,0,Normal
56.26357661836664,46.47875974755631,595.0535697936828,Medium,SSH,2466.1589526915122,4,0,0,Attack
84.92988642668934,63.80180902171431,457.74891542827856,Critical,DNS,1733.8065764297883,1,0,0,Normal
47.004435503986315,34.38177089325362,512.7227267976017,Medium,SSH,2050.701639951875,3,0,0,Attack
50.45168842541898,44.08005232142718,456.7932615216692,Medium,FTP,1381.693456772382,3,0,0,Attack
64.32200929990358,57.68788529923898,466.6642593118388,High,HTTPS,1817.8553659930149,0,0,0,Normal
67.82690263091354,52.963260533339934,544.9964511764838,High,HTTPS,1679.3214478085272,0,0,0,Normal
45.36875429635984,32.46538543501759,444.87921354814443,Medium,HTTP,1687.209582037955,1,0,0,Normal
39.43740324466489,30.213857790683633,363.4878952173119,Low,HTTP,1195.016577331659,0,0,0,Normal
92.11245072554448,64.80989437706761,1002.9330564592561,Critical,FTP,4983.489981859157,2,1,0,Attack
89.05822405329673,70.37425624139652,636.3797332677333,Critical,DNS,2439.8212384487533,1,0,0,Normal
54.257758259482216,44.567555851347485,440.536296907309,Medium,HTTPS,2140.9632996859395,1,0,0,Normal
34.67672590002621,30.939754291777156,180.5566791689827,Low,HTTP,878.7418565218969,0,0,0,Normal
59.836566088597465,51.97842461055989,668.0536398621796,Medium,FTP,2895.103666882961,2,0,0,Attack
31.07861271710135,26.375646203120883,188.75946005205753,Low,HTTP,832.6849786089489,1,0,0,Normal
57.061507759062806,44.84043778512367,311.2408258368917,Medium,HTTPS,1012.2860330975589,0,0,0,Normal
66.42128949490143,54.782482470605075,494.8464178952416,High,HTTPS,1634.5554999215672,1,0,0,Normal
87.67020376413711,62.09454298311977,705.3556933978244,Critical,DNS,2947.3104600618885,1,0,0,Normal
80.601976391481,65.52038221929378,443.09157494244755,Critical,DNS,1349.3483406583962,1,0,0,Normal
74.60254397334211,55.42555063076792,408.6679345728608,High,DNS,1579.704399252755,1,0,0,Normal
55.74791245155211,40.03699011080201,404.07239385585524,Medium,HTTPS,2010.1226980257559,0,0,0,Normal
67.43188315311272,53.81095995635443,530.0873986457772,High,HTTPS,2181.5827201777206,0,0,0,Normal
32.482258454110706,26.694644766572754,226.3753847904715,Low,HTTP,821.7503733719168,0,0,0,Normal
73.86641054952634,53.1757768101154,753.9299112267246,High,SSH,2931.8836109851277,3,0,0,Attack
42.88335361823556,30.838166857491576,217.07206232851752,Medium,HTTP,884.6871629885215,0,0,0,Normal
35.45375432091532,28.005922778231835,256.6341678250782,Low,HTTP,956.4477334458006,1,0,0,Normal
59.401411202634335,48.379074389443794,309.08690055188674,Medium,HTTPS,1239.747412719346,0,0,0,Normal
66.54669382936163,51.824438050708615,464.58103766778174,High,HTTPS,2281.2594354220923,1,0,0,Normal
35.967351389554096,28.772553407424404,205.70068971773506,Low,HTTP,865.5736435258873,1,0,0,Normal
35.73522769715055,25.103166966045098,354.5752809086258,Low,HTTP,1677.8638156086704,0,0,0,Normal
66.97848068273743,52.88235340534915,674.5271011262514,High,SSH,2498.726950622673,0,0,0,Attack
64.3329547731264,45.55637718294279,620.7972772773446,High,HTTPS,2342.231709560202,0,0,0,Normal
63.630410777113866,49.58407146737973,815.1227669606172,High,FTP,2615.8297141847606,2,0,0,Attack
59.98892575487844,43.71775683873801,499.95363677275685,Medium,HTTPS,2299.3217992038667,0,0,0,Normal
30.74302796212578,27.57316314141978,262.188451602125,Low,HTTP,930.0714805278396,1,0,0,Normal
66.86273352112039,52.37964912691832,576.5074741824936,High,FTP,2448.995458367429,0,0,0,Attack
42.44031465801527,37.601703539283946,444.36678891972286,Medium,SSH,1714.3764543099978,1,0,0,Attack
53.77534827362979,47.68178224981386,427.3088723871932,Medium,HTTPS,1818.2040975747968,1,0,0,Normal
38.629136737872614,32.19213012185431,197.52077506219052,Low,HTTP,972.5248519237202,1,0,0,Normal
99.06747613204061,83.32917058254351,909.6937219681784,Critical,SSH,2956.8482368756963,3,0,1,Attack
55.01723472181766,39.90081193074271,546.6869792587396,Medium,HTTPS,1649.2154928793873,0,0,0,Normal
85.7970647174443,62.65894495008345,668.2551374736468,Critical,DNS,2461.9551583199386,1,0,0,Normal
86.00543063258556,70.33931824876093,565.4930451936358,Critical,DNS,2294.6087047383608,0,0,0,Normal
70.00918612524401,49.32359666735325,505.6065678918809,High,DNS,1564.6778527204515,0,0,0,Normal
72.34064852367737,56.8995105113937,556.2174702248644,High,DNS,2615.732366848155,1,0,0,Normal
37.572614104428794,33.72014297578469,256.14111781126536,Low,HTTP,808.953469997982,0,0,0,Normal
39.09471550025046,31.727375594395923,294.2854249528151,Low,HTTP,1108.749861100288,1,0,0,Normal
65.35422146509518,49.86549404310269,638.8960843823262,High,HTTPS,2827.945126282756,0,0,0,Normal
41.359106128365966,32.627376975878995,531.6925622033618,Medium,SSH,2364.223856723848,3,0,0,Attack
55.96488975117609,45.19470383874847,522.1577824299042,Medium,HTTPS,2282.8387055589346,0,0,0,Normal
89.23979429855535,68.9546220117514,603.3531456953523,Critical,DNS,2066.698108201229,0,0,0,Normal
63.46545451284328,50.842172624828,439.9649557825022,High,HTTPS,1790.9791040961773,0,0,0,Normal
48.90102395176655,43.57256531822553,270.07101606503994,Medium,HTTP,825.3053604213283,0,0,0,Normal
56.6640386855579,46.50943363995363,509.84461191098967,Medium,HTTPS,1673.07276788408,0,0,0,Normal
62.266378293716116,54.37124011370023,396.53403001660314,High,HTTPS,1874.2342238661736,1,0,0,Normal
51.80674906441709,39.91405900854952,420.6689395500247,Medium,HTTPS,1312.3485426168274,1,0,0,Normal
60.32998588802002,46.89414411913334,431.0609337891251,High,HTTPS,2024.221333604066,0,0,0,Normal
87.31075423616858,62.943401952267905,710.4937377977952,Critical,DNS,2692.198264740307,0,0,0,Normal
66.23783294751775,56.95837657320953,649.7365980950133,High,HTTPS,2783.4809232337725,0,0,0,Normal
81.96114951744676,61.858863050770346,461.10886892412935,Critical,DNS,1526.1568945115343,1,0,0,Normal
51.132389482227154,42.17392130075684,257.8025429202259,Medium,HTTPS,940.8218251993563,1,0,0,Normal
53.18824012079858,41.795431392132535,356.9136324717606,Medium,HTTPS,1305.9434485524098,1,0,0,Normal
46.27370821472141,38.19899860438879,553.729343708729,Medium,FTP,2151.5492218856416,0,0,0,Attack
77.97210161603289,69.5796410847155,408.31161560847414,High,DNS,1427.7334121636618,0,0,0,Normal
46.42018840012497,33.656390131463624,429.70184609388116,Medium,HTTP,1947.8964809557315,0,0,0,Normal
67.43956850725226,47.3206289868108,363.87584718457555,High,HTTPS,1781.9313902872964,0,0,0,Normal
65.740633440073,50.51611829482164,654.8594952955259,High,SSH,2530.282548699539,2,0,0,Attack
67.65034019190352,54.51070523976483,579.4757394878047,High,HTTPS,1853.88391057829,1,0,0,Normal
87.709756346012,62.22704543591932,755.7509958045897,Critical,DNS,2830.778777942209,0,0,0,Normal
37.51133262121584,32.645044559434396,316.21422666523483,Low,HTTP,1395.2262388174138,1,0,0,Normal
30.502365455031395,21.834305553925546,184.94758480827997,Low,HTTP,853.0397179221998,0,0,0,Normal
50.524634391622385,39.24551662470846,387.8689370841719,Medium,HTTPS,1669.2438903253303,0,0,0,Normal
61.73140187529498,52.016725248733884,317.28131128082225,High,HTTPS,1024.3198561155289,0,0,0,Normal
32.839647588698426,27.738334938820806,187.3119859216875,Low,HTTP,744.5748304192089,1,0,0,Normal
81.08145681530004,67.88085030909336,755.3833680337457,Critical,DNS,2950.9871218417857,0,0,0,Normal
44.74700628823484,33.226236192130706,437.1222893720216,Medium,SSH,1454.3616302313899,0,0,0,Attack
53.02800958743319,42.7974815270207,489.9662572822838,Medium,HTTPS,1966.0047448781095,1,0,0,Normal
72.78897126205266,51.3590447028971,507.5563167825917,High,DNS,2149.4648473877655,0,0,0,Normal
73.39798361630528,53.44499620626199,602.6000823914533,High,DNS,2348.9650633627084,0,0,0,Normal
71.15798226364973,62.09630269283686,410.8935742849138,High,DNS,1744.8690637779814,1,0,0,Normal
42.76061985983688,30.444153004307253,283.2238149752666,Medium,HTTP,1091.3001446902656,1,0,0,Normal
62.12193816056242,54.02064927379577,412.95404674516493,High,HTTPS,1562.5830478723976,0,0,0,Normal
31.67648262809962,24.67342531106711,228.51106857959243,Low,HTTP,838.8597573710057,1,0,0,Normal
38.44603995792568,31.848754749760797,239.96825969508197,Low,HTTP,1195.0801308403816,0,0,0,Normal
81.79622039911919,59.79102441304186,722.4927242620504,Critical,DNS,2764.39738496144,0,0,0,Normal
33.59011939559423,25.69438977475001,327.25897700378977,Low,HTTP,1023.2472266753157,1,0,0,Normal
80.8771596960105,61.94373656053374,579.0512731257188,Critical,DNS,2361.719550396661,0,0,0,Normal
53.67580549343984,42.3263846140795,295.1153967686636,Medium,HTTPS,890.0911095985451,0,0,0,Normal
68.52043111292005,51.36754689744459,470.3328179276365,High,HTTPS,1492.0291662098173,0,0,0,Normal
39.292618123290595,33.52892152112776,335.19370231263684,Low,HTTP,1391.600862515277,1,0,0,Normal
49.48167708615074,44.02427464276308,446.860650124324,Medium,HTTP,1986.0397453419537,0,0,0,Normal
49.76970306583098,39.13817597293289,411.05154887001123,Medium,HTTP,1492.5873655730275,0,0,0,Normal
56.566834302575444,40.723840612612086,315.1377877390943,Medium,HTTPS,1514.2374417221092,0,0,0,Normal
44.90027892319631,34.77818490362504,333.9516292611077,Medium,HTTP,1055.22882541844,0,0,0,Normal
75.99405019987898,63.92833561765826,552.2123895851948,High,DNS,2141.9122114054426,0,0,0,Normal
86.91258604339964,74.85200714490604,505.64169277540054,Critical,DNS,2224.1332134566064,0,0,0,Normal
55.9156689431984,46.430295353917884,421.1192005221974,Medium,HTTPS,1640.2684928059164,0,0,0,Normal
35.97730073481216,26.00593265104739,290.9600128666053,Low,HTTP,962.7693396372308,0,0,0,Normal
62.369502401852515,49.740000694080635,651.874792494812,High,FTP,2287.056606711739,3,0,0,Attack
72.36845035702572,57.21890081278737,587.3646184226334,High,DNS,2364.1119187500567,1,0,0,Normal
78.36996878977516,57.42267607366445,559.0006329892398,High,DNS,1811.2145741886713,0,0,0,Normal
79.10886106585167,63.38621933625045,750.5808796660795,High,FTP,2835.39685701335,2,0,0,Attack
36.85283876133326,30.348050210289166,246.08306674197914,Low,HTTP,783.9647902827082,1,0,0,Normal
59.25155137651018,46.797169688320714,589.5765149877477,Medium,HTTPS,2115.3301040468937,0,0,0,Normal
57.198256410774775,47.168674401504354,404.13343424437875,Medium,HTTPS,1597.8558060252642,0,0,0,Normal
39.81382777259569,31.266344173328537,211.68217108870607,Low,HTTP,710.5791478581993,1,0,0,Normal
60.37592685155687,46.996108793420085,464.68358893381406,High,HTTPS,1676.298012115325,0,0,0,Normal
67.0478630438447,51.4322873619473,337.93433471299346,High,HTTPS,1252.1193573269472,0,0,0,Normal
56.941490650351625,51.13436498469469,309.2326903720285,Medium,HTTPS,1321.9173684148461,0,0,0,Normal
77.39569365239731,60.57137195384721,809.8068398894269,High,SSH,3301.096434970164,1,0,1,Attack
55.59410829759145,39.62036499586283,478.7246834394063,Medium,HTTPS,1754.6029573272906,1,0,0,Normal
53.51745262130862,43.234618774091516,352.03031096566906,Medium,HTTPS,1356.4055544112882,0,0,0,Normal
50.12942557907081,35.17119691209717,476.85630861251184,Medium,HTTPS,2301.7685947976483,0,0,0,Normal
89.40477532640216,64.12364193001004,482.74675147702334,Critical,DNS,1777.7928737100012,0,0,0,Normal
54.785822422709316,44.65938569629564,394.2912807926962,Medium,HTTPS,1389.4257865314676,0,0,0,Normal
33.8016034924658,28.54351888097365,287.1982760578673,Low,HTTP,1252.3359813321624,0,0,0,Normal
62.35805325052297,47.58632839452016,451.3198186777896,High,HTTPS,1450.3837735296188,1,0,0,Normal
30.482345483615063,26.839708793045787,175.9547969837837,Low,HTTP,535.4075328315074,1,0,0,Normal
35.16851318927365,25.18004124234348,220.5443202522902,Low,HTTP,782.9026835783839,0,0,0,Normal
64.5489565806929,50.856724308421214,488.14305776406144,High,HTTPS,1672.6122211442428,1,0,0,Normal
73.33282387626241,61.58956163475689,410.68103945754365,High,DNS,1860.40634560173,1,0,0,Normal
48.93432001481415,38.63375263497383,339.80032988881686,Medium,HTTP,1149.7524505722388,1,0,0,Normal
84.15003537840676,61.50475927407538,459.8321886244338,Critical,DNS,1805.2042532847306,0,0,0,Normal
34.794760644217604,26.12539994957557,225.1117097772805,Low,HTTP,865.641965559461,0,0,0,Normal
56.363499903418415,45.23141435937124,416.213836108242,Medium,HTTPS,1620.3371600251864,1,0,0,Normal
71.95904799198615,52.09902686831603,423.98648064896196,High,DNS,1660.8594666983058,1,0,0,Normal
56.85065587880672,44.21618524868316,370.5805211893434,Medium,HTTPS,1842.7676628157428,1,0,0,Normal
49.26821182249114,35.40301863722248,533.2027609546221,Medium,FTP,2575.474886471984,1,0,0,Attack
45.25287830008892,34.3373434561721,370.4887768875875,Medium,HTTP,1350.4294610041634,1,0,0,Normal
70.74843349088042,56.27176707666245,744.126165469775,High,FTP,3133.255263008771,4,0,1,Attack
37.20281877875095,27.369447680254684,247.87873828739234,Low,HTTP,1142.3696563703586,1,0,0,Normal
63.328100961275595,48.176198175250086,651.7024162312324,High,FTP,2689.2301341276884,3,0,1,Attack
35.573190060822526,27.409907674219134,340.3433614503442,Low,HTTP,1036.8925668585346,0,0,0,Normal
47.636416153254686,39.41832742275324,319.48094848694757,Medium,HTTP,1251.3308886632028,0,0,0,Normal
58.61348287202418,47.338592096899966,369.83000987375743,Medium,HTTPS,1793.6076426059312,0,0,0,Normal
40.70462867093738,31.20075252227807,341.97256028788956,Medium,HTTP,1558.2095765866845,1,0,0,Normal
48.22189885991975,37.86910601425617,266.8659728183305,Medium,HTTP,1286.204255835088,1,0,0,Normal
51.15644923062064,45.15561743416591,261.2649093320324,Medium,HTTPS,900.0266772526667,1,0,0,Normal
68.24491810595646,52.43026045916388,435.0384132255889,High,HTTPS,1831.9068410832758,0,0,0,Normal
62.291993807593826,46.86760057319024,377.8756279384919,High,HTTPS,1857.2752813949512,1,0,0,Normal
49.95482485181128,41.764868704070075,440.8577873921923,Medium,HTTP,2051.573836628994,1,0,0,Normal
55.59279233857524,40.10269265273223,331.2791078224907,Medium,HTTPS,1419.8291912099503,1,0,0,Normal
84.80894264532253,59.729833848028164,620.3327273027458,Critical,DNS,2370.6518509956722,0,0,0,Normal
50.479844863002654,38.11160414411098,359.0869170459207,Medium,HTTPS,1177.9025702788265,0,0,0,Normal
55.71568692095752,41.3771411386434,602.9692931215525,Medium,SSH,1961.3761724036385,0,0,0,Attack
70.81582506572886,60.40626497905285,516.4680066834253,High,DNS,2425.161630697561,1,0,0,Normal
36.40948924725308,26.88335392293535,361.60550027671036,Low,HTTP,1465.7029391099602,1,0,0,Normal
31.286093134622206,24.796697998629025,299.5798249937079,Low,HTTP,1406.8865033907243,1,0,0,Normal
46.49596634582849,36.477891668477966,307.45390894402937,Medium,HTTP,1229.5339258059646,1,0,0,Normal
42.794387498142896,33.777781718245194,343.4945615661364,Medium,HTTP,1594.2669338640499,1,0,0,Normal
85.9015513396298,68.01037383178733,974.9571227187083,Critical,SSH,4075.8429079846596,1,0,0,Attack
41.508357947896,37.24400165669393,324.4365362809921,Medium,HTTP,1384.7411332562071,1,0,0,Normal
57.773676872311626,51.015300346916725,295.6000709653147,Medium,HTTPS,987.439674338389,1,0,0,Normal
55.36165307649753,42.323951937447625,403.6919364966491,Medium,HTTPS,1443.8854476423244,0,0,0,Normal
66.79120342389069,54.83992324832398,842.8346737644505,High,FTP,2852.5165468751416,0,1,0,Attack
57.5173885843833,49.51431943214603,511.4063612170907,Medium,HTTPS,2404.9191716680325,1,0,0,Normal
89.1795351440669,72.47147710687824,851.5895945253095,Critical,DNS,3912.034725093526,1,0,0,Normal
84.90593870112207,59.82988068054204,518.9624168277111,Critical,DNS,2179.3880391474972,0,0,0,Normal
49.3498274643207,39.069084648494204,396.1444197192504,Medium,HTTP,1648.236044260224,1,0,0,Normal
66.3195171089319,58.69155493451849,649.1095440820794,High,HTTPS,3245.058715532887,1,0,0,Normal
78.25747995932034,66.96127831216835,714.8029509069811,High,DNS,2715.991238750082,1,0,0,Normal
63.79408456145029,56.26423751987328,524.0524864776792,High,HTTPS,2201.4120616245978,1,0,0,Normal
31.398218767062644,23.37560209756791,221.48155473289597,Low,HTTP,979.257980436948,1,0,0,Normal
57.50286468624836,47.21507457554955,327.8053548857965,Medium,HTTPS,1143.3955732493655,0,0,0,Normal
85.49449163561803,76.2187141917252,481.51832482759784,Critical,DNS,1606.03671809064,1,0,0,Normal
86.69601811983739,75.02322764153328,1000.9989722082535,Critical,SSH,4336.2956973541295,1,0,0,Attack
84.58991256004083,70.09035725662223,645.7002571670015,Critical,DNS,3006.7259631779816,0,0,0,Normal
43.346447812728,33.90377586848025,400.54275307782797,Medium,HTTP,1564.6623882205056,0,0,0,Normal
66.32724734585736,48.28803667283016,497.3024213704796,High,HTTPS,2060.5330438214514,1,0,0,Normal
87.45131551833765,63.4272362570361,796.094768376589,Critical,DNS,3438.2224786331776,0,0,0,Normal
79.60786643452593,69.22434747693774,632.9891224698343,High,DNS,2729.082782360703,1,0,0,Normal
68.57700570457382,55.22725967521505,560.2984425618098,High,HTTPS,2526.3410891350914,0,0,0,Normal
64.64743419084698,56.21869587854413,578.2615400228585,High,SSH,2455.6843097441965,4,0,0,Attack
38.40814418712398,30.722996136952876,247.41578135859967,Low,HTTP,861.6546553631526,1,0,0,Normal
37.58587351519964,32.47914243350657,224.052388445157,Low,HTTP,1092.4130016668068,0,0,0,Normal
80.87000158660885,66.15599226368535,748.5651118075808,Critical,DNS,2573.7395345503555,0,0,0,Normal
61.59961101158842,50.931431701835216,553.4421474184334,High,HTTPS,1836.2556588369362,1,0,0,Normal
90.88597288755409,66.71446829064016,926.9765266164553,Critical,FTP,3224.0599735164196,2,0,0,Attack
59.97251198030426,45.43938055597723,473.88702336410296,Medium,HTTPS,2081.1874322568297,0,0,0,Normal
79.23949129748507,58.51386263894756,792.2456758465065,High,DNS,2829.41023183696,0,0,0,Normal
65.41606639948441,56.928725222802946,457.85298504052486,High,HTTPS,1908.618028360398,0,0,0,Normal
68.04425319627626,58.47588985410818,544.4811472970495,High,HTTPS,1947.093692145051,0,0,0,Normal
40.213745326291246,32.97330208926415,343.96801388585277,Medium,HTTP,1641.41335410351,0,0,0,Normal
47.3010370362681,38.60093290165279,294.21623648180923,Medium,HTTP,1246.4535488826602,1,0,0,Normal
41.53295666401391,37.3765321238236,242.48596204517514,Medium,HTTP,879.7307654569357,1,0,0,Normal
81.07680432120105,63.23695859737277,675.3633306466977,Critical,DNS,2180.7916578572745,0,0,0,Normal
77.81408615992405,63.813365608634,711.3248588416506,High,DNS,3193.7177841711505,0,0,0,Normal
65.98531040857779,55.568852454974795,479.4419252835933,High,HTTPS,1970.5419832201862,0,0,0,Normal
74.82084529387066,56.02608851140374,787.9834459619037,High,SSH,3148.606238490937,3,0,1,Attack
89.97739958307648,66.00165726213392,746.5561581947807,Critical,DNS,2445.8548229033695,1,0,0,Normal
53.98908896377179,44.98353713961409,446.95154728207496,Medium,HTTPS,1493.2300244507517,1,0,0,Normal
66.02241865624819,57.15253897608558,579.168532552989,High,HTTPS,2068.7155051515424,1,0,0,Normal
72.64192338065186,57.43328707685351,589.6103733001056,High,DNS,2269.4414074987503,0,0,0,Normal
44.64096051582601,36.35301126824892,277.0661310603743,Medium,HTTP,1379.6058214168488,0,0,0,Normal
40.060784934757976,33.326009292822555,388.15930521314436,Medium,HTTP,1587.916161907058,0,0,0,Normal
69.95904544601217,58.145910012448255,426.4407276450219,High,HTTPS,1333.3437295548565,0,0,0,Normal
89.69605539743498,76.32165973925326,719.7621482276528,Critical,SSH,2430.399390828221,3,0,0,Attack
57.19066513105645,47.16323817590466,354.3016635741224,Medium,HTTPS,1071.8287135029168,1,0,0,Normal
64.30261478375542,48.11519032749207,545.2439818941381,High,HTTPS,2418.236564031914,0,0,0,Normal
79.56582363847701,70.6202654782046,711.4848863368761,High,FTP,3006.4146038022645,1,0,1,Attack
69.34263886141707,51.57865439182285,549.3022856605046,High,HTTPS,2626.576959161265,1,0,0,Normal
75.2676126093138,55.079949659987754,484.7334852210559,High,DNS,2359.130689838507,0,0,0,Normal
77.40001572543406,57.88002912621721,929.8810185956954,High,FTP,3507.947429562122,0,0,0,Attack
54.47854020851082,45.71696112255123,640.8024802778132,Medium,SSH,2515.333817832558,1,0,0,Attack
86.27110327826813,65.31912917862574,566.79376184294,Critical,DNS,1954.919755385317,1,0,0,Normal
43.14692044632466,35.24510722681589,240.44315601796424,Medium,HTTP,798.2175238643607,0,0,0,Normal
39.53645565678016,29.953030177987813,344.9373960261201,Low,HTTP,1526.6994707198112,0,0,0,Normal
44.341152584020165,38.89603315937703,344.76070875476233,Medium,HTTP,1431.2415354999796,0,0,0,Normal
71.75212632850162,59.09879646786409,537.3834491431447,High,DNS,2006.1347127724143,1,0,0,Normal
47.14139507850632,35.95929471246285,268.2561413166502,Medium,HTTP,1004.1714692220397,0,0,0,Normal
65.05879118762095,47.0314188372309,380.7438042454055,High,HTTPS,1895.7935511723913,0,0,0,Normal
47.28160387981916,40.14121205641068,304.00550945136627,Medium,HTTP,993.4739616029777,1,0,0,Normal
83.15982485350105,67.44323666225739,592.3168117173363,Critical,DNS,1976.838153485099,0,0,0,Normal
67.0956590079004,53.64819363538946,667.4907072159823,High,HTTPS,2469.5919710354397,0,0,0,Normal
58.838972537269,42.812314975208494,654.6616543409281,Medium,FTP,2708.39727476859,1,0,0,Attack
46.87193065852625,34.408316254006294,449.2040034161081,Medium,FTP,1770.3137565842924,2,0,0,Attack
84.6944821823854,64.12957256118362,703.2271279502402,Critical,SSH,2713.982621349538,1,0,0,Attack
63.302231989073334,49.68625557902344,320.4971105330806,High,HTTPS,966.3395890578246,1,0,0,Normal
59.8733141397679,53.762270463926356,514.183911128262,Medium,HTTPS,2512.6976658836147,0,0,0,Normal
38.28549919744546,30.976367795473628,308.7294317261626,Low,HTTP,1043.4044129374565,1,0,0,Normal
40.227644374281226,28.668955193377705,380.31821919696256,Medium,HTTP,1194.1758519813989,0,0,0,Normal
47.15614137559896,34.785530242747214,455.8656574687598,Medium,HTTP,2061.0598986979126,0,0,0,Normal
65.4715814172232,45.99500891113776,653.7948445799639,High,FTP,2320.577809716928,0,0,0,Attack
89.38012987768161,75.39344284130647,653.6563901008528,Critical,DNS,2163.0705758825543,0,0,0,Normal
62.726633671845775,51.59610300672069,384.05711454984066,High,HTTPS,1344.493883436908,0,0,0,Normal
33.80040247924626,29.68236542447515,196.02344310859476,Low,HTTP,764.948893505943,1,0,0,Normal
51.30010574241169,45.48709275639247,639.3878432187114,Medium,FTP,2190.012043532316,1,0,0,Attack
30.75560380020761,23.904698085816918,242.30845478731143,Low,HTTP,991.3715724462633,0,0,0,Normal
73.05437442690163,57.897690359648834,499.1719828934294,High,DNS,1746.28187658882,1,0,0,Normal
66.76648491920787,49.7349208747749,457.9063819494317,High,HTTPS,2107.3307639270415,1,0,0,Normal
93.4498104811064,68.40317208320366,1129.635033722834,Critical,FTP,3824.012536639544,3,0,1,Attack
86.00584208223154,72.46868600189126,487.6417776395467,Critical,DNS,1747.5469658942686,0,0,0,Normal
53.17407365277177,43.344344151905325,310.73168254139654,Medium,HTTPS,1047.8842425255468,0,0,0,Normal
57.758618072548416,44.665623894835946,389.843924041796,Medium,HTTPS,1479.4555965945367,0,0,0,Normal
43.47254435346258,33.662229053519596,340.9437235911201,Medium,HTTP,1250.944394716326,1,0,0,Normal
39.59329311973306,35.55154737563769,291.10985934420114,Low,HTTP,1278.066535566782,0,0,0,Normal
72.78057018243999,52.896534323662344,520.2584111538624,High,DNS,1852.6977929763962,1,0,0,Normal
64.5421678708226,47.35760639997298,325.1517119586455,High,HTTPS,1194.8447595463847,1,0,0,Normal
51.9945943239145,40.03487448400192,505.2273597070364,Medium,HTTPS,2276.6163545811687,1,0,0,Normal
52.2999232330767,42.55694292928006,311.1417407127354,Medium,HTTPS,1394.311042025152,0,0,0,Normal
89.37552732575568,70.9731217511115,478.14534925376216,Critical,DNS,2175.157224894397,1,0,0,Normal
38.03841680986807,29.895631187939426,334.8522015658679,Low,HTTP,1038.1417973318707,1,0,0,Normal
40.1240272627183,28.147515922673456,255.7302404898756,Medium,HTTP,897.3574712859132,1,0,0,Normal
50.994442814153444,45.31758007145914,294.3891337459463,Medium,HTTPS,1156.792482692089,1,0,0,Normal
64.11284165536927,47.31317833059086,400.8279507842577,High,HTTPS,1671.7567423146877,0,0,0,Normal
68.23005203346838,48.71583813400995,695.0659531864115,High,SSH,2468.379161521016,2,0,0,Attack
55.7797749893507,47.53106294253185,338.1885889131163,Medium,HTTPS,1370.6786564622703,1,0,0,Normal
40.45381914213067,30.540196251102486,512.6434848756521,Medium,FTP,2090.3343465572666,1,0,0,Attack
96.60305066936417,70.60896656502469,803.372306437328,Critical,SSH,3829.26998558449,2,0,1,Attack
41.390179138761596,31.045802629932684,372.7288662982301,Medium,HTTP,1271.1351312716185,1,0,0,Normal
34.198157624650776,27.02452544300488,203.92149631149513,Low,HTTP,888.1065906959532,1,0,0,Normal
75.6360058010614,56.16101993691619,488.5461033963169,High,DNS,2052.81125511241,0,0,0,Normal
46.481926048581954,37.61020840258592,275.6741000745987,Medium,HTTP,1255.3395575696893,1,0,0,Normal
39.275580043613445,29.450232653121777,274.43758785639386,Low,HTTP,1164.4347168104564,0,0,0,Normal
45.02296396822203,38.729201903613216,300.42294807179655,Medium,HTTP,1195.9859976724656,1,0,0,Normal
57.07001183764078,42.14720378769934,483.7145444176046,Medium,HTTPS,1997.8814222646809,0,0,0,Normal
42.75509927625535,32.42405423895318,273.75135523069287,Medium,HTTP,1296.8204817746955,0,0,0,Normal
62.740856069151505,46.254517834723714,419.5371292554042,High,HTTPS,1586.4713157929134,1,0,0,Normal
44.95071456934966,35.039057848877746,394.0067752172317,Medium,HTTP,1514.2972880362447,0,0,0,Normal
78.06298712996067,59.8670056342668,679.3963985210385,High,DNS,3257.395048250243,0,0,0,Normal
51.55525694091921,43.25652978518566,657.4439729309768,Medium,SSH,3076.838165519197,3,0,0,Attack
57.510085027170135,43.48401190635507,501.9708714926192,Medium,SSH,1590.0940380930583,2,0,0,Attack
51.16936586142401,39.27110686835187,520.959876082338,Medium,SSH,2084.9067787331787,0,0,0,Attack
53.84983877054765,45.80533232039421,394.37835820400414,Medium,HTTPS,1189.6642730997971,1,0,0,Normal
50.07192461620434,42.467365589983366,396.91500129645345,Medium,HTTPS,1612.431947089995,0,0,0,Normal
81.70971314189956,69.85489887469747,721.1624627112969,Critical,SSH,2803.0301839470353,4,0,0,Attack
46.83332089916803,33.25305608011307,357.45542756290354,Medium,HTTP,1410.7168016097291,1,0,0,Normal
50.24190083597205,37.72664446557369,386.5561065389036,Medium,HTTPS,1755.7080308699115,0,0,0,Normal
75.18367389493505,59.6166485728251,707.9473070129673,High,DNS,2510.0562223656784,1,0,0,Normal
84.4381861621514,68.99240609183573,708.8135257973868,Critical,SSH,2491.288858416756,0,0,0,Attack
76.47464489338745,57.74820443860334,641.4577800870466,High,DNS,2887.5227305100702,0,0,0,Normal
33.0089567108007,26.582115821996698,264.22665291080835,Low,HTTP,1080.8889138973152,0,0,0,Normal
45.27000673447219,36.56711760264205,402.19104593368905,Medium,HTTP,1286.356617035278,1,0,0,Normal
57.884019831763,50.74399635046165,469.2925982277107,Medium,HTTPS,2327.0968544014754,0,0,0,Normal
65.12276694105822,48.2582363580744,485.3286352997721,High,HTTPS,1897.7551994729233,1,0,0,Normal
46.53863062369055,38.88367572098781,364.19854356247896,Medium,HTTP,1766.9693998132761,1,0,0,Normal
61.590027108904906,50.515390491233426,575.4387515728364,High,HTTPS,2702.9873391657025,1,0,0,Normal
62.3267870300333,53.31251826538445,433.4017983788,High,HTTPS,1553.8960135031916,1,0,0,Normal
82.99484640810988,68.41253188073262,589.9539353899052,Critical,DNS,2802.9346681091342,0,0,0,Normal
42.310438997865276,33.76799293121244,401.37191941034723,Medium,HTTP,1333.3832234545055,1,0,0,Normal
70.6541890031076,57.443905749902754,650.0186388281621,High,DNS,2132.700798266082,1,0,0,Normal
66.05634806059243,57.71488663344896,357.976163098985,High,HTTPS,1090.0258677534107,1,0,0,Normal
76.61126205508481,59.614901299885226,574.9768432275808,High,DNS,2453.2568939223947,1,0,0,Normal
67.28956618942902,52.77741414456441,339.2328908057064,High,HTTPS,1201.4002690372083,0,0,0,Normal
59.430223824310815,52.26616415583804,454.99945778566325,Medium,HTTPS,2213.409578755973,1,0,0,Normal
63.90870475086558,55.472759341848544,461.2326500834384,High,HTTPS,1963.6877389566587,1,0,0,Normal
82.11660950666555,58.858737057540374,604.9023618884412,Critical,DNS,2630.6746086470416,1,0,0,Normal
53.44440373670295,42.76647197924713,473.2398931425616,Medium,HTTPS,2023.9368573707377,1,0,0,Normal
55.299841268060845,38.80144148744204,351.920036913626,Medium,HTTPS,1399.2923657939991,0,0,0,Normal
83.83628123468952,67.59225728721746,527.0642342471688,Critical,DNS,2380.8189569932165,1,0,0,Normal
80.40001698405831,63.41006292506531,703.8018158295772,Critical,DNS,2824.983497578022,1,0,0,Normal
35.03105429394054,27.83761307290066,270.68181511279624,Low,HTTP,1151.3226679531278,1,0,0,Normal
60.0614600731933,51.30403609651955,330.0935940998409,High,HTTPS,1570.866948278982,0,0,0,Normal
30.496670140637434,23.011387575016904,301.8204623318632,Low,HTTP,921.7592725796453,1,0,0,Normal
71.87233602836386,54.010127018303585,722.9157587875376,High,SSH,3611.003774302934,0,0,1,Attack
56.60466242552502,48.122458468409185,545.0555211021818,Medium,HTTPS,2264.137047900401,1,0,0,Normal
58.39659097313415,47.247304355525564,539.7689341634648,Medium,HTTPS,2374.6778885912404,0,0,0,Normal
76.25768687939853,54.89312050461585,492.88153237225305,High,DNS,2256.2350627624674,1,0,0,Normal
46.3662308268249,41.538269809223706,434.81181035245464,Medium,HTTP,1506.485483599438,0,0,0,Normal
45.44192941073561,35.94569194351235,263.7976764206742,Medium,HTTP,1091.4036621316773,1,0,0,Normal
75.04502494855842,66.42734357951186,427.94126583197794,High,DNS,2067.6097052861196,0,0,0,Normal
72.72292389770882,63.24904183486248,571.790083032731,High,SSH,2434.5245589492433,1,1,0,Attack
35.95116276512272,27.270205921730298,293.60465824136105,Low,HTTP,1141.906387463076,1,0,0,Normal
88.76200028658786,77.67658216225553,563.9761292891707,Critical,DNS,2642.962745226378,1,0,0,Normal
67.30743220832665,49.28293295533328,850.297862922936,High,SSH,2760.72626735448,2,0,0,Attack
95.54995600992697,69.56977074604495,978.129636002334,Critical,SSH,3912.924931415002,4,0,0,Attack
80.91789952159161,57.00639915888831,677.4698093635167,Critical,DNS,2204.952728529751,1,0,0,Normal
47.56042217515642,39.31680064356164,389.6110796718487,Medium,HTTP,1894.4006206997108,0,0,0,Normal
82.53323013719637,62.24260547900882,614.0814133299223,Critical,DNS,2315.1959900663965,1,0,0,Normal
39.66192144782099,35.158874394487036,348.7405776171572,Low,HTTP,1697.1734564561423,1,0,0,Normal
38.429522056976566,31.73309227997818,289.5559388743651,Low,HTTP,962.3374421391663,1,0,0,Normal
31.349032152065774,26.1730697761935,254.97869517582777,Low,HTTP,886.4883550840246,1,0,0,Normal
78.00116680271458,64.55974997203934,932.9873336955608,High,FTP,4203.440084105518,3,1,0,Attack
46.2456178276625,36.88627088361918,237.47108689843853,Medium,HTTP,1108.444038954433,0,0,0,Normal
85.93926701767487,73.19561200477902,858.3301861900258,Critical,DNS,3285.8613654884452,1,0,0,Normal
67.72433208716393,54.27353887623265,533.9990317425176,High,HTTPS,2456.748928878523,1,0,0,Normal
70.46773038384345,58.15995727427704,598.8760249786741,High,DNS,2544.108221824182,1,0,0,Normal
78.30301629459427,68.58446228720739,900.3503436145802,High,SSH,3052.463441406859,0,0,1,Attack
59.28496979591728,41.81960945634768,365.2967780361515,Medium,HTTPS,1488.0162489080071,1,0,0,Normal
75.51397357063252,67.9252324518748,592.2703469174688,High,DNS,2620.993209123815,1,0,0,Normal
60.41671820275951,49.26353057494173,578.7206911435976,High,HTTPS,2628.0843481006946,1,0,0,Normal
67.60251376399538,56.78228635521597,550.5758878280789,High,HTTPS,2688.203674115387,1,0,0,Normal
92.765595245437,79.57100394229448,870.0610212585187,Critical,SSH,3961.931611857752,4,0,0,Attack
31.619958314768155,23.603299409572298,291.401828547913,Low,HTTP,986.4930348635398,1,0,0,Normal
89.85164165016613,73.1147561730404,504.69116729051206,Critical,DNS,2307.388824795596,1,0,0,Normal
64.61870177859964,57.06817981384418,484.7073818113408,High,HTTPS,2274.827045039265,0,0,0,Normal
71.9830248625658,59.44159771102031,405.74812127343495,High,DNS,1714.968484390171,1,0,0,Normal
87.32925142699969,68.89636264877086,1043.226431623967,Critical,FTP,3368.3392790046605,1,0,1,Attack
43.94051732713706,38.1680625556612,304.307592250701,Medium,HTTP,1413.142091207888,1,0,0,Normal
64.11826483163168,46.46506705572391,619.7957879165361,High,HTTPS,3033.4261225824775,0,0,0,Normal
94.94580474260147,75.96058854514975,751.5150327406126,Critical,SSH,3754.280790524088,0,0,0,Attack
67.73173046496595,49.13725591895601,419.3805490438016,High,HTTPS,1914.2544059071213,0,0,0,Normal
66.67795677727554,59.09191438318409,784.324940056243,High,SSH,3717.9044011753736,2,0,1,Attack
90.58907503182127,70.3893201757649,1030.6341114511292,Critical,FTP,4548.587225582419,0,0,0,Attack
37.4032649405126,33.16389911164508,264.4599750525146,Low,HTTP,1091.6646366262908,1,0,0,Normal
60.0124642191804,43.950092508020376,540.2114636227717,High,HTTPS,1763.0696480045938,1,0,0,Normal
37.6406342269911,28.142830942748777,305.65497095427827,Low,HTTP,1231.5632982808122,0,0,0,Normal
85.8685894375958,73.03429225977682,513.1305755815481,Critical,DNS,1905.202941089487,1,0,0,Normal
53.10532804658578,46.03011070648358,408.04073146683066,Medium,HTTPS,2000.4447626636572,0,0,0,Normal
85.99736010524794,67.32047093819183,736.4238790736707,Critical,DNS,2553.5996290578887,1,0,0,Normal
39.70482172255288,34.14877421491874,351.50643431880667,Low,HTTP,1104.1492986721905,0,0,0,Normal
44.30146186990896,36.540458758795694,430.00446423398324,Medium,HTTP,1293.469056801237,0,0,0,Normal
75.16068007447757,55.54604474035174,667.7321780131398,High,DNS,2704.975778764024,0,0,0,Normal
80.03103115814156,64.61261097045292,477.25220417799727,Critical,DNS,1458.9810705185382,0,0,0,Normal
54.84606105048442,46.209630012146384,489.759243805909,Medium,HTTPS,2366.9076307176715,1,0,0,Normal
78.01985300582601,66.63828915145032,720.3566431459991,High,DNS,3324.635818224548,1,0,0,Normal
67.4441511620762,59.907474312417655,544.0521560357902,High,HTTPS,1846.3297349158013,1,0,0,Normal
41.70918897478259,35.67647612534123,232.40058006422402,Medium,HTTP,1075.2461286001073,1,0,0,Normal
72.20334301120602,53.32459321607132,857.7354600218662,High,SSH,2886.514173155485,1,0,0,Attack
72.7599747023487,62.36899695881662,708.3610663177188,High,DNS,2992.6423566874387,0,0,0,Normal
86.23589349677786,74.96655776968683,1061.4138666650038,Critical,FTP,3911.4715955058,0,0,0,Attack
86.4759209517797,71.14099457350099,770.6043697885771,Critical,DNS,2495.2234493116466,1,0,0,Normal
76.60874979068467,55.37871110467441,716.3416699201589,High,DNS,2392.7990130519274,1,0,0,Normal
41.56007322733785,35.92367553270513,354.65153784736356,Medium,HTTP,1318.0934176609815,1,0,0,Normal
77.15648148845503,68.62478637543212,603.3446190222832,High,DNS,2717.57792684188,1,0,0,Normal
80.79589854016376,72.6808906533036,457.2372693266081,Critical,DNS,2018.0593270584575,0,0,0,Normal
66.80047505884431,57.2111376818484,505.8899903807261,High,HTTPS,2287.350726668233,1,0,0,Normal
36.86313086684095,32.21933604489135,250.01504601277017,Low,HTTP,1096.043385540057,0,0,0,Normal
79.3138515627652,66.72981304552661,773.8179501361914,High,DNS,2925.961932426908,0,0,0,Normal
96.82704440987436,78.7000646151277,797.3182091324699,Critical,SSH,3004.3707437294547,2,0,1,Attack
89.86849072731275,65.27746775048759,481.06429692531304,Critical,DNS,1609.116279933938,0,0,0,Normal
76.93441984410128,61.772644729569194,386.2177780143788,High,DNS,1929.0503713186354,0,0,0,Normal
82.2078099763894,63.40606859779089,627.037831636625,Critical,DNS,2873.2414527678598,0,0,0,Normal
82.40161105801235,73.35854065368167,623.7593849773266,Critical,FTP,2530.5980436602413,4,0,1,Attack
63.83703466766747,47.670737576189886,611.6861915685013,High,HTTPS,2703.124492968831,1,0,0,Normal
37.909972301276866,27.072240162128907,342.6363605145865,Low,HTTP,1095.2374228851347,1,0,0,Normal
60.87779509383836,42.6633800603125,364.3023316919907,High,HTTPS,1688.5418097625438,0,0,0,Normal
51.387024965151795,41.3716378177041,465.91240469807985,Medium,HTTPS,1606.9649479410234,0,0,0,Normal
87.07684368708215,61.45051324700971,514.9013160616918,Critical,DNS,1795.055683532062,0,0,0,Normal
44.027029878634494,38.888187375300284,354.93947015294117,Medium,HTTP,1455.5165227587897,1,0,0,Normal
34.235768469952745,29.495017106233618,229.82061850476202,Low,HTTP,694.7991251518387,0,0,0,Normal
30.241090341150993,22.359243423170064,169.19953815678105,Low,HTTP,634.5603128467085,0,0,0,Normal
71.52967317582807,61.70645282992707,618.5029675182723,High,SSH,2314.2242487087074,4,0,0,Attack
31.7113252330455,23.356257449855114,215.366462100719,Low,HTTP,1065.386762817992,1,0,0,Normal
84.98394837784872,69.89710025978532,744.4994478513491,Critical,DNS,3382.757723580936,1,0,0,Normal
78.45790900344582,60.296096826379646,669.5584721059954,High,DNS,2998.22016517634,1,0,0,Normal
41.80989346879869,30.262036158755997,368.0774724707128,Medium,HTTP,1409.0028594344608,0,0,0,Normal
78.80078891837911,57.84217535426401,666.6368851122191,High,DNS,2065.6282571535103,0,0,0,Normal
50.9581965894904,39.322337495704296,554.3125877318992,Medium,FTP,1753.7564005721995,4,0,0,Attack
66.7422434258333,56.758862257974656,461.87217296200197,High,HTTPS,1975.2951626051813,1,0,0,Normal
60.55456457703258,50.948147598200265,554.9873534989783,High,FTP,1685.478990514246,4,0,0,Attack
47.14025304565439,40.17027902560547,670.7804961061254,Medium,FTP,2585.4937607897054,4,0,0,Attack
40.209122833184665,33.71096549783726,360.09740064117125,Medium,HTTP,1783.7980715466824,0,0,0,Normal
51.49762036799075,40.07133833906816,393.57184722531616,Medium,HTTPS,1576.4512348301773,1,0,0,Normal
75.12565660628752,58.35832361819204,642.1620996598991,High,DNS,2582.5526013918266,0,0,0,Normal
72.40779759908037,53.18286817826562,397.60947521110813,High,DNS,1651.7062078936412,1,0,0,Normal
75.64316967094783,68.03892703789253,687.4075651631392,High,DNS,2687.735982527109,0,0,0,Normal
71.517291021446,61.377896847851616,437.8773025948316,High,DNS,1638.8997632958963,0,0,0,Normal
53.436058128863806,43.05348530954294,332.13356161760913,Medium,HTTPS,1659.5721629702155,0,0,0,Normal
63.04284949161229,53.07663260787681,688.6996186381853,High,SSH,3320.167558116038,0,0,0,Attack
40.347268975383486,29.035915609584283,204.07887026760622,Medium,HTTP,987.7480405264457,0,0,0,Normal
99.8416552368144,86.21328306507816,886.5029085403937,Critical,FTP,4151.875507058307,3,0,0,Attack
77.46737315363134,57.70599602038637,530.9718794948725,High,DNS,1983.6360547034783,1,0,0,Normal
61.71029909644858,46.19764459377131,608.9040800928511,High,HTTPS,3032.165598974478,1,0,0,Normal
72.57408113320707,58.7904179099984,642.9459776825241,High,DNS,2087.067874684205,0,0,0,Normal
35.895025960489875,25.209879462310948,312.09885098999206,Low,HTTP,1329.699899377285,1,0,0,Normal
79.05004136977368,61.26668079333341,558.885024598179,High,DNS,2211.205010722304,1,0,0,Normal
43.47212899272563,33.65461915866405,228.07443881106093,Medium,HTTP,810.5075197968614,0,0,0,Normal
44.58639126785556,39.8907998958562,241.19455487168156,Medium,HTTP,741.510302517397,0,0,0,Normal
63.02237241732655,53.844217625406785,516.2657162617319,High,HTTPS,1681.3470878760015,1,0,0,Normal
30.69670898184995,26.024382543340725,156.32055653650454,Low,HTTP,558.3847910565128,0,0,0,Normal
62.511000873782905,48.93365045711881,646.0872195020654,High,SSH,2845.4379081854754,0,0,1,Attack
52.24962709529791,37.08982000485869,516.4424195904163,Medium,HTTPS,2128.576409850777,0,0,0,Normal
98.4056643396616,70.49624456077117,939.3950608483779,Critical,SSH,4460.887638630732,3,0,1,Attack
86.31001607900544,71.4363313616561,851.9971183784048,Critical,FTP,2712.0476138105146,2,0,0,Attack
74.33719189957628,52.310846170778944,586.1657938895654,High,DNS,2881.6085032336364,0,0,0,Normal
54.84018703806214,43.07398240951744,398.95685654752987,Medium,HTTPS,1917.863516046223,1,0,0,Normal
42.957424196793,38.46259299852271,494.56214679589533,Medium,FTP,1596.0719579537472,4,0,0,Attack
34.91520340976422,27.951358999416676,348.8640876464642,Low,HTTP,1214.4300624630462,0,0,0,Normal
68.30141832993831,54.789022053945686,652.4360827710942,High,HTTPS,3047.4009916435566,0,0,0,Normal
31.109048515500035,25.366603328410214,298.6492698351835,Low,HTTP,1103.0940518811317,1,0,0,Normal
55.633673420670675,44.006012323976314,512.307040937573,Medium,HTTPS,1710.1834399791626,1,0,0,Normal
88.60963186936715,68.60892064139303,606.0586387244612,Critical,DNS,2190.5076394625803,0,0,0,Normal
60.16493907865879,54.12859790770843,598.5974902358147,High,HTTPS,2615.2324160191138,1,0,0,Normal
60.64956509078911,53.49851195666822,340.5626912347116,High,HTTPS,1329.8704406178545,0,0,0,Normal
64.62275002500974,57.12671078221801,526.7576119435039,High,HTTPS,1865.8062081941634,0,0,0,Normal
57.298795593960676,49.75501575469884,423.5036768466432,Medium,HTTPS,2028.9934701090076,0,0,0,Normal
52.284862922824686,40.44683254305448,333.79928456480957,Medium,HTTPS,1584.7562343745067,1,0,0,Normal
89.90103573582019,80.72852092760297,466.2097775405873,Critical,DNS,1616.2029486355912,0,0,0,Normal
84.62767808763601,61.322074146131854,477.45825529932836,Critical,DNS,1549.183306722542,0,0,0,Normal
85.20092735194339,70.38030096851186,547.8525408805448,Critical,DNS,2727.07876665161,1,0,0,Normal
90.5029402744185,72.00828243969207,970.2044631598674,Critical,FTP,3906.403805827449,4,0,1,Attack
52.0757688669255,39.33645952323599,406.40114887297113,Medium,HTTPS,1454.0765233088273,0,0,0,Normal
89.39129321544897,63.23830057514028,837.7486445699392,Critical,DNS,3671.860505960143,1,0,0,Normal
37.38304369864636,27.127930941701166,204.03340414099992,Low,HTTP,773.7483026396249,0,0,0,Normal
67.81526383318123,51.35005455503173,663.9164830618223,High,HTTPS,2579.233271344817,0,0,0,Normal
58.69373377710872,49.326847904673514,558.6462648892516,Medium,HTTPS,2032.9094578935549,1,0,0,Normal
46.61091931502597,37.85559041645248,259.5345461900919,Medium,HTTP,1049.4238507795803,1,0,0,Normal
42.22973166768497,36.945445834464365,461.9402523184367,Medium,FTP,1530.4246809046451,0,0,0,Attack
37.702425412862794,27.082275177823565,345.9955244185502,Low,HTTP,1059.3978774416644,0,0,0,Normal
47.16148984400206,42.04932482767438,317.58669993951315,Medium,HTTP,1509.312068951613,0,0,0,Normal
72.12324074658682,63.52034651792531,421.5964305049375,High,DNS,2005.5721414735726,0,0,0,Normal
63.6484259874851,46.00026066422938,415.99805081020526,High,HTTPS,1520.2625444232988,1,0,0,Normal
82.46043516352074,61.68945929609902,694.5092330763658,Critical,DNS,3429.830552729751,1,0,0,Normal
35.49495727071189,30.77698134836082,257.7751262522887,Low,HTTP,970.2993199420708,1,0,0,Normal
87.48089362801693,67.30439138571698,555.9538445925344,Critical,DNS,1786.4582472082307,1,0,0,Normal
84.2158582742195,61.7992823668249,798.1495101579125,Critical,DNS,3887.624448566313,1,0,0,Normal
36.8172737214627,28.033958377581286,344.94400201423605,Low,HTTP,1434.3784744863995,0,0,0,Normal
44.43293868302135,37.18562933048242,274.00527894714264,Medium,HTTP,873.2202508874487,0,0,0,Normal
80.12411661999067,63.33748204982164,449.6258157216528,Critical,DNS,1683.4327427054675,1,0,0,Normal
60.80831228784518,45.86198406386234,804.7022647260254,High,SSH,2451.593408022305,2,0,0,Attack
50.14600444585085,44.083202774231644,579.4011233770509,Medium,SSH,2108.7223525404756,4,1,0,Attack
58.43048013008229,51.11283499090807,576.5748160316173,Medium,FTP,2402.235438203939,1,0,0,Attack
71.06799437075097,53.0642404679001,601.0593007725915,High,DNS,2975.3050632295262,0,0,0,Normal
57.14763315350865,41.40144064658264,398.9280353204849,Medium,HTTPS,1879.991504263749,0,0,0,Normal
46.26175109136966,41.53269240435445,333.6485491068109,Medium,HTTP,1416.8318385305608,1,0,0,Normal
83.72910421108827,67.204091355451,552.40115382361,Critical,DNS,2264.970628515867,0,0,0,Normal
82.42896623705747,62.46412729553447,627.1781519533353,Critical,DNS,1929.765575712138,0,0,0,Normal
44.000582559310715,36.88573141109691,254.43732754066494,Medium,HTTP,905.947293267068,0,0,0,Normal
37.33939812715107,29.095840559165524,192.47369260875521,Low,HTTP,916.6449966628779,0,0,0,Normal
89.33281657880798,70.43781895673996,838.0403195611335,Critical,DNS,3231.961167325637,0,0,0,Normal
60.79115137559711,46.438313743366294,570.9945593315196,High,HTTPS,2678.9272901901463,1,0,0,Normal
57.33802259230288,46.11974818525832,580.5086487746121,Medium,SSH,2200.47380039954,1,0,0,Attack
71.49029352993239,52.28110894804383,703.9104547772105,High,DNS,2266.676091597598,1,0,0,Normal
53.767886081768665,37.97025304800764,371.5536893901155,Medium,HTTPS,1314.3334380156618,0,0,0,Normal
56.54628272444825,49.491800600438474,312.8877087583675,Medium,HTTPS,1560.8414080256857,0,0,0,Normal
49.16976908258221,43.0584090555919,475.81551881774334,Medium,HTTP,1501.4769747709142,0,0,0,Normal
61.3045276073899,46.92551628714231,484.0442601126577,High,HTTPS,1741.840266212397,1,0,0,Normal
49.39107968337339,44.148193143385164,470.0301481443651,Medium,FTP,1794.3017977156455,1,0,0,Attack
31.85649547536741,24.73380011287794,218.5415261568801,Low,HTTP,793.0763661674456,1,0,0,Normal
92.57323142679525,66.77604481672914,673.6473402215813,Critical,FTP,2264.5823847235065,0,0,0,Attack
82.71269842618494,73.37275787132398,545.7975507852072,Critical,DNS,2576.704231804787,1,0,0,Normal
49.63483180719777,40.493553621710994,392.9080641356791,Medium,HTTP,1373.6544690991343,1,0,0,Normal
98.15485767714563,70.54265772570002,1169.3043373797561,Critical,FTP,5179.377948321947,2,0,0,Attack
62.923927228621324,48.72876070937784,784.029710182479,High,FTP,2856.575972409581,0,0,1,Attack
36.399634497583975,25.64930985009621,295.42669925033374,Low,HTTP,979.7628673397007,0,0,0,Normal
86.12391785332875,65.79424759468448,667.5094346544897,Critical,DNS,2520.7955365197436,1,0,0,Normal
64.7488113529107,52.87640332405831,336.19230480587595,High,HTTPS,1623.4819078482394,0,0,0,Normal
35.606214695144445,31.867926617220814,227.93239439261288,Low,HTTP,835.8858658913533,0,0,0,Normal
62.32224777864758,54.29893229459975,786.2097676016948,High,FTP,3174.4135030533794,0,0,0,Attack
31.39753355324501,25.891912757637726,224.22313219028754,Low,HTTP,682.594431187241,1,0,0,Normal
49.184583915703115,39.84063393839156,453.9351233528042,Medium,HTTP,2236.783481053729,0,0,0,Normal
74.99169429933318,53.07088553014004,723.178817760374,High,FTP,2977.226805519953,0,1,0,Attack
88.50307079876075,66.91355326449356,491.2185806402056,Critical,DNS,1877.6846278544187,0,0,0,Normal
81.378244029911,71.30722275486649,516.2225718713918,Critical,DNS,1689.5500059320868,0,0,0,Normal
67.39439529919764,52.94887852501546,672.0069418616021,High,HTTPS,2470.927869295449,0,0,0,Normal
63.00683730500168,54.76356578570416,339.54170224324946,High,HTTPS,1569.7982504798238,1,0,0,Normal
32.30705357171246,25.16912044640372,209.87586415079375,Low,HTTP,775.2040712381579,0,0,0,Normal
46.81773409865855,33.80296555243144,329.7628790875858,Medium,HTTP,1134.022416672589,1,0,0,Normal
82.87329103091906,62.46490138183235,544.6744360316525,Critical,DNS,1807.1959149310755,0,0,0,Normal
55.697100433717424,50.0633578232512,328.8459096713645,Medium,HTTPS,1415.8116266070922,1,0,0,Normal
80.75058578455355,57.781779252924686,751.1801029986378,Critical,DNS,2598.3128140890094,0,0,0,Normal
53.71788198390277,40.81761026731156,335.215947742492,Medium,HTTPS,1083.6019653250298,1,0,0,Normal
46.60359820831218,36.43198322509535,599.5620587726661,Medium,FTP,2153.795402190959,0,0,0,Attack
46.12195294088451,35.18620928996775,304.80312140211,Medium,HTTP,1198.5970707298643,1,0,0,Normal
89.65510286929202,66.00115913066467,519.2001070224867,Critical,DNS,2071.9396356979482,0,0,0,Normal
34.66759166461998,30.233568545698944,240.6294296440765,Low,HTTP,1083.968376195688,1,0,0,Normal
57.95543360892225,43.444099235446515,754.7823824199086,Medium,FTP,2664.8579271990075,4,0,0,Attack
54.522555933872354,45.9595292059148,363.5636922442674,Medium,HTTPS,1498.7754371437181,0,0,0,Normal
48.868513016350335,37.35242181202066,371.1094994648523,Medium,HTTP,1375.3310331192208,0,0,0,Normal
50.8502037866856,37.20421112559832,459.87811489697515,Medium,SSH,2284.673680418572,2,0,0,Attack
81.62966990770656,63.478654352616786,801.5094858693762,Critical,DNS,3144.829181156677,1,0,0,Normal
44.883655578887556,39.627903243073995,349.7403099215505,Medium,HTTP,1683.1862904261072,0,0,0,Normal
82.88357314901077,63.54893644253396,784.8478893710103,Critical,FTP,2655.185834697008,0,0,1,Attack
49.30361191585689,39.628352294651386,280.1566785884794,Medium,HTTP,1213.0024874389069,0,0,0,Normal
39.492991306397016,27.819906076805424,264.30072415335275,Low,HTTP,1048.3697166775312,0,0,0,Normal
53.29258010373451,47.577164096998814,482.7355904435524,Medium,HTTPS,2039.7906309447362,1,0,0,Normal
84.87082702136831,68.88847216904698,571.5268007132408,Critical,DNS,2646.3314931714685,1,0,0,Normal
50.01760431448929,39.126287300956754,304.970160895493,Medium,HTTPS,1205.358973397542,1,0,0,Normal
61.12849396682577,44.45820336623435,354.23012124533795,High,HTTPS,1307.4894309816998,1,0,0,Normal
31.327922929194756,24.050252239249755,258.8779212798328,Low,HTTP,1025.180687073785,0,0,0,Normal
87.82620021993353,75.7350404529244,539.9059648592216,Critical,DNS,2228.0004680668085,0,0,0,Normal
63.50583558601102,48.85904875127022,354.44971896128027,High,HTTPS,1258.903829678888,1,0,0,Normal
54.67509792120836,40.672272715198304,354.33304609766424,Medium,HTTPS,1065.4094650379573,0,0,0,Normal
38.187299315904966,27.94522821903801,279.9477324306649,Low,HTTP,981.2514176455769,0,0,0,Normal
50.308140379493125,41.782899154031746,376.1335808912396,Medium,HTTPS,1192.785788836226,1,0,0,Normal
88.6985669308342,66.16003480863787,977.1592621352573,Critical,SSH,4758.018927452199,4,0,0,Attack
50.80894047176116,36.74781498821903,321.44667427219014,Medium,HTTPS,1423.1897899011278,0,0,0,Normal
43.16707749007037,32.77365829835194,336.9682837222676,Medium,HTTP,1369.572802433679,0,0,0,Normal
39.53813482221449,31.36309095956676,267.47527647670654,Low,HTTP,1332.9850371490247,0,0,0,Normal
69.1618583325544,55.26473678825029,686.085335984904,High,HTTPS,2743.528878403556,1,0,0,Normal
53.76923471681948,45.72923242899412,593.0037913892608,Medium,SSH,2261.962434637484,2,0,0,Attack
36.97646898566745,27.845613624467163,352.4481060908408,Low,HTTP,1543.4168134647884,1,0,0,Normal
57.768430507421726,46.92215528881538,544.1637834642997,Medium,FTP,1960.4978575230239,3,0,0,Attack
57.970944511616835,44.672397782855384,482.5688334044435,Medium,HTTPS,1696.8139467785281,0,0,0,Normal
69.71913763154589,62.52411058474497,717.0683335954765,High,FTP,3117.1237211926036,4,1,0,Attack
75.1416214299752,59.53946417910636,605.9199006410103,High,DNS,2787.702602752002,0,0,0,Normal
45.918924021061684,40.46685333145501,416.7468564581541,Medium,HTTP,1527.6421491296855,0,0,0,Normal
63.67368929706572,47.01065333477925,469.9728436174418,High,HTTPS,1778.5528056752626,0,0,0,Normal
61.17993760082754,50.961229861976605,611.5992796013963,High,SSH,2253.9856025835106,0,0,0,Attack
89.0399481782515,70.93437862250853,658.9163554178666,Critical,DNS,2870.0713778213126,0,0,0,Normal
57.70899421404465,47.468430304006894,451.08890371200397,Medium,HTTPS,1743.3580377688324,0,0,0,Normal
94.38023665075889,81.45282615184304,802.0782951911751,Critical,SSH,3705.2929919045655,0,0,0,Attack
51.49173632198654,40.94820244330018,458.3343543038037,Medium,FTP,2019.6270892124148,4,0,0,Attack
69.8918691016479,53.754350577612605,437.71943553502115,High,HTTPS,1520.7041584890278,0,0,0,Normal
58.997371653349546,46.96245749520038,320.234195186034,Medium,HTTPS,1530.4415576659624,1,0,0,Normal
76.7644651435694,62.38375877909727,942.5495547080424,High,SSH,3120.730030007396,1,0,0,Attack
78.90852484269999,59.58945673714483,676.1379955689359,High,DNS,2443.1102514147124,1,0,0,Normal
58.57149924355326,41.03989233941362,448.71578207968884,Medium,HTTPS,1477.48881542818,1,0,0,Normal
50.73220648642746,38.07514827069123,505.23979172743714,Medium,HTTPS,1660.4489136333377,1,0,0,Normal
68.80279500146571,49.339695303762625,715.8172710137718,High,SSH,2654.3852031703623,1,0,1,Attack
63.799362097124686,56.585159063565825,448.8946712982502,High,HTTPS,1426.4447415268103,0,0,0,Normal
46.55140311873765,39.23097253084821,393.25835095051536,Medium,HTTP,1181.1749080454815,0,0,0,Normal
40.204072984852246,32.42215961385876,461.60505446484666,Medium,SSH,2157.893543742479,1,0,0,Attack
45.153709493461065,40.5642062618284,284.04067620958824,Medium,HTTP,1031.1241863343005,1,0,0,Normal
35.13528034454794,28.104063538936586,293.99784837395754,Low,HTTP,1383.253519643853,0,0,0,Normal
86.07707602510345,67.26419762951188,774.8609812996154,Critical,DNS,2718.050422670279,0,0,0,Normal
72.82356643976527,61.019828288161115,485.30274373893764,High,DNS,1971.1596648269463,1,0,0,Normal
61.931902964715846,47.085411671677974,431.103883619845,High,HTTPS,1970.3931029319338,1,0,0,Normal
89.50746716193521,67.27570290192922,600.9075091101427,Critical,DNS,2412.9336253506344,0,0,0,Normal
69.96447385652573,58.39961635398461,786.9572688765766,High,FTP,2740.243943096037,3,1,0,Attack
54.432443813129794,46.816133416234344,389.8420380780381,Medium,HTTPS,1261.1523010684277,1,0,0,Normal
71.37396287216689,54.71267968558285,645.8656817404634,High,DNS,2122.1506595046512,1,0,0,Normal
48.0831498032785,37.42972002527796,409.48202853685865,Medium,HTTP,1495.710063131873,1,0,0,Normal
55.4863366211066,42.64344753231434,543.2041738099502,Medium,FTP,2440.11088699667,4,0,0,Attack
70.41115784166323,58.833765414411836,665.2326867467638,High,DNS,2433.099739866971,1,0,0,Normal
78.02332287499667,61.36360382805666,450.7690806690195,High,DNS,1543.4895722833635,0,0,0,Normal
49.9690705849207,43.07141546027152,326.4642793061025,Medium,HTTP,1376.3512317082682,1,0,0,Normal
53.53120695137477,45.00073765650241,306.82819923855135,Medium,HTTPS,1443.5773586041346,0,0,0,Normal
50.56188313625171,37.79072353232318,289.0189449450986,Medium,HTTPS,875.3990830939217,1,0,0,Normal
80.67233894966193,70.82331295076136,746.189703827616,Critical,FTP,3362.3196001549745,4,0,0,Attack
65.94331118030823,48.21079417677503,559.0089869466522,High,FTP,2589.581131791395,0,0,0,Attack
78.5884525533038,59.8319887159145,393.6416277846056,High,DNS,1616.762183674949,0,0,0,Normal
72.19347864160227,52.6485761351592,663.2345423656235,High,DNS,2703.543872338254,0,0,0,Normal
44.224580978243466,32.22405131933242,290.7986246188338,Medium,HTTP,1445.386350405855,0,0,0,Normal
83.37396636641643,64.26622290254818,772.2468565940795,Critical,DNS,3239.824306923115,1,0,0,Normal
39.32835937652271,28.228647686802216,246.56827008733973,Low,HTTP,893.2755050859402,1,0,0,Normal
58.39992430948769,40.90073524330522,647.0092784646765,Medium,SSH,2717.8850824547026,4,0,1,Attack
38.781157768535195,33.64172949176941,346.17768671151634,Low,HTTP,1098.388412332981,0,0,0,Normal
38.59371376645868,29.447771721961537,290.94667734762436,Low,HTTP,1211.137063543339,1,0,0,Normal
51.24564790443401,44.60922569513176,317.9888067695461,Medium,HTTPS,1512.4460328609096,1,0,0,Normal
35.33047501330657,26.52538244379021,197.41204429354838,Low,HTTP,610.9285690238302,1,0,0,Normal
40.10678897400794,32.33293560818568,429.1848434690443,Medium,SSH,1437.0720332725507,0,0,0,Attack
80.24284545004775,68.77274126362094,532.1480689577514,Critical,DNS,1921.5017938591745,1,0,0,Normal
58.905970802588854,47.21597818779765,714.259356102194,Medium,SSH,2730.0657181108936,4,0,1,Attack
81.14935132631217,60.71655030312445,539.1394148618998,Critical,DNS,2236.5490118523167,1,0,0,Normal
55.2337317893398,39.96179349882852,534.7336426944194,Medium,FTP,2332.2747134855695,2,0,0,Attack
61.8513406481361,45.063316530529775,497.2742781620913,High,HTTPS,2429.9645607438747,0,0,0,Normal
77.11728271064203,59.01544985834636,714.2678419994616,High,DNS,2803.237053903343,0,0,0,Normal
60.46447691711364,51.346853865308944,306.6855040807827,High,HTTPS,1527.0601649726066,1,0,0,Normal
44.46223898565222,34.047034281242624,389.7098555211654,Medium,HTTP,1570.9386852811651,1,0,0,Normal
37.051024098327616,27.507142556618,336.46497296480504,Low,HTTP,1379.8518832372383,1,0,0,Normal
48.5723836782563,39.9067405801003,577.3094404409385,Medium,FTP,1753.9323923836387,1,0,0,Attack
49.580637895851396,43.15914834130859,381.3124604611345,Medium,HTTP,1591.213785909197,1,0,0,Normal
74.76208420208422,52.54925236180535,742.0890047805927,High,DNS,3553.3575934308656,0,0,0,Normal
49.72550454935117,42.2964394984774,397.22250950096486,Medium,HTTP,1747.2506636377404,0,0,0,Normal
42.72374294123438,36.88105709477547,280.1430376314196,Medium,HTTP,1121.2777140239352,0,0,0,Normal
66.47796273151471,53.89496818001767,531.9382932418043,High,HTTPS,1979.0185716455828,1,0,0,Normal
91.14517787347722,73.61159247445745,695.1242022297054,Critical,FTP,2604.246061384046,4,1,0,Attack
30.865920563810505,27.687974580822516,244.0526527302766,Low,HTTP,1014.3718279723246,1,0,0,Normal
75.17954949958948,61.61206237544627,705.989914128937,High,DNS,2916.959137987064,1,0,0,Normal
88.97349732797011,67.8230053626856,665.9291627801103,Critical,SSH,2774.6255168517773,2,0,0,Attack
63.21579346986255,51.84130937430136,371.136058280528,High,HTTPS,1265.2941798782463,0,0,0,Normal
62.289041039475705,44.67932838204092,406.56687601173996,High,HTTPS,1920.5344092589783,0,0,0,Normal
89.11208940211509,72.73993348410946,628.7377099578739,Critical,DNS,1941.0518885282627,1,0,0,Normal
75.859663108713,66.42489831144731,797.0854506072995,High,SSH,2576.5796193233978,0,0,1,Attack
58.68497046714765,41.6351521416725,693.1831300221113,Medium,SSH,2740.690488774656,2,0,0,Attack
66.0206850002578,48.51447869840817,641.484699454933,High,HTTPS,2802.697799841734,0,0,0,Normal
35.18710660704528,26.780345567704117,257.273175537114,Low,HTTP,1225.4700866502822,1,0,0,Normal
64.88237445271807,50.75250538924029,645.4560507996448,High,HTTPS,2731.9828640658334,1,0,0,Normal
82.68861047901737,67.3777276011141,626.5826306855189,Critical,DNS,2940.8548545118456,0,0,0,Normal
32.84062244683355,27.45989484510109,254.59912873166607,Low,HTTP,990.3416469845735,1,0,0,Normal
40.4512662882189,35.94729274056365,206.1108177683336,Medium,HTTP,784.7563448246876,1,0,0,Normal
48.32521468822961,38.29594496712276,383.3387796529314,Medium,HTTP,1532.3261038970006,1,0,0,Normal
54.66699153970694,49.08679365141006,517.7397696285323,Medium,HTTPS,2249.370720557659,0,0,0,Normal
64.45105756691191,51.76094628136498,547.6196602537311,High,HTTPS,1687.7442830910136,1,0,0,Normal
70.84690361356479,57.39326673651017,531.7978616232084,High,DNS,2092.6692718054737,1,0,0,Normal
86.59703914658166,60.947990843382165,588.9445688967093,Critical,DNS,2161.78339671486,0,0,0,Normal
57.73890223264971,47.18995767850664,396.44210352030353,Medium,HTTPS,1909.5692037065612,0,0,0,Normal
89.37714479361603,78.54747046467911,705.267159490766,Critical,DNS,3434.6647496863116,1,0,0,Normal
60.931405482187984,51.17427562016388,477.05165325822963,High,HTTPS,1562.5065691638508,0,0,0,Normal
63.03080505633261,50.44051887661268,498.9751021775659,High,HTTPS,2086.677059939555,1,0,0,Normal
31.143445933121257,24.04395874727512,187.58056846224812,Low,HTTP,874.575646241943,1,0,0,Normal
65.18975519327796,50.49889909858067,606.8815408126636,High,HTTPS,2911.7051825861245,1,0,0,Normal
83.64951793679211,68.22759743197925,436.4874520823053,Critical,DNS,1589.289653039247,1,0,0,Normal
71.96009454495652,58.516000152360725,401.62748085994406,High,DNS,1744.1078291255885,1,0,0,Normal
70.07555749065432,57.22753718347432,717.4686652653569,High,FTP,3084.1018034159597,1,0,0,Attack
51.611737495986745,38.24040676233087,434.7101470418145,Medium,HTTPS,1359.3388810032013,1,0,0,Normal
52.39341342297848,45.706886108420484,492.93072366463167,Medium,HTTPS,1825.0474103594324,0,0,0,Normal
74.6909406586201,52.93511588176688,803.6222381028546,High,SSH,3888.0429951167803,0,0,0,Attack
63.95187578222249,46.253201382273375,590.512897007957,High,HTTPS,2229.951540765949,1,0,0,Normal
64.99642628361471,51.69669841135991,469.56793007868606,High,HTTPS,1899.945350508827,1,0,0,Normal
42.27738466644951,35.382280320414445,296.72896112103575,Medium,HTTP,1413.5529992415584,1,0,0,Normal
91.71354253686332,80.37135616678125,887.2360913483787,Critical,SSH,3912.8501278381586,3,1,0,Attack
32.616612195488415,26.852081436046294,272.72356937483937,Low,HTTP,1242.7462863457322,1,0,0,Normal
36.97503388226323,32.1441824307479,192.4517581229585,Low,HTTP,955.17724390988,0,0,0,Normal
58.61326553145773,46.244739270638284,430.0871488380264,Medium,HTTPS,1528.6324229206457,0,0,0,Normal
71.07239200980985,55.48940475879823,474.5158697547419,High,DNS,2032.098352744204,1,0,0,Normal
82.89908974285936,66.29701879310144,791.016255317272,Critical,DNS,3020.8334216386493,0,0,0,Normal
66.97918908721476,55.891434945933646,648.0269030954693,High,HTTPS,2165.7622384481015,0,0,0,Normal
80.80448661468836,57.225449541840234,459.64428916707857,Critical,DNS,2076.0324476020605,1,0,0,Normal
56.69423048517274,44.98734828460806,450.9921454111245,Medium,HTTPS,2003.520510674487,1,0,0,Normal
54.2234580389777,41.59267759874807,496.46998458249914,Medium,HTTPS,2049.9071102712282,0,0,0,Normal
69.91946955778985,61.64636651631369,863.8529746730235,High,SSH,3958.8017162943092,4,0,1,Attack
70.3379140936886,62.389866264468026,464.42172501808113,High,DNS,1953.0709973374946,1,0,0,Normal
32.45893120285473,23.61497746341214,271.24312542207923,Low,HTTP,861.7142521365392,1,0,0,Normal
58.05252086298424,47.49814422387802,478.72829253352893,Medium,HTTPS,1652.6227874226995,0,0,0,Normal
50.11817635560874,43.4143691889755,266.50347517470385,Medium,HTTPS,1331.3635441691104,1,0,0,Normal
84.5030071289159,74.3441798997558,570.9111872528805,Critical,DNS,2114.3967375057678,1,0,0,Normal
96.10058203332301,73.43130986445371,1122.120543492113,Critical,FTP,3534.9386052585673,0,0,0,Attack
38.26021302884328,31.918968472199584,265.5541990518688,Low,HTTP,1199.5379692999481,1,0,0,Normal
65.45778642059304,54.320716518101136,498.4866602350026,High,HTTPS,2318.1501412653174,0,0,0,Normal
79.87200061470503,56.92477945361754,751.5526115337108,High,DNS,2614.0761977433053,1,0,0,Normal
83.93444124303642,64.6500164791211,715.5739775641672,Critical,DNS,3573.8603767127224,0,0,0,Normal
59.23266949306708,52.350707517136016,726.6966394471501,Medium,SSH,3446.806657734586,3,0,0,Attack
70.27802470522147,54.65027283354252,696.3152877406836,High,DNS,3292.3568122714387,0,0,0,Normal
78.95762363121321,63.53053996364757,704.1915605198059,High,FTP,2168.8581434773273,2,0,0,Attack
33.810017335927114,29.63037256482725,277.45062972935403,Low,HTTP,1135.0986787135835,1,0,0,Normal
51.07325975492131,42.95341139825455,359.92949125879863,Medium,HTTPS,1683.4175281393775,0,0,0,Normal
95.14442772124312,81.41316735589932,757.0912998544181,Critical,FTP,2362.016563306474,3,0,0,Attack
63.28888253236073,56.727113487633886,756.4052610730092,High,SSH,3383.4244571607346,4,0,1,Attack
61.38469615187205,46.37146521320083,528.2879255135214,High,HTTPS,1990.24973501301,1,0,0,Normal
92.91355254652444,76.95533935685046,926.8080976072442,Critical,FTP,3713.3055373906664,0,1,1,Attack
72.30469880541932,56.53451696478509,647.6198587665951,High,DNS,1955.1716330011316,1,0,0,Normal
76.70394779532216,56.31670520340029,614.6637308207702,High,DNS,2792.3628957081637,1,0,0,Normal
88.89610568789067,75.70931637998814,483.7964428073186,Critical,DNS,1769.8550599653101,0,0,0,Normal
46.62716338192695,39.36485763418861,285.83734897237366,Medium,HTTP,1113.4672765034786,0,0,0,Normal
68.47399732665508,55.662271669708275,683.9988246849862,High,HTTPS,2984.5845384013296,1,0,0,Normal
54.56781329077785,46.83406043645998,368.8166969037972,Medium,HTTPS,1123.6738910041067,1,0,0,Normal
50.26260768354405,41.24239217427217,470.19050750314693,Medium,FTP,1985.009977010409,1,1,0,Attack
75.49819914203908,54.18435729153971,663.8389915635355,High,DNS,3122.9322201462232,0,0,0,Normal
83.27419541961717,62.05684751236847,959.9552024412383,Critical,FTP,4213.860262677561,1,0,0,Attack
63.86894518880581,57.454398492467625,395.70555345992176,High,HTTPS,1195.142306914,1,0,0,Normal
77.48178795562126,59.68846389542152,773.732512776449,High,DNS,3316.479857792197,1,0,0,Normal
66.16147515029297,47.30698119590249,619.1252360747825,High,HTTPS,2697.6386995411394,0,0,0,Normal
45.30721755203558,38.588663096297935,622.2922438902274,Medium,FTP,1948.5820359827558,3,0,0,Attack
53.5633038530068,46.33426902135157,478.519317841542,Medium,FTP,1609.4113346220304,2,0,0,Attack
89.87011444743985,67.20697874789978,694.5103025448416,Critical,DNS,3398.1567479788628,0,0,0,Normal
51.10642695652132,45.967148257744014,469.80551974298413,Medium,HTTPS,2316.1392078643694,0,0,0,Normal
34.50692153601267,30.16980272904451,182.874344705037,Low,HTTP,663.7655601534917,1,0,0,Normal
75.51334984527784,65.90998353242568,655.6505811548208,High,DNS,2415.3171803488717,1,0,0,Normal
79.51126436397317,56.29338957809176,550.0903310072493,High,DNS,1972.6389636616234,0,0,0,Normal
44.34703403167077,35.881954892729375,333.3292434277093,Medium,HTTP,1629.3485266712262,1,0,0,Normal
99.83190370665397,86.62489998443975,703.9043392888461,Critical,SSH,2938.910538485694,3,0,0,Attack
82.29348825763736,58.59178653621051,728.8963528685223,Critical,DNS,2195.3950756451795,1,0,0,Normal
81.84767461967112,69.34979141755885,543.9317961298741,Critical,DNS,2315.311034614359,0,0,0,Normal
32.39779053343227,25.164523702384358,234.51607293230248,Low,HTTP,902.5671376406721,0,0,0,Normal
72.73520660099166,58.23582688410874,811.600382747416,High,SSH,2888.159849165137,4,1,1,Attack
80.31227523912094,56.371276263042354,410.93786729121393,Critical,DNS,1613.0687187008637,0,0,0,Normal
33.59570888322196,28.700516581948904,270.58943713289494,Low,HTTP,1299.0202078916827,0,0,0,Normal
74.19094093929743,56.817380444097104,687.0733822681121,High,DNS,3403.8292125883377,0,0,0,Normal
53.02073957558605,41.86230018119625,449.3033955223354,Medium,HTTPS,1558.6898689477498,1,0,0,Normal
60.19658266832266,50.34502175289677,304.0351607187387,High,HTTPS,1317.2496528584836,1,0,0,Normal
30.570337206372642,21.542000021076817,251.16122976662064,Low,HTTP,1102.358865629359,1,0,0,Normal
76.2873432590277,62.72127389958632,640.2754273967921,High,DNS,2826.785470722054,0,0,0,Normal
49.74791689426638,43.302337485648316,265.06900496727013,Medium,HTTP,937.1548090275334,1,0,0,Normal
56.863728323805844,47.70663582480888,335.9672954053093,Medium,HTTPS,1312.7233399678676,1,0,0,Normal
70.90305556193925,49.77594351200935,690.0430182173968,High,DNS,3313.2854895704927,1,0,0,Normal
31.401004924991867,26.019937226499277,308.5145384498423,Low,HTTP,1225.164746181945,1,0,0,Normal
66.65142821904738,55.70178325360523,438.17089788251604,High,HTTPS,1352.5819226633996,1,0,0,Normal
81.13055694984723,57.856612340293964,544.3552379195786,Critical,DNS,1715.9114052420034,0,0,0,Normal
71.68927837345109,52.787075903175214,463.47608373427164,High,DNS,1906.5526886072246,1,0,0,Normal
30.608455943875015,27.21973776490252,297.52226901579144,Low,HTTP,1457.0458288382376,0,0,0,Normal
68.59017049282556,61.250992985464926,544.4612559510293,High,HTTPS,2332.035924861507,0,0,0,Normal
70.71533232810907,53.953157056424146,355.68824062494946,High,DNS,1229.2830328523426,0,0,0,Normal
33.938919620850356,26.078150473728325,276.31542235955976,Low,HTTP,1145.5235406344937,1,0,0,Normal
40.899458472122205,31.02644099525308,291.2692340940771,Medium,HTTP,1245.9631560732419,1,0,0,Normal
86.78645092206352,77.13671365985667,555.1291930424542,Critical,DNS,2615.862084088282,1,0,0,Normal
87.8998720022355,71.85951800938976,642.8413902652396,Critical,DNS,3120.2105560412865,1,0,0,Normal
48.88879376012483,34.28054893723244,464.5297723086945,Medium,HTTP,1911.8603449649268,0,0,0,Normal
50.515444496122655,41.70868360754057,499.3576082914875,Medium,HTTPS,1927.6090002449903,0,0,0,Normal
57.580820047296584,45.193093071509885,555.4356784626071,Medium,SSH,2744.73570170237,0,1,1,Attack
96.64316667054663,73.04868880249263,1005.172145265956,Critical,SSH,3625.6630059971235,3,0,1,Attack
65.2546848107886,51.716522559841174,552.8782596295171,High,HTTPS,1839.432311167727,1,0,0,Normal
30.358323251530237,26.71746633984819,259.1805645184059,Low,HTTP,787.3021519628112,0,0,0,Normal
67.69860400263497,60.61799685623308,429.12665996620746,High,HTTPS,2138.8896207447146,0,0,0,Normal
55.459097496641334,41.423095960361856,403.089894810135,Medium,HTTPS,1977.5792363271214,1,0,0,Normal
46.75795294926502,38.96133064675761,444.3833384725252,Medium,HTTP,2086.9157371104234,1,0,0,Normal
57.76004455372458,48.4551825900767,429.0377781288496,Medium,HTTPS,1798.6262515018043,1,0,0,Normal
84.02116597630084,70.7034103868239,438.3556784291152,Critical,DNS,1523.0330897443444,0,0,0,Normal
88.62295500453911,66.78193947868084,476.83370283489677,Critical,DNS,1614.4871763342865,0,0,0,Normal
44.07376515388023,34.850426368084634,343.0695866212952,Medium,HTTP,1048.62693753238,1,0,0,Normal
69.97670891858434,61.590445922365454,681.7947014382091,High,HTTPS,2901.437424379147,0,0,0,Normal
81.67146059768129,65.1017378908362,870.3591510947954,Critical,FTP,3838.690021672342,4,0,0,Attack
82.44856899545994,58.43032917828523,706.248395887947,Critical,FTP,2300.7108028092944,2,0,0,Attack
46.06537823725375,32.94683602389978,362.2707736805515,Medium,HTTP,1109.601836942722,0,0,0,Normal
67.21885057748295,54.53864991954924,750.8085010106256,High,SSH,3504.7590143214884,3,0,0,Attack
84.04691021132749,74.77877552006385,779.9906509781248,Critical,DNS,3516.1525453782865,0,0,0,Normal
59.135203709156485,48.982866216539904,569.7351341226763,Medium,HTTPS,2471.788454823371,0,0,0,Normal
32.606464454838715,24.311604247435096,253.97905411515816,Low,HTTP,1003.1223361081409,0,0,0,Normal
34.56571476008321,28.156227974732396,247.16019842406675,Low,HTTP,752.2853695728269,0,0,0,Normal
63.40783627361816,52.48712103310983,624.8193211662799,High,HTTPS,3062.808720231554,1,0,0,Normal
86.91799376814743,75.72441740719141,566.4895544888343,Critical,DNS,1705.8046594067162,1,0,0,Normal
68.49597098262166,60.64482444130794,398.47727527207877,High,HTTPS,1835.1468368586395,1,0,0,Normal
43.68206416038447,35.45100730779558,222.52286846910079,Medium,HTTP,931.1125428489926,0,0,0,Normal
64.37129250902217,50.59697845437821,641.1839553270354,High,HTTPS,2507.2467742052313,1,0,0,Normal
78.33107759717677,70.04044234791805,964.9127922469186,High,SSH,4113.6134398497215,1,0,1,Attack
81.36504350014775,61.894445884592805,751.8549217267596,Critical,DNS,2370.8461493428613,1,0,0,Normal
85.61339406383922,62.72903202707361,683.2447144139159,Critical,DNS,2661.0577435446453,1,0,0,Normal
63.47068749520986,44.66850495837833,392.633336320718,High,HTTPS,1478.7950338462415,0,0,0,Normal
55.80532477557426,50.13709483321143,332.8577719718984,Medium,HTTPS,1115.6041461310238,0,0,0,Normal
88.24771660147235,78.59385891131369,453.7259172584298,Critical,DNS,2247.3266270544696,0,0,0,Normal
48.21021124807885,41.924593229568224,392.38147620725465,Medium,HTTP,1705.5621818386448,0,0,0,Normal
39.81034409276617,32.613560717482564,339.42962853389287,Low,HTTP,1426.3076713193404,0,0,0,Normal
31.12976739892474,23.267705216024755,175.70037731337493,Low,HTTP,575.6330640402672,0,0,0,Normal
89.52855324205302,66.12444243306076,461.72278960671827,Critical,DNS,1935.446009136237,1,0,0,Normal
87.1815043087554,61.52051148813923,799.4500202752508,Critical,DNS,2898.6931671152797,0,0,0,Normal
80.8861824759515,66.77630062497919,709.3600737286388,Critical,DNS,2999.429926311392,0,0,0,Normal
65.76698439093889,55.313102981644,548.9055508481288,High,HTTPS,2515.3979981149214,0,0,0,Normal
44.232692630030215,32.102544650632986,326.1747769288779,Medium,HTTP,1021.6504817448581,1,0,0,Normal
51.575486384608666,36.427288493317505,463.5140746084749,Medium,FTP,1667.9499971444236,4,0,0,Attack
31.698038394461037,27.475796063751105,309.2073138543921,Low,HTTP,1132.8231775479953,0,0,0,Normal
77.66764327701821,66.07917973298736,590.509932829771,High,SSH,2180.192030799846,0,0,0,Attack
72.31399992211664,60.2989345982498,651.8020537917834,High,DNS,1961.1124899703739,0,0,0,Normal
47.729530411888845,37.943192730339334,579.9682774802284,Medium,FTP,1769.5882859416004,2,0,0,Attack
31.887222284276504,22.46045273577056,232.0065848795409,Low,HTTP,1107.4242794212728,0,0,0,Normal
90.0393979132059,80.15227091370438,934.5407605668088,Critical,FTP,3301.6353033967557,3,0,0,Attack
75.23825731637771,52.75093159241877,405.0318587280822,High,DNS,1431.904535176227,1,0,0,Normal
70.1546090516058,60.37084011340416,507.6976700612312,High,DNS,1577.3500103497265,1,0,0,Normal
58.48878714856255,47.86924365175979,404.50131495966116,Medium,HTTPS,1905.6492618069824,1,0,0,Normal
41.31147017636977,32.67877431879063,442.86952427286485,Medium,FTP,2097.088011679244,0,0,0,Attack
87.05733080634673,71.93718854547714,860.3547008660056,Critical,DNS,2883.141795433733,0,0,0,Normal
30.335539952502586,21.700010658443457,253.80941874212803,Low,HTTP,763.1030287700714,0,0,0,Normal
78.1619693824905,61.70681086537281,625.7005956553866,High,DNS,2055.7963960374836,1,0,0,Normal
75.53036223936942,58.65953187283096,629.8092747685147,High,FTP,2601.685204617245,2,0,0,Attack
57.310176902028616,42.1321158632714,457.3054455889205,Medium,HTTPS,1402.4632197062185,1,0,0,Normal
67.89591368989932,60.787543113743865,445.7127647044468,High,HTTPS,1985.6547148209104,0,0,0,Normal
34.59987881296911,28.879459855196117,279.25218202691156,Low,HTTP,1224.1345381162105,1,0,0,Normal
56.84207813421381,46.622280631439835,509.1017806486326,Medium,HTTPS,2257.5525624750694,0,0,0,Normal
52.990535727585666,38.55707879936756,282.46842483282296,Medium,HTTPS,1153.225203368323,0,0,0,Normal
40.5478231307643,33.21593431025945,263.40761497144854,Medium,HTTP,853.8900303326607,0,0,0,Normal
88.59146512724692,67.55860345239512,589.9386333809286,Critical,DNS,2351.743014675658,0,0,0,Normal
70.40081797371386,57.92832909537475,473.8062553789635,High,DNS,1885.2841843130745,1,0,0,Normal
66.06215410363802,56.69830484615458,331.75665564856627,High,HTTPS,1367.4882991132904,0,0,0,Normal
48.28659553990292,34.43905220641443,447.611388524213,Medium,SSH,1816.9543256245095,1,0,0,Attack
75.7537673709885,57.56141187724765,914.5938165849168,High,FTP,3936.0728425161606,3,0,1,Attack
48.77577435487183,37.37998009459426,308.8599079073238,Medium,HTTP,928.1220161706315,0,0,0,Normal
66.8508069764357,51.42197309307296,423.71523130416955,High,HTTPS,1791.3978806030902,1,0,0,Normal
87.47709387680516,61.31054924695362,660.7568820223066,Critical,SSH,2631.257045880359,0,0,0,Attack
33.96653763644281,23.950421050413297,315.13369888268005,Low,HTTP,1045.1510591400536,0,0,0,Normal
47.954650474421214,42.07178991918022,447.8038396418462,Medium,HTTP,1687.5666033819182,0,0,0,Normal
59.90909271455166,45.128896413928146,552.1319156746551,Medium,FTP,1871.8214474181123,2,0,0,Attack
50.76149153082952,38.250249125583075,254.6448374558289,Medium,HTTPS,1042.2911330109287,1,0,0,Normal
30.262640869041206,21.50726157779513,172.9200671846718,Low,HTTP,681.6113765805017,1,0,0,Normal
41.53543502223329,36.1819648075077,525.1092348006505,Medium,SSH,1818.1778877441063,0,0,0,Attack
83.19735105746076,72.67478004245946,429.88020313566864,Critical,DNS,1958.830981598128,1,0,0,Normal
55.986879632546334,41.15656166262771,683.5880382484083,Medium,FTP,2529.2920273502396,4,0,0,Attack
46.058659657501266,32.271453768150245,389.6121288973573,Medium,HTTP,1945.3578589760484,1,0,0,Normal
33.20606160115858,24.192579152104386,285.10587948617547,Low,HTTP,878.0318325284607,1,0,0,Normal
81.33323116615998,66.13131533560752,626.8086636589895,Critical,DNS,1947.66545294394,0,0,0,Normal
82.05682916130172,57.98789992011395,459.868203556869,Critical,DNS,1715.372952818993,1,0,0,Normal
40.533249572472414,34.27090205493426,302.62324182616914,Medium,HTTP,1234.9526048815194,0,0,0,Normal
30.197956311312737,25.31680918616381,224.9007286651524,Low,HTTP,1114.5427239918129,0,0,0,Normal
38.56773720428464,32.52950883191965,301.0175165982533,Low,HTTP,1221.7335787361105,1,0,0,Normal
63.92728920545778,51.6703146285899,488.9195416255945,High,HTTPS,1570.9007457400448,0,0,0,Normal
32.00392647195258,23.176302446423787,264.3227814056412,Low,HTTP,1083.3963636667513,1,0,0,Normal
83.65029265905832,66.80663487160156,619.2957329738199,Critical,FTP,3037.415429830875,3,0,1,Attack
71.50850201753201,57.05677101204414,577.0440278114979,High,DNS,2403.5183112988407,1,0,0,Normal
73.03150656429352,59.315911479626294,544.4839076488141,High,DNS,2446.299701970868,0,0,0,Normal
62.48008293856401,50.35409050262899,361.8428097121153,High,HTTPS,1261.306295787398,1,0,0,Normal
37.25117822716129,30.93199788910337,257.82842610514666,Low,HTTP,1138.0614612910217,0,0,0,Normal
59.59259225986898,41.744572152471974,356.0911710687371,Medium,HTTPS,1361.65844113511,0,0,0,Normal
59.37057581511908,48.84912730301755,459.1003549587308,Medium,HTTPS,1474.8730633258829,1,0,0,Normal
63.65885740317026,50.813686354724275,468.17451632836867,High,HTTPS,2085.831515498177,1,0,0,Normal
61.776682109120884,45.1991083760676,380.30892347800165,High,HTTPS,1328.9286791464626,1,0,0,Normal
69.10888214442821,53.68751031853611,614.4972388973135,High,HTTPS,3033.0309687563076,1,0,0,Normal
30.149805048422422,22.281220611781155,203.51297980251547,Low,HTTP,927.2913252357563,0,0,0,Normal
66.8350355324219,54.09037674751152,667.1912489191005,High,HTTPS,2937.4270709986686,1,0,0,Normal
59.465590936888475,47.226212982200565,309.17191398351133,Medium,HTTPS,940.3406265018516,0,0,0,Normal
39.49596595150069,29.47376803245305,208.0719276911144,Low,HTTP,999.6033772216439,1,0,0,Normal
53.056194743548986,45.398543059594125,362.12714840407733,Medium,HTTPS,1268.9712051022098,1,0,0,Normal
41.705121237064304,32.113042711001576,321.2154896337505,Medium,HTTP,1042.3163448836406,1,0,0,Normal
62.79351233952184,56.470600501899554,620.9822656296865,High,HTTPS,2824.437175699111,0,0,0,Normal
58.253142219618894,41.24129842813896,445.44420801253875,Medium,HTTPS,1932.9825980927956,1,0,0,Normal
43.874266566708684,31.18263772983771,242.73488645826285,Medium,HTTP,1018.4718493203937,0,0,0,Normal
76.70071108019329,59.290726343762366,594.193261098602,High,DNS,2618.6529885071727,1,0,0,Normal
51.000714721303666,41.2127869759534,497.84709572100934,Medium,HTTPS,1603.1286054194836,1,0,0,Normal
89.79188644472742,80.41500689768284,710.528848548645,Critical,DNS,3194.7942887148915,0,0,0,Normal
42.390079865508596,34.16080612754019,570.1584302046779,Medium,FTP,1849.3512391978725,0,1,0,Attack
33.21818120259195,23.96028944611444,206.4331545605077,Low,HTTP,946.1169590366437,0,0,0,Normal
51.904211220826255,42.03598910808131,443.0058592841545,Medium,HTTPS,2134.4494223306015,1,0,0,Normal
62.42476130675641,55.58693013761454,440.70382750140493,High,HTTPS,2124.06413005156,1,0,0,Normal
88.67129118792946,72.4021059042128,490.4694400229335,Critical,DNS,1915.6377698557706,0,0,0,Normal
61.76038051300566,52.45233692107101,533.492898074472,High,HTTPS,2468.598953693103,1,0,0,Normal
36.390138580900384,27.240875930294933,226.92344458854078,Low,HTTP,819.8318358113345,0,0,0,Normal
62.96288173558423,52.97713446969178,619.5221213682291,High,HTTPS,2848.3712160593236,0,0,0,Normal
87.1388515101853,68.17660058810804,774.7566497993857,Critical,DNS,3562.1956527533384,0,0,0,Normal
64.95675522790407,46.85024608931434,552.5670219871357,High,HTTPS,2163.7943820759783,1,0,0,Normal
74.78633625010843,63.23366906176102,381.6872865064162,High,DNS,1188.9502708661557,1,0,0,Normal
44.573554753587814,33.40493738022834,423.90834261423595,Medium,HTTP,1454.0929440317225,0,0,0,Normal
72.42078988143476,64.71371635280104,453.39298071682424,High,DNS,1822.3222070350464,0,0,0,Normal
54.717118965490954,46.81828429742156,307.0879406205927,Medium,HTTPS,1352.018609988677,0,0,0,Normal
46.375860793559696,38.968134442303935,611.3930615661212,Medium,FTP,2338.910063606479,1,1,0,Attack
73.65730786819768,51.86565634991877,614.9371301333678,High,DNS,2972.283410682851,0,0,0,Normal
54.83019964347477,48.273188600669414,638.0685978554932,Medium,FTP,2126.500167366921,4,0,0,Attack
88.07378016208531,66.09245383618078,750.1844629183272,Critical,DNS,2358.9218748171793,1,0,0,Normal
76.69270522237639,55.563198346224176,425.6679899291368,High,DNS,1533.127456117559,0,0,0,Normal
82.0802877326787,70.16500346938884,917.4558167121168,Critical,FTP,4505.473900705996,0,0,0,Attack
31.244442069728393,26.056144345424187,175.24806921759117,Low,HTTP,827.4337818441571,1,0,0,Normal
94.1237251435814,77.1421092728377,1043.1518092853585,Critical,FTP,3950.584119383832,2,0,1,Attack
45.12643506801396,37.93812270674541,430.74384073815685,Medium,HTTP,1411.2294040598217,1,0,0,Normal
37.34739250016446,26.965274672589686,356.64041253610293,Low,HTTP,1148.368690776147,0,0,0,Normal
76.4501370825019,64.95479722685953,555.3573030781804,High,DNS,2101.653466934447,1,0,0,Normal
80.18348179117311,58.081500912023444,927.1115591918598,Critical,SSH,3634.528751186881,1,0,0,Attack
65.87459481175756,56.541243686902426,430.2948964034114,High,HTTPS,2090.797142371016,1,0,0,Normal
82.21218549326295,72.49558095368596,939.4350778167081,Critical,FTP,4328.977407934903,4,0,0,Attack
36.603673248173436,32.283374025936446,329.2340455863155,Low,HTTP,1142.4639900202073,0,0,0,Normal
74.89083357730124,59.20661850677617,545.9344987946871,High,DNS,1744.8443468445246,1,0,0,Normal
37.30722942396824,32.18583713467076,197.2606006781406,Low,HTTP,962.6578048645979,0,0,0,Normal
77.49491369992029,58.995424041310116,470.82151231973575,High,DNS,1964.569801448359,1,0,0,Normal
84.54319582451717,72.68762648918914,638.1530844806464,Critical,DNS,2840.2272419065143,0,0,0,Normal
84.59126498361002,72.73009102605357,719.5984883302938,Critical,DNS,2818.8220495407995,1,0,0,Normal
57.17168982635485,45.25650877933924,403.8525803572783,Medium,HTTPS,2005.6363329439876,0,0,0,Normal
78.8171592875733,56.07829264565626,755.3590773163302,High,DNS,2632.976784569895,0,0,0,Normal
48.3843721786252,35.95058528954537,282.1672593812797,Medium,HTTP,1183.0949351497961,1,0,0,Normal
77.93072682063212,62.49498431541225,417.79749504912513,High,DNS,2023.3228062400483,0,0,0,Normal
77.93475617185322,65.48630187339886,506.9067061042917,High,DNS,1808.0946720942322,0,0,0,Normal
57.47684693313204,44.978750114420606,561.9561248902545,Medium,HTTPS,2600.2117437641964,0,0,0,Normal
33.449557758285664,29.547584122732257,311.20633398455186,Low,HTTP,1058.7486994974247,0,0,0,Normal
42.90618026512675,31.461874994943674,298.9661085168429,Medium,HTTP,1200.0799216077671,1,0,0,Normal
60.578986742621055,43.280389232931306,344.7340177865768,High,HTTPS,1165.085251527606,1,0,0,Normal
82.08124753349693,62.39568374968473,655.5431921144931,Critical,FTP,2641.8436788954195,3,0,0,Attack
54.766271191329,48.80131921257221,381.2179770684607,Medium,HTTPS,1337.0094429611413,0,0,0,Normal
85.0042580794343,74.13646480121125,620.5887183567509,Critical,DNS,1971.1850351250307,0,0,0,Normal
39.98142086198641,31.13417716163333,385.7194199444038,Low,HTTP,1882.3873533032968,1,0,0,Normal
34.33367357305542,24.98207825730316,309.6952697220808,Low,HTTP,1221.9155740536219,0,0,0,Normal
48.050933524937136,34.69259295744911,296.7224875763688,Medium,HTTP,894.2018974528155,0,0,0,Normal
87.32504231709754,67.97666579931982,479.4295535750263,Critical,DNS,1785.6868499288937,1,0,0,Normal
91.64500394297647,72.5853285995962,1088.9868219308346,Critical,FTP,3694.3134850948677,1,0,1,Attack
63.61483777007379,56.35629963565573,704.5678277000186,High,SSH,3178.828364735083,3,0,1,Attack
38.28784098048345,32.958420373915814,330.29952850330034,Low,HTTP,1364.2928262749158,0,0,0,Normal
36.59886965220721,27.339598543256198,266.9169360883966,Low,HTTP,1180.1889392930264,1,0,0,Normal
53.529800830146996,38.520414221418456,530.7825764854415,Medium,HTTPS,2114.715110822267,1,0,0,Normal
57.60813621032867,51.156786408867816,357.99548810178146,Medium,HTTPS,1369.2138584966833,0,0,0,Normal
95.76959846701357,78.26906803120933,964.4533418349434,Critical,SSH,4156.975618141313,0,0,0,Attack
88.24193422697135,74.57060179959365,1047.7471776918437,Critical,FTP,3516.0039804417593,1,0,0,Attack
44.1019911521289,34.91649493775187,283.01549117570016,Medium,HTTP,882.3702500143454,0,0,0,Normal
35.88207105596666,32.17279266464994,325.36718485335984,Low,HTTP,1446.4267482063058,1,0,0,Normal
96.40396534663012,72.16539263555322,778.9249802320719,Critical,FTP,2744.1092724096707,0,0,1,Attack
65.17927176493686,53.40062931531067,491.14214321790723,High,HTTPS,2190.586042225753,0,0,0,Normal
73.52096750662895,65.01335162205527,437.3880534560174,High,DNS,1496.3410808688354,0,0,0,Normal
57.516452379495604,43.522228082284514,435.68813898745657,Medium,HTTPS,1885.4951531720203,0,0,0,Normal
88.98775670837495,76.7703830648096,557.7762825146399,Critical,DNS,2763.1077127986546,1,0,0,Normal
44.57185980703798,32.992445124097785,242.50597821974884,Medium,HTTP,797.3985807805,0,0,0,Normal
65.78655699573574,52.72200608128594,638.1622573981147,High,HTTPS,2134.9526265520617,0,0,0,Normal
85.28494044719992,62.93742300041143,628.0258526345772,Critical,DNS,2279.063446067803,0,0,0,Normal
47.007541051680164,37.747088555297864,236.63556911971563,Medium,HTTP,714.8220769304894,0,0,0,Normal
78.81217564477993,59.16591275745274,536.8305870478935,High,DNS,2451.5592351337204,1,0,0,Normal
42.062386000470724,30.18529166918088,251.57847082350676,Medium,HTTP,788.3835451164941,1,0,0,Normal
60.42300656365114,53.65682951766438,530.4750472267723,High,HTTPS,1621.46916166012,1,0,0,Normal
41.38992887979839,32.88654022756726,323.9249935572322,Medium,HTTP,1079.1362450566571,0,0,0,Normal
60.90021118397999,42.712951774212826,520.9341403982594,High,HTTPS,1618.6757928551335,0,0,0,Normal
45.21613801447529,34.9276913070984,337.3288576671842,Medium,HTTP,1472.5349140971216,1,0,0,Normal
45.289439373527784,33.47990901902719,519.8190661719793,Medium,FTP,1871.1534986822846,0,1,0,Attack
86.40595645207213,73.54652214174794,715.0499894944837,Critical,DNS,2165.543068627605,0,0,0,Normal
58.36624839153956,47.45451257055585,343.7443991993735,Medium,HTTPS,1089.6556504381347,0,0,0,Normal
40.407899794518016,34.02975058695743,413.9341113088063,Medium,FTP,1428.4446821863098,1,0,0,Attack
51.73822118056705,41.30854952952733,445.66285680811256,Medium,HTTPS,2030.765225498299,1,0,0,Normal
41.77295291447081,32.68594845525803,263.4770773461849,Medium,HTTP,1176.18221594231,1,0,0,Normal
85.35226445601438,70.92933990424251,938.3370939516499,Critical,FTP,4058.076275446746,1,0,0,Attack
63.914148390431365,47.01381067855155,386.85373547454077,High,HTTPS,1397.6104188476718,0,0,0,Normal
72.64676531078294,51.70811807124224,604.3530938790672,High,DNS,1921.9052672960472,1,0,0,Normal
59.52437049600121,50.271433845759745,588.3674568004624,Medium,HTTPS,2563.112421167074,1,0,0,Normal
54.740037570591085,41.180625033266516,313.1349805765836,Medium,HTTPS,943.3571479404093,1,0,0,Normal
69.30565236776602,58.633881303989476,406.3858046656947,High,HTTPS,1406.4148783546582,1,0,0,Normal
40.67325558979064,30.183962856111215,267.31811176384844,Medium,HTTP,1022.4352434315275,1,0,0,Normal
33.53236245289736,27.924496070495724,169.40313917773724,Low,HTTP,612.6277698973881,0,0,0,Normal
83.36563878052402,74.64385935767369,943.3563804403874,Critical,SSH,3929.7359068039414,4,0,1,Attack
55.688327196494356,40.58654670861989,497.0621504307708,Medium,SSH,2403.663167353784,4,0,0,Attack
83.8056246531778,61.559169374911214,630.8941755649691,Critical,SSH,2334.2492406052625,4,0,0,Attack
42.63250692689326,32.52405189138157,248.48768658791656,Medium,HTTP,971.4534632022745,0,0,0,Normal
69.82876863854472,49.02518564310011,367.8677491539627,High,HTTPS,1509.6505597518103,0,0,0,Normal
88.61376143540838,75.91299850023698,745.525296591748,Critical,DNS,3429.2217423483485,0,0,0,Normal
38.644815270235995,27.56823759992891,251.15503119787718,Low,HTTP,1188.910840964254,1,0,0,Normal
40.36409714623005,28.48347437083545,204.69842813876204,Medium,HTTP,864.381916261547,1,0,0,Normal
48.86797588859281,35.82725674513294,265.1037596937253,Medium,HTTP,1132.1043135527364,1,0,0,Normal
30.623156897709123,21.764661909776766,187.63563775968333,Low,HTTP,640.9064938226193,1,0,0,Normal
77.00183787674177,64.41419339654277,684.6868307923305,High,DNS,3216.610937468048,0,0,0,Normal
44.01244182809023,33.44780356685954,581.1563250897227,Medium,SSH,2865.231451755871,3,0,0,Attack
31.699081990955165,22.27976261889997,263.47905444123927,Low,HTTP,1217.8854439212598,0,0,0,Normal
39.94315966847353,28.639081697870036,260.90490983902293,Low,HTTP,787.6079876184409,0,0,0,Normal
33.217683426410076,24.750159390455988,181.04495301508916,Low,HTTP,616.6753827301864,0,0,0,Normal
80.95839984878694,69.27391534779095,879.3041940743732,Critical,SSH,2783.588214634334,3,0,0,Attack
47.98873803119932,40.61804202616303,241.4579044745258,Medium,HTTP,1034.0948044158401,1,0,0,Normal
40.85559473227477,34.011273975038215,451.3423333569591,Medium,SSH,2022.108294294173,1,0,0,Attack
35.098769868782256,26.719857640187673,247.86650494329808,Low,HTTP,1168.198149471092,1,0,0,Normal
43.526960680028424,31.252807395181502,284.70873041958544,Medium,HTTP,1172.4607676453227,1,0,0,Normal
76.70189434516942,64.09449873459288,607.0372015684619,High,DNS,2033.262144092395,1,0,0,Normal
73.9223390272673,51.83893776315503,708.8671237619475,High,DNS,3202.6289636380093,1,0,0,Normal
69.74259362454177,52.03346647919376,470.7461437293635,High,HTTPS,1446.30717402989,1,0,0,Normal
48.38285563922,37.85856130754004,351.9203434417786,Medium,HTTP,1349.1919935675012,1,0,0,Normal
35.40309895462997,26.96437986916128,274.70911707574794,Low,HTTP,841.4269752874782,0,0,0,Normal
70.68937064119382,57.72279115540726,636.1582015050925,High,DNS,2790.842318537043,0,0,0,Normal
30.378642418363597,26.841777642929014,283.56736758133223,Low,HTTP,1185.5554436020789,1,0,0,Normal
53.823622445052024,41.44368415168963,633.644695281763,Medium,SSH,2229.686088512436,3,0,0,Attack
54.74365541696898,43.299292725643355,447.58682054917625,Medium,HTTPS,2101.426074780226,1,0,0,Normal
48.491691394447116,39.29662952329435,292.8530892736344,Medium,HTTP,1251.930964055732,1,0,0,Normal
74.97088019808871,64.47299982943292,893.0927043411023,High,FTP,4444.53868774026,1,0,0,Attack
85.07219058647024,74.30011793356248,835.882128872811,Critical,DNS,3751.463589266836,0,0,0,Normal
60.99718452060188,50.15621045311992,752.3788481992741,High,FTP,3132.8804914394987,4,1,1,Attack
57.283895617729286,47.37618578615749,289.10536934384123,Medium,HTTPS,1430.8592149540084,1,0,0,Normal
63.11358333725366,46.80312135846746,379.65981614212563,High,HTTPS,1301.6993791067641,1,0,0,Normal
77.9921683955763,67.83704365718887,422.2635380491415,High,DNS,1401.2017447908058,0,0,0,Normal
82.01318229148455,73.2396172083591,673.0642625607493,Critical,DNS,3321.996161560553,0,0,0,Normal
76.68127314718731,66.11707489440899,867.1672741457097,High,FTP,3718.0816588519724,3,0,0,Attack
68.112590503506,47.80655816396133,632.2573964307919,High,HTTPS,2976.377908985149,1,0,0,Normal
42.47091141238343,31.454807906209357,331.07202291981,Medium,HTTP,1453.901898101116,1,0,0,Normal
80.93790589249693,57.99744443842384,475.40603722997304,Critical,DNS,1782.5724265357549,0,0,0,Normal
87.90675045893295,72.8106347668259,773.1297319820853,Critical,DNS,3027.1276719936354,0,0,0,Normal
78.66970714283525,66.71356126271101,407.5822052714875,High,DNS,2030.8197329991226,1,0,0,Normal
30.562648449704284,26.629276428105936,216.52103536813166,Low,HTTP,900.8336471631675,0,0,0,Normal
52.186010567020276,42.365157221836895,469.1460011591238,Medium,FTP,2320.9866604987087,4,0,0,Attack
34.970144577710016,25.70125612594611,296.1119376973857,Low,HTTP,998.9724786924578,1,0,0,Normal
68.48137732325995,58.332121285080255,544.5741721086918,High,HTTPS,1836.0891815004647,0,0,0,Normal
84.40629062562948,59.69526690392114,731.512118268656,Critical,SSH,3099.8159790232585,1,0,1,Attack
91.39040082140127,71.59340650513982,1044.2218660107796,Critical,SSH,4416.192931156231,2,0,0,Attack
63.54318386205705,44.880387680362716,520.2511427015058,High,HTTPS,2119.0901188014286,1,0,0,Normal
40.48455706695677,33.95450167087781,402.474224921626,Medium,HTTP,1335.3017326067043,1,0,0,Normal
75.53861603744735,61.79708368488693,658.7022884422624,High,DNS,2569.830877649027,1,0,0,Normal
32.17115381372423,24.188934125352272,254.47115074339763,Low,HTTP,1218.1481605054237,1,0,0,Normal
55.01398132080794,47.83472991962764,543.1620387915882,Medium,HTTPS,1954.0505490978853,1,0,0,Normal
31.88923006026016,26.38816372906648,193.6149843748148,Low,HTTP,912.987566130932,1,0,0,Normal
81.6107681360154,73.25848029082418,672.9978544855035,Critical,FTP,3173.2514276147804,3,0,0,Attack
65.4257977969246,55.53360967803527,643.7293303258031,High,HTTPS,2036.7432167778575,1,0,0,Normal
45.56481124745915,37.19896030334474,374.4991874542873,Medium,HTTP,1373.9826289487949,0,0,0,Normal
80.85039895959198,72.35516817624107,749.3905161065545,Critical,DNS,3122.5331615286527,0,0,0,Normal
68.24836171210336,50.698937238097486,578.6603379130192,High,HTTPS,2869.5809509127103,1,0,0,Normal
89.29711102116698,65.35040301892775,613.8236215357065,Critical,DNS,2557.5698718170916,1,0,0,Normal
74.64088271604851,66.69633103069846,544.0238194283914,High,DNS,2233.2600120885077,1,0,0,Normal
64.91900186738349,53.8023861857703,646.3662957486401,High,HTTPS,3095.059204050271,1,0,0,Normal
88.47796340152854,77.04255348804338,699.0843420670832,Critical,DNS,3048.8596163005286,1,0,0,Normal
42.8578209040279,35.964128883282065,422.92727170583817,Medium,HTTP,1777.2490672629287,1,0,0,Normal
49.54933011249523,38.39864411066992,494.02959265697376,Medium,SSH,2232.9435860608137,0,0,0,Attack
88.06889979219704,69.71023372629476,522.1616804824366,Critical,DNS,2207.7379547056976,1,0,0,Normal
68.62852772603219,61.64627204119182,555.4699748383874,High,HTTPS,1732.9346707714144,1,0,0,Normal
91.22624388994154,74.44508698450478,936.4628743936142,Critical,SSH,3406.9299870279597,0,0,1,Attack
71.74491930294607,64.1920357190456,551.2173059488499,High,DNS,2480.1678743685534,1,0,0,Normal
52.48736576351803,38.702247903765624,304.1291563433159,Medium,HTTPS,1484.804403341876,1,0,0,Normal
57.46260220388649,42.359162470700156,416.79839211492697,Medium,HTTPS,2021.3048142873783,0,0,0,Normal
99.47804688723409,81.94549502756956,1141.8032896971094,Critical,SSH,4584.779779345141,1,0,0,Attack
64.81470619677566,53.337130668203145,420.89799056721813,High,HTTPS,2029.8808451377192,1,0,0,Normal
88.4177625790835,71.3814818641255,821.2860479910305,Critical,DNS,3727.3001831128986,0,0,0,Normal
41.208936707580506,30.155596685243047,382.73818616685395,Medium,HTTP,1175.1279855204136,0,0,0,Normal
41.148159913136624,32.51261822842072,222.60892684483716,Medium,HTTP,1111.8379235264217,0,0,0,Normal
67.1263688574254,58.98380214028049,447.8760996566829,High,HTTPS,1979.9831132761474,1,0,0,Normal
66.87513281140127,50.80869136847021,529.4443490476369,High,HTTPS,1755.1447309570922,0,0,0,Normal
62.196182470506756,54.20695778484209,615.5878809037699,High,HTTPS,2521.661838390021,1,0,0,Normal
39.5319687515439,34.452501645495516,312.95682233118697,Low,HTTP,1416.5814814800058,0,0,0,Normal
57.04062318014621,40.86375726492022,442.7889077955784,Medium,HTTPS,1653.8670246191034,0,0,0,Normal
83.60938247185913,64.11880996666905,791.8640841614107,Critical,DNS,2845.869005344955,1,0,0,Normal
47.92638712999178,39.140347624818595,402.7276563240069,Medium,HTTP,1819.0819193939635,0,0,0,Normal
81.46439684081997,72.98401416111041,652.1748275917087,Critical,DNS,2255.5312301428457,1,0,0,Normal
91.45296629692893,74.6861637603037,1004.7536281011821,Critical,FTP,3593.107940305237,1,1,1,Attack
34.91923643188784,28.30231221099333,281.8046528672953,Low,HTTP,1068.994378563477,0,0,0,Normal
50.065602942049736,43.9996454541334,265.31803074511697,Medium,HTTPS,1112.7397779578375,1,0,0,Normal
65.00290947442409,54.350353395791885,428.70773223684154,High,HTTPS,1500.9047314533402,1,0,0,Normal
88.77022475371632,72.81161930216221,776.6146565494239,Critical,DNS,3482.103094768133,1,0,0,Normal
74.99860458701733,63.89774581603656,927.8897316192003,High,SSH,3317.628597024097,2,0,0,Attack
63.152328942233,51.962200311322384,607.7777606626419,High,HTTPS,2046.7201064504789,1,0,0,Normal
83.65194585829158,59.55820283462301,630.6070526820122,Critical,DNS,2635.0934770913127,1,0,0,Normal
70.83655717215152,54.10555275904923,676.9740443117705,High,DNS,2162.0904524492134,1,0,0,Normal
66.06770852784393,56.15383662724742,584.43003910351,High,HTTPS,2450.515018567753,1,0,0,Normal
75.59573875230853,67.14527512855315,391.26806800910657,High,DNS,1348.0194655058513,1,0,0,Normal
66.84220446812105,59.15266655153799,667.5162049611122,High,HTTPS,2243.379855136718,0,0,0,Normal
43.59288976558673,34.941379385351,572.8094232143239,Medium,SSH,2523.133630014339,1,0,0,Attack
49.14250036556041,43.357141845592444,284.42074022700245,Medium,HTTP,1307.7030144653795,1,0,0,Normal
74.98312812036602,64.02337118712174,580.4345414957363,High,DNS,2700.6233009678126,0,0,0,Normal
86.46452394052176,61.13316897475892,762.2807201606571,Critical,DNS,2972.030854062493,0,0,0,Normal
95.48795191105455,85.88739494439417,852.9260723552505,Critical,FTP,4017.8252145753445,0,0,1,Attack
60.46154939424014,50.91362960994591,392.0758703485947,High,HTTPS,1589.3753775081525,0,0,0,Normal
84.68214797620021,61.94557846568073,744.5473349582719,Critical,DNS,3527.8670323979586,0,0,0,Normal
76.15110809067119,61.65458288395547,468.0392494195586,High,DNS,1890.2679804188167,1,0,0,Normal
32.10954338965166,27.37802185274295,206.79416518399108,Low,HTTP,996.8897542044098,1,0,0,Normal
89.83737704751547,69.49023480677789,627.3766195460981,Critical,DNS,2173.2855435551346,1,0,0,Normal
72.62483406419051,55.150468858370395,579.9065333108999,High,DNS,2015.2869921658146,0,0,0,Normal
39.45208032426308,33.60095569792794,246.67389316618443,Low,HTTP,1039.6265535958528,1,0,0,Normal
62.890423119824845,46.90667347200097,547.7275994936762,High,HTTPS,1709.9379127529028,1,0,0,Normal
85.79331528177136,64.99794609181848,752.3921995639811,Critical,FTP,2989.560279526221,1,1,0,Attack
62.05341837849119,48.36063639550709,567.2859439129056,High,SSH,1860.1901595854422,3,1,0,Attack
47.81657088383099,39.180825318040256,379.9817445380526,Medium,HTTP,1430.6977218704155,1,0,0,Normal
75.50710194562271,56.637858867893826,414.11054446094806,High,DNS,1258.845620828688,1,0,0,Normal
53.75429109117249,45.60349996413112,629.0935975025207,Medium,SSH,2878.5544957610477,1,0,1,Attack
47.28325352043612,35.81921907211911,289.0493921089494,Medium,HTTP,1378.8464437085654,0,0,0,Normal
53.80163893889403,39.63860975278289,317.53553881367895,Medium,HTTPS,1333.0751169627624,0,0,0,Normal
65.81954285196844,53.83157677948789,560.2624647145245,High,HTTPS,1712.4776222978903,1,0,0,Normal
45.02992728557729,32.393434528187704,405.0190429572589,Medium,HTTP,1672.9238726246876,0,0,0,Normal
74.51084390704636,61.04673268687131,680.4257948855143,High,DNS,3242.6246887145417,0,0,0,Normal
47.26366993741976,35.189021961643526,342.52768767027743,Medium,HTTP,1187.2704246030557,1,0,0,Normal
41.02640663681086,30.198664500586005,380.5852681190352,Medium,HTTP,1649.2242574608827,1,0,0,Normal
65.3598480646906,54.93390391941178,498.9806807436327,High,HTTPS,2011.2481917099667,1,0,0,Normal
35.81270377864712,30.790962533396478,334.693978359575,Low,HTTP,1572.6504952208356,1,0,0,Normal
75.78999304998433,65.57927095341606,775.7567649059296,High,SSH,2907.860092330878,3,0,0,Attack
53.35774184422917,42.14656859130593,709.6579542477259,Medium,SSH,2474.737772653695,1,0,0,Attack
40.82361320055497,35.55996803987144,251.48206830966342,Medium,HTTP,759.4883143282876,0,0,0,Normal
72.1451879678807,58.103890610554295,446.4331192229915,High,DNS,1800.870397496096,0,0,0,Normal
87.93329699743481,76.83849775562075,906.6712745670759,Critical,SSH,3548.2352831626904,0,0,1,Attack
79.58283533618669,63.97421751872012,422.162367167673,High,DNS,1365.931446683353,0,0,0,Normal
56.96599856688408,50.247919077863266,423.45771829792363,Medium,HTTPS,2100.830219651355,1,0,0,Normal
81.31911351287272,60.697272437171364,463.3369899417439,Critical,DNS,2183.727286303076,0,0,0,Normal
61.612333048833534,46.0564066584322,425.92219011622274,High,HTTPS,1791.0628457025093,0,0,0,Normal
82.14812947771861,67.4812280517573,418.93044837917444,Critical,DNS,1769.0845999058913,1,0,0,Normal
61.160863074819645,43.55801125022681,546.7348997698205,High,HTTPS,2414.7630909555764,1,0,0,Normal
84.62058249817346,67.4714327631046,797.6081582312405,Critical,DNS,2847.127558626725,0,0,0,Normal
53.922531180433,39.25077648520512,631.1365018565657,Medium,FTP,2357.7557514026953,3,0,0,Attack
54.255783116968814,42.130564450831656,478.9511150179435,Medium,SSH,1828.604139644601,2,0,0,Attack
76.43736314188573,53.81097272476026,798.2144764540575,High,FTP,2450.5290169465397,3,0,0,Attack
33.65629453401198,28.862686934090867,316.8388135547493,Low,HTTP,1022.0250207874757,1,0,0,Normal
69.20220390078612,60.69226831646726,626.6666697992814,High,SSH,2593.3525033709125,3,0,0,Attack
38.37314917876938,31.459043956073593,319.78164467989745,Low,HTTP,1148.9258075020389,1,0,0,Normal
62.95524659557486,44.42476752844384,676.9982974565125,High,SSH,2603.225134012822,0,0,1,Attack
41.196346313809045,33.49461527837844,580.9396694258921,Medium,SSH,2504.641986835401,2,1,0,Attack
77.27152082879911,67.73298257737588,530.9359651354343,High,DNS,2245.734619579058,0,0,0,Normal
83.10839060912258,62.050409734038084,516.7734051535593,Critical,DNS,1611.0398927100366,1,0,0,Normal
65.94575605078717,54.955168018154936,333.03424173934496,High,HTTPS,1512.7269985561657,0,0,0,Normal
41.696895481145475,33.485582358755025,516.2614241424108,Medium,FTP,2046.3561405974053,3,0,0,Attack
73.91446044683107,64.29649950125514,738.3698146948087,High,FTP,3245.603998553311,3,0,0,Attack
92.9674497831229,72.0350597934033,719.5856578559614,Critical,FTP,3457.814124958481,4,0,1,Attack
43.98608352028532,32.933375458603955,435.5868587997568,Medium,HTTP,1944.6473565188437,0,0,0,Normal
80.00168915721588,56.16158242249358,942.6243355613306,Critical,FTP,3818.022780418909,1,0,0,Attack
60.92140653898241,48.943701171807035,488.1542379793084,High,HTTPS,1472.049930925295,1,0,0,Normal
80.96314217502368,64.06997941052528,652.3321648687909,Critical,DNS,2519.1541914581817,1,0,0,Normal
52.45251954780542,37.95233247527381,448.0360831880038,Medium,HTTPS,1368.408220338755,0,0,0,Normal
54.616784375102725,48.94282893636815,550.8557366446132,Medium,FTP,2729.68216033814,4,0,1,Attack
30.601487346575595,26.66320836489208,209.29354015301305,Low,HTTP,755.8956905823015,1,0,0,Normal
61.01725790173077,50.06552018288049,429.85663932743165,High,HTTPS,1820.884189903833,0,0,0,Normal
57.404247251251945,47.202708398445935,297.06888066170154,Medium,HTTPS,1323.605249295209,0,0,0,Normal
37.06678422197001,31.197993897406665,206.24828668038262,Low,HTTP,992.4973287800052,0,0,0,Normal
88.83400128557696,67.24362386255287,696.9756821588527,Critical,DNS,2632.0212082668313,0,0,0,Normal
81.39129836650682,62.96211326697723,527.5875043786306,Critical,DNS,1986.0394524003402,0,0,0,Normal
66.15422867827874,51.718944794871256,470.56267021103173,High,HTTPS,1963.4162260647581,1,0,0,Normal
66.68579761273577,47.146947253264734,552.0522618669521,High,HTTPS,2619.9512372204754,0,0,0,Normal
72.50094837400411,52.386965872167714,585.4026515509992,High,DNS,2151.910210278629,0,0,0,Normal
47.08745375450235,38.32131641581726,249.2689354466989,Medium,HTTP,1157.2091345195463,0,0,0,Normal
52.07190890403581,39.537392083938904,461.1301637249865,Medium,HTTPS,1932.236242137121,1,0,0,Normal
54.53804463380948,42.78643876856099,404.0994060257314,Medium,HTTPS,1604.3191280137269,0,0,0,Normal
32.10039742072695,26.679806595299972,272.50306054953006,Low,HTTP,1017.3680050891827,0,0,0,Normal
36.770816301286686,30.261519481725564,349.80858378550033,Low,HTTP,1101.7432379782142,1,0,0,Normal
64.14985326417082,45.65864319114257,555.6068068845174,High,HTTPS,2195.1592173993176,0,0,0,Normal
47.78534290035168,40.81946630680608,364.41320120606383,Medium,HTTP,1247.426561855422,0,0,0,Normal
55.357386146752106,44.085505610378476,278.9379337768132,Medium,HTTPS,1330.8931525226128,0,0,0,Normal
69.34089985508763,58.21608667977805,496.0935784112511,High,HTTPS,1884.4968258924523,0,0,0,Normal
66.89296452197595,58.901161311806135,343.5349463338093,High,HTTPS,1357.7241837396004,0,0,0,Normal
33.524930461426266,28.376945150405774,331.50696036487335,Low,HTTP,1117.9633681592825,1,0,0,Normal
76.26769944035914,61.3986876933135,497.96195921667095,High,DNS,2092.687280585076,0,0,0,Normal
58.91394814148953,41.331331665344145,476.61776904425926,Medium,HTTPS,1884.7340933448822,0,0,0,Normal
71.8690417983089,56.50175910761267,620.867667293812,High,DNS,2462.222550962153,0,0,0,Normal
84.1585482093069,59.367431416394325,802.0621526010984,Critical,DNS,3669.801056425981,1,0,0,Normal
73.93292179731361,66.20950819341157,513.1583971224412,High,DNS,1867.4776310360326,1,0,0,Normal
71.51254650598275,54.43287056902275,694.2194986331262,High,FTP,2445.448049169352,0,0,0,Attack
30.46627990072011,25.092109389981143,241.63462787553834,Low,HTTP,765.1460720441279,0,0,0,Normal
55.85298075704486,47.226767107604175,523.0407049114169,Medium,HTTPS,1828.1098519015743,0,0,0,Normal
31.62709913463914,27.87026858265626,211.5812497764375,Low,HTTP,828.7781764199332,1,0,0,Normal
88.66045565569948,68.94543642850708,807.3448022481134,Critical,DNS,3417.810192155653,0,0,0,Normal
48.34959693877863,37.54046070668516,385.6144725539666,Medium,HTTP,1247.5044301428634,0,0,0,Normal
67.08080020023772,54.82169108385285,498.0934032970029,High,HTTPS,1826.6951460801781,0,0,0,Normal
73.66649980438524,64.42753580334927,503.4034588507888,High,DNS,1570.4601808379543,1,0,0,Normal
84.36444705861504,64.75771813204834,453.3661712835352,Critical,DNS,1988.7082260089517,1,0,0,Normal
53.29037478528335,46.0557382519014,393.13936291734797,Medium,HTTPS,1665.3169288028728,1,0,0,Normal
52.93137740663951,43.35195578518292,320.6464069698096,Medium,HTTPS,1080.3251846517549,0,0,0,Normal
65.17458462127252,51.944861430608135,614.4802850371268,High,HTTPS,2222.927424141152,0,0,0,Normal
82.3751745003392,63.7041709765703,576.3527526115814,Critical,DNS,1855.1151823638288,1,0,0,Normal
50.27846583427163,35.946892469485626,371.08218149693573,Medium,HTTPS,1753.1606745105214,1,0,0,Normal
89.27236449810152,70.97976166377174,729.4671869122648,Critical,SSH,2863.0085967883433,3,0,1,Attack
65.70656145297107,48.774704937595075,526.0638658720768,High,HTTPS,1998.042828379583,1,0,0,Normal
59.103302610019455,51.84120754567133,436.5359971373607,Medium,HTTPS,1400.052134188817,1,0,0,Normal
52.00255913136061,40.55509060402065,385.56995018420133,Medium,HTTPS,1596.8195083383587,1,0,0,Normal
34.48680984802195,27.424654824083134,308.26528202724785,Low,HTTP,1336.0187633087628,1,0,0,Normal
58.52766327909194,43.14874547918693,386.1631249696744,Medium,HTTPS,1592.0525260280779,1,0,0,Normal
52.69330730008676,43.22170803176406,532.3085290307331,Medium,FTP,1727.9908853500026,0,0,0,Attack
83.13863315423077,66.13173831797208,450.3082431876483,Critical,DNS,1761.6128017282176,1,0,0,Normal
53.96016243110353,42.983460655349454,336.59781396620633,Medium,HTTPS,1552.8523433392966,1,0,0,Normal
58.56646884654765,50.22342473473756,427.1059535597459,Medium,HTTPS,1991.1218059590685,1,0,0,Normal
41.17103124430287,31.451306732047776,332.80561115517395,Medium,HTTP,1525.0155869116418,0,0,0,Normal
76.0751293458452,57.22817207569532,625.0903082759951,High,FTP,2752.6689575821915,1,0,1,Attack
58.631797789930715,42.01872108774209,390.9824352751139,Medium,HTTPS,1779.3836439061847,0,0,0,Normal
58.97330207390041,44.20142109405558,312.51204818592237,Medium,HTTPS,1253.9184951038917,0,0,0,Normal
77.2637162042156,61.170210736230345,654.1413999684648,High,DNS,3199.20329539479,0,0,0,Normal
49.175508469197666,40.488143081159414,397.82316759947065,Medium,HTTP,1909.1690873048044,1,0,0,Normal
45.67758701610728,33.04822711030677,270.5495268119773,Medium,HTTP,835.0304730306482,1,0,0,Normal
34.99624438409228,26.832931882719002,229.01308036098155,Low,HTTP,1099.1983466305705,0,0,0,Normal
44.85473700624425,31.93515947951787,248.7996813587629,Medium,HTTP,1217.3742218671691,1,0,0,Normal
57.51204475287523,48.23269852815611,535.5024042217456,Medium,HTTPS,2162.3448245251993,0,0,0,Normal
77.00187761060079,63.41832700584645,763.0366158614675,High,SSH,2495.261428122455,3,0,0,Attack
37.053237282343616,27.305309871122248,259.196598125937,Low,HTTP,978.5134285144169,0,0,0,Normal
60.02124103564711,45.72161984198034,531.1951058042057,High,SSH,1795.8649353434485,4,0,0,Attack
33.59054769447539,24.248058655128442,263.80774768399334,Low,HTTP,1048.182895219698,0,0,0,Normal
71.59615904150996,62.463739185275465,596.752261699655,High,DNS,1891.6826014732978,0,0,0,Normal
77.07836603629403,61.08301894312031,801.74042162471,High,SSH,3601.3107168652555,4,0,1,Attack
41.07630971397157,32.03171441865159,230.66612739200534,Medium,HTTP,922.8873577618871,0,0,0,Normal
48.52719663773314,34.97445317458023,353.27986510862684,Medium,HTTP,1100.7964537058433,1,0,0,Normal
36.56144647307883,29.766326786514448,330.2756511497904,Low,HTTP,1344.512085509851,1,0,0,Normal
81.73361820594437,68.11671869268346,748.249196028644,Critical,DNS,2442.563751148179,1,0,0,Normal
57.74382651427004,46.903844290317366,517.1394629563873,Medium,HTTPS,2219.7021575294248,0,0,0,Normal
53.94298057712149,39.08827343324963,459.0054118434245,Medium,HTTPS,1707.5475286418477,1,0,0,Normal
36.2155797026935,28.653822590645696,321.50903783640496,Low,HTTP,1528.403979924251,1,0,0,Normal
64.24356521369191,55.33539955032172,483.81579859269686,High,HTTPS,1570.8903707260004,0,0,0,Normal
70.01971106081328,60.65031714579665,681.0626057234263,High,DNS,2330.534335209973,0,0,0,Normal
63.68238366776495,54.65414045729387,604.8297243103685,High,HTTPS,2891.571714212751,0,0,0,Normal
37.386616470139415,31.41834426883069,195.01080716771523,Low,HTTP,661.0432853716834,1,0,0,Normal
57.360463307850296,49.04926345665037,544.8840515813711,Medium,HTTPS,2696.922638492716,0,0,0,Normal
78.40128594791167,62.8181247531265,763.0384522354627,High,DNS,3408.9762372350247,0,0,0,Normal
89.85675844814978,79.88886513490982,882.4562562275544,Critical,FTP,3682.9050029550785,1,0,0,Attack
77.4690392044431,68.16531344251558,439.67022388712934,High,DNS,1706.7842540639558,0,0,0,Normal
72.10902110324241,51.09950765174491,500.28851533381635,High,DNS,2168.602171126981,0,0,0,Normal
76.53173263301142,67.34577128715496,455.5170605196074,High,DNS,2064.3531612434776,1,0,0,Normal
70.37153470235808,62.58133173332256,723.0862569339279,High,FTP,2317.8810475804794,0,0,0,Attack
96.72072256315005,77.7438660329332,724.7009779867774,Critical,FTP,2417.7362922966036,2,0,0,Attack
83.97118439519545,61.04850033341234,733.0403555447673,Critical,DNS,2251.979749243214,1,0,0,Normal
32.59271116126911,25.341414758031725,244.52405383736715,Low,HTTP,1038.3573135377906,1,0,0,Normal
83.99155867838999,61.99249787742776,444.3013147305169,Critical,DNS,1771.3592150423422,1,0,0,Normal
96.78968420121237,77.17315641918397,943.0734285537129,Critical,SSH,2862.102920662076,0,0,1,Attack
61.13922220392851,43.836596225160335,346.1048625865747,High,HTTPS,1292.5474239155158,0,0,0,Normal
38.105177769430156,32.35840718959437,313.63132572313924,Low,HTTP,1047.1975417392289,1,0,0,Normal
53.25535546253377,42.60942940797111,362.1501649240136,Medium,HTTPS,1098.9925962438997,0,0,0,Normal
51.424029460395104,36.592995751388116,682.5945288753226,Medium,SSH,3141.2459443356493,1,0,1,Attack
59.198496377211995,47.778387848486595,332.5293443671149,Medium,HTTPS,1000.2316592977281,1,0,0,Normal
35.098890589142684,25.497139927504296,212.51580719821075,Low,HTTP,812.5686154833687,0,0,0,Normal
74.75598659104435,61.989681840484,706.5941316344712,High,DNS,3158.4349952809853,0,0,0,Normal
60.02898321436078,46.3429948966539,358.63981357957795,High,HTTPS,1783.161368475456,1,0,0,Normal
33.47799541596032,29.30611669494991,330.5562795355034,Low,HTTP,1573.3739244969674,0,0,0,Normal
62.126358467164664,45.02220759630614,538.5786221884018,High,HTTPS,1715.609943068556,1,0,0,Normal
47.93116106688103,35.57407209895638,580.2702938295256,Medium,FTP,2192.6034719950308,2,0,0,Attack
68.76809738168959,60.38391105338144,495.4680592793264,High,HTTPS,2158.5148634733273,0,0,0,Normal
51.60309777944349,38.13354212149844,430.2025234840342,Medium,HTTPS,1457.3972660316992,1,0,0,Normal
82.61533581229742,73.93688324521283,729.4706732643248,Critical,DNS,2580.808510659795,1,0,0,Normal
37.40630888627493,31.674291846448497,206.25266341702195,Low,HTTP,925.9383582075715,0,0,0,Normal
42.65727330901427,34.865795775314375,249.13816980403203,Medium,HTTP,793.8758498100749,1,0,0,Normal
93.4240877054981,73.63653540496679,683.9621927457223,Critical,SSH,2281.2127976817696,2,1,0,Attack
51.69333099624055,43.084856536129664,619.5485557098967,Medium,SSH,2575.570407199189,2,0,0,Attack
98.48604748105572,84.02721127993338,935.4056979298626,Critical,SSH,3303.9408204481533,3,0,1,Attack
74.02900839064387,53.34188917961663,376.59806244104084,High,DNS,1585.4792933407962,1,0,0,Normal
65.20410990226083,47.834939141426176,445.76045771122955,High,HTTPS,1858.1324978588625,0,0,0,Normal
66.45893863184028,47.00048467513181,588.609396878621,High,SSH,2194.285009801723,4,0,0,Attack
80.04109256915399,66.00542606512194,607.1354852656921,Critical,FTP,2903.6900082548586,4,0,0,Attack
75.95669669684867,60.66541478087006,683.9750098608986,High,DNS,2996.286903443752,1,0,0,Normal
36.16616380218147,25.442417118417904,181.54962638587835,Low,HTTP,655.0434003782655,1,0,0,Normal
40.08554006701161,31.004378873597258,282.9606089772325,Medium,HTTP,1225.4805338629328,0,0,0,Normal
32.163264909322606,23.60444111538882,279.01168323656515,Low,HTTP,1069.6215022864637,1,0,0,Normal
67.39327242976287,47.40868925844948,669.2171755344261,High,HTTPS,2683.417912547831,0,0,0,Normal
59.605264916899614,51.27197666756379,560.2561466644968,Medium,HTTPS,2572.3133996924485,1,0,0,Normal
31.046025707182707,21.756899752666246,169.6230742399462,Low,HTTP,732.2172020188123,0,0,0,Normal
52.03663082822459,40.71121137975276,361.4711422266305,Medium,HTTPS,1106.4263957465112,0,0,0,Normal
40.16833037880133,34.02234404454955,337.0641770704637,Medium,HTTP,1683.8042208203508,0,0,0,Normal
41.038969688815996,36.82021184092847,444.97191208066704,Medium,SSH,2149.7923644039934,0,0,0,Attack
78.05762329408026,68.37673136889748,495.2599083072701,High,DNS,2100.6513411941905,1,0,0,Normal
30.238501615676796,21.727694223865093,263.78104268043455,Low,HTTP,1172.9898760910767,0,0,0,Normal
54.707036553591024,42.5543602038133,299.0407310494606,Medium,HTTPS,942.9211272361836,0,0,0,Normal
74.0982688877557,61.92034197425429,432.6025110048815,High,DNS,2089.1824658666696,1,0,0,Normal
89.1603526120889,65.86899737225389,703.7366013867314,Critical,DNS,2703.444625822595,0,0,0,Normal
82.79328712567803,62.408913247678605,524.1009566755212,Critical,DNS,2343.8973187504957,1,0,0,Normal
35.563203164147126,30.190812767103235,285.395047820665,Low,HTTP,1076.1673746347292,0,0,0,Normal
53.35769702382095,38.34544625166442,422.65368147533866,Medium,HTTPS,1559.100565213541,1,0,0,Normal
80.69550032829284,59.19249598226808,750.3258936948605,Critical,SSH,2692.6134179983364,3,0,0,Attack
51.63101235870272,42.11630899091104,688.2494839969644,Medium,SSH,2133.296942693491,0,1,0,Attack
46.13758463150589,34.751262276084056,389.94292242604445,Medium,HTTP,1757.8808783276036,1,0,0,Normal
74.68020381420502,61.31247609447493,486.9276275918996,High,DNS,1839.6460614004643,1,0,0,Normal
35.59464739199029,29.075328257792435,296.4075503962733,Low,HTTP,1134.851240457061,0,0,0,Normal
40.058723503004785,30.957035647756577,283.77682766448754,Medium,HTTP,1279.7033993833652,1,0,0,Normal
74.71518415120954,65.61940484435429,762.1918582083555,High,FTP,2955.8719255007677,1,0,1,Attack
45.9628189488285,38.52004339900543,412.66759760773084,Medium,HTTP,1910.5540255201313,1,0,0,Normal
66.3001155447273,50.44157885689622,549.7491400220676,High,HTTPS,2140.485240934252,1,0,0,Normal
65.05365599718061,54.195698158866335,335.1724185868112,High,HTTPS,1545.2938613222457,0,0,0,Normal
51.837409737490816,40.60739627304934,517.790974292375,Medium,HTTPS,2375.44733909484,1,0,0,Normal
93.47818956674018,74.87403291756343,1095.3572410579777,Critical,FTP,3643.6928006101725,4,0,0,Attack
71.42089375691285,61.35995169100962,578.7793895853679,High,DNS,2594.2645683804426,1,0,0,Normal
48.242040496297705,40.121607914007654,415.70547408637924,Medium,HTTP,1888.8725059610374,1,0,0,Normal
69.92768197938858,49.37522490712812,376.4124657809646,High,HTTPS,1279.280590094847,1,0,0,Normal
55.008248745580204,49.48267218706597,526.6125363691602,Medium,HTTPS,2126.5538550020806,0,0,0,Normal
60.293591257795924,53.24707336096278,428.3192675451476,High,HTTPS,1606.674163616534,0,0,0,Normal
77.73950085189426,64.06911071559658,674.8225653754522,High,DNS,3283.7725507683044,1,0,0,Normal
69.50193338372628,58.707112717170006,481.43972713973744,High,HTTPS,2299.4728643243834,1,0,0,Normal
31.826948253547016,22.76630249533402,213.94369519854152,Low,HTTP,699.0296918365825,0,0,0,Normal
99.86501106004653,88.17416416714964,846.2743946540334,Critical,SSH,3521.518964176918,2,0,1,Attack
84.93897071064566,66.60538236319492,445.8443000091613,Critical,DNS,2221.7369342435163,0,0,0,Normal
67.2453901047993,56.971806463159616,589.7499107783408,High,HTTPS,2405.5073856619642,0,0,0,Normal
73.40494800213492,57.04151000557046,509.8099833968989,High,DNS,2326.7132075621694,0,0,0,Normal
34.59458488418022,26.599212645081955,244.64298705983558,Low,HTTP,1038.027016810236,1,0,0,Normal
84.88005127481301,64.41200688431171,744.7251698559485,Critical,DNS,2522.6352628687355,1,0,0,Normal
65.24672528736119,46.32255410797634,669.4698558425869,High,FTP,2282.648815214261,4,0,0,Attack
74.16674529378724,63.10141275436516,673.0196520275488,High,DNS,2760.3340439356252,0,0,0,Normal
53.12397144090937,41.320190302238274,384.2944583391719,Medium,HTTPS,1631.242419676718,1,0,0,Normal
50.665111902344506,39.664121838732235,457.3089469154631,Medium,HTTPS,1718.0263384305915,0,0,0,Normal
47.65775674110046,40.554566185727715,427.44920024582484,Medium,HTTP,1655.400171401079,0,0,0,Normal
32.98794952832395,25.988304382328852,191.86517801841833,Low,HTTP,606.350237861685,0,0,0,Normal
75.24139897635905,64.93155960832937,655.0333650326496,High,DNS,2298.5883270268405,0,0,0,Normal
53.342062998053734,42.105916091066426,472.5807904840422,Medium,HTTPS,1866.501940838617,1,0,0,Normal
54.860559956032375,47.23738112410077,328.9732366032675,Medium,HTTPS,1507.7269359587808,0,0,0,Normal
75.28624693377424,64.65324584102586,571.8320818216686,High,DNS,2548.7510772291216,1,0,0,Normal
66.34361717464344,48.606572010455274,656.2970431430949,High,FTP,3156.6905665483296,4,0,1,Attack
78.89295185246738,66.91939186471465,762.525499827414,High,DNS,2692.1875063501034,1,0,0,Normal
56.807017152314074,48.53464229092217,536.2926747918099,Medium,HTTPS,2326.366885596993,1,0,0,Normal
78.31333746114979,57.9410137058693,443.9100591061967,High,DNS,1596.7252759433457,1,0,0,Normal
77.62970718104043,62.400121219860104,613.5080237617003,High,DNS,1906.4996009850174,1,0,0,Normal
49.79464226002165,38.59639211542589,695.8566163798107,Medium,FTP,2188.66691447124,0,0,0,Attack
74.46908865771547,66.02524246706692,573.1997661498593,High,DNS,1796.202158686085,0,0,0,Normal
76.31327637282084,66.97438159889977,679.929004942849,High,DNS,3070.989578321454,1,0,0,Normal
41.95841315515281,30.492662276203014,340.18076004387353,Medium,HTTP,1264.0362800657117,1,0,0,Normal
61.145265720260795,49.9018883715221,364.9359168464397,High,HTTPS,1462.1380736504182,0,0,0,Normal
52.53340337629197,47.191873122501455,316.46600758505787,Medium,HTTPS,1464.8668386778645,1,0,0,Normal
85.98382090000086,69.46512607324307,666.6791463485815,Critical,DNS,3068.5403819315093,0,0,0,Normal
83.2872736522404,71.32624818308156,675.6205679809914,Critical,DNS,3223.653458599488,1,0,0,Normal
38.020606476093235,31.34049195184743,262.03970064259573,Low,HTTP,1188.5435714812054,1,0,0,Normal
64.8360692379174,47.89659054203382,465.6431345572954,High,HTTPS,1981.334983880372,0,0,0,Normal
89.49637805380917,66.31356239755034,483.3460661870042,Critical,DNS,1502.088019128963,0,0,0,Normal
62.36580328535638,50.52513605860633,391.20765032820873,High,HTTPS,1391.4489400066964,1,0,0,Normal
76.91649536121986,63.41589799344702,567.1809553734616,High,DNS,2825.2495748975766,0,0,0,Normal
67.29083665370126,52.19627516687812,602.7794499126294,High,HTTPS,2427.0911922893247,0,0,0,Normal
41.62011564709246,32.766440336146424,359.7192245303743,Medium,HTTP,1093.1380352119047,1,0,0,Normal
42.28909316647332,30.280231074218413,402.78779162911644,Medium,HTTP,1753.3679867121457,1,0,0,Normal
73.04250116411026,54.848464375013,662.1069701592738,High,SSH,2229.4161501037966,3,1,0,Attack
67.34316493086226,53.535077516255704,561.9565047365884,High,HTTPS,2364.629981092909,1,0,0,Normal
52.7045304942294,45.236980895819634,342.1784633149635,Medium,HTTPS,1640.8576072370063,1,0,0,Normal
56.18223899698933,47.51425769036462,296.0155328012089,Medium,HTTPS,1046.7946019566443,0,0,0,Normal
44.80879919807194,39.475881556329554,440.31903740454794,Medium,FTP,1574.890803248368,1,0,0,Attack
45.27349214855349,34.09374491843869,241.49342204055844,Medium,HTTP,1134.835651935646,1,0,0,Normal
58.487800081347814,48.76635624669869,514.2002759902688,Medium,HTTPS,1879.2825557991298,0,0,0,Normal
87.49388414022178,66.46872522143713,794.034975851295,Critical,SSH,2830.9456075458625,0,0,0,Attack
83.71500961136917,59.500762615253706,829.2357429229849,Critical,FTP,4054.7987019001566,1,0,0,Attack
84.29551067747525,60.23153919019804,764.7348546066709,Critical,DNS,3683.247253417718,0,0,0,Normal
55.918589225912,39.89031281100967,703.6481662348946,Medium,FTP,3111.2834865179493,4,0,1,Attack
70.13604296385893,59.73229170493118,661.2770272217813,High,DNS,2748.015982476025,1,0,0,Normal
47.90870198965422,36.96529223221952,423.48161110145753,Medium,HTTP,1969.4334065843882,0,0,0,Normal
33.226145077715046,26.60271629784411,270.3819381262782,Low,HTTP,1025.7008608567367,1,0,0,Normal
34.35853003127704,29.647385918778674,181.04252021953883,Low,HTTP,633.2505199666539,1,0,0,Normal
34.00922321118742,29.257197475518,217.38729583369786,Low,HTTP,966.2500380668492,1,0,0,Normal
85.49898104050953,74.9945443463418,1050.9742977959272,Critical,FTP,3422.874737749494,1,0,0,Attack
51.47334845474688,43.936304463325285,389.46016664574836,Medium,HTTPS,1168.8511740611743,1,0,0,Normal
60.19683507329319,49.692790459675116,306.8329976239496,High,HTTPS,1137.6998731936096,0,0,0,Normal
78.86485153867397,56.05466364308065,661.1006390331028,High,DNS,2355.8514258355476,0,0,0,Normal
78.08173236277071,59.0048348341826,462.0787177663416,High,DNS,2222.3547918472277,0,0,0,Normal
83.14188812662906,74.67150690275398,666.7672463828512,Critical,DNS,2708.747170254712,1,0,0,Normal
86.072156459486,69.08581262985969,1016.6799378855095,Critical,SSH,3985.8926974250753,4,0,0,Attack
67.65151057777985,47.61898262989201,428.95838655748753,High,HTTPS,1843.6134113289768,0,0,0,Normal
33.23059341179032,27.757784702191298,214.06349626335472,Low,HTTP,891.2819379906203,1,0,0,Normal
46.70412034422043,34.407644821690596,431.9244253223088,Medium,HTTP,1786.6588897963684,1,0,0,Normal
89.43641256628325,73.40808661992541,593.5822463765962,Critical,DNS,2030.2709172943703,1,0,0,Normal
60.79498692139168,53.47117869644694,389.88822589694786,High,HTTPS,1676.900220316629,0,0,0,Normal
41.1659394884191,31.023815681432623,600.3183977492652,Medium,FTP,1926.6294466755242,0,0,0,Attack
70.59243774150673,53.485799592882266,673.5174406195005,High,DNS,2401.8251896642737,1,0,0,Normal
41.014620774985815,35.67960471825673,350.84383916701086,Medium,HTTP,1310.581418702553,1,0,0,Normal
66.23556954116793,50.70178977710928,522.53570551851,High,HTTPS,2393.4897860572896,1,0,0,Normal
83.85980853447109,63.442172715184206,765.341505830229,Critical,DNS,3635.786850254684,0,0,0,Normal
46.08848043048056,40.97174714928584,321.87339907276044,Medium,HTTP,1252.8029666971286,1,0,0,Normal
47.3011159725138,41.702421663162795,295.3718139500951,Medium,HTTP,1275.5721527424491,0,0,0,Normal
80.9772128383338,68.19614651137931,697.3822622884857,Critical,DNS,3125.573900416477,1,0,0,Normal
49.643030753723,40.486969016752596,280.09325901766204,Medium,HTTP,1294.415374058655,0,0,0,Normal
46.957968866954616,40.621347733098325,234.93171956843497,Medium,HTTP,889.9613977777649,1,0,0,Normal
86.69406389577489,67.56524245509222,586.892760535158,Critical,DNS,1842.050251207079,0,0,0,Normal
84.49114871240454,63.34977314289645,541.4888154079521,Critical,DNS,2576.0541858399197,0,0,0,Normal
72.64939649452572,61.35119580399848,691.8896582378186,High,DNS,3117.926955565861,0,0,0,Normal
64.66859739652136,46.92908707107521,495.1202173810205,High,HTTPS,2091.917255646472,0,0,0,Normal
79.51727926003514,55.67170538027819,580.5753398503556,High,DNS,2010.3032758139575,0,0,0,Normal
53.80577430187259,41.472844074732855,443.61301330836574,Medium,HTTPS,1884.4964467291945,1,0,0,Normal
44.933998797423556,33.98596116034163,355.38675646884815,Medium,HTTP,1400.5117622041516,0,0,0,Normal
73.34496402301738,64.61304286402697,575.1176868699046,High,DNS,2419.2545210107587,0,0,0,Normal
47.7057596440136,38.46280614556197,488.6639755335471,Medium,SSH,1938.758011998214,2,0,0,Attack
30.03625588680734,23.790213523590158,247.87246078570553,Low,HTTP,1190.9475619693342,1,0,0,Normal
51.23639393452322,42.51536564423559,282.9973045856885,Medium,HTTPS,1010.1248011395825,1,0,0,Normal
46.90587575052632,38.29223772699695,300.9119870036324,Medium,HTTP,1137.1668010922313,1,0,0,Normal
84.28416889160872,68.57788240323865,576.4009169809827,Critical,DNS,2241.2965907597218,1,0,0,Normal
61.875235396582866,45.91371414445125,553.8651374773539,High,HTTPS,1794.6534571628297,0,0,0,Normal
57.61497052007144,47.82605345272265,540.2183947906016,Medium,HTTPS,1848.8862785128774,1,0,0,Normal
68.93652175385796,49.698723714563904,498.44944141640514,High,HTTPS,2448.559169058752,1,0,0,Normal
74.9090041340969,56.67684205561714,821.4695153956479,High,FTP,3015.799693693082,2,0,1,Attack
74.09524340720964,57.316465452313494,844.9742852508138,High,SSH,2676.9759153909117,2,0,0,Attack
42.61110046776594,36.56257696994216,385.77670257286655,Medium,HTTP,1502.05267796015,0,0,0,Normal
69.02930447249673,60.40438174163987,481.1636672422817,High,HTTPS,2023.7851345225185,0,0,0,Normal
36.28037990667508,28.633283970135746,193.9774762375789,Low,HTTP,948.2398279778508,1,0,0,Normal
46.98276146145872,39.082752868120586,441.3272110003482,Medium,HTTP,1886.0053477884937,0,0,0,Normal
52.06536405035877,44.16114448539505,456.4041158197094,Medium,HTTPS,1961.7034921807474,0,0,0,Normal
77.41586043477582,66.74309949255014,624.1787969743297,High,DNS,2482.0679193681326,0,0,0,Normal
82.5162553928385,64.26506618744115,508.01242925964146,Critical,DNS,2138.6184217267055,1,0,0,Normal
56.7666825192282,40.523740933250174,460.9545367155327,Medium,HTTPS,1992.1181036966716,1,0,0,Normal
69.55591148158419,60.91257658289494,511.37683849290454,High,HTTPS,2115.820200844145,1,0,0,Normal
74.45598215359496,63.33518715396802,596.8648780342514,High,DNS,2337.9748893084984,0,0,0,Normal
78.64118457528093,64.68291969970403,583.4127257315253,High,DNS,1885.3531681431919,0,0,0,Normal
53.64511349245731,40.033231076260165,510.2560675209946,Medium,HTTPS,1670.7344173155511,1,0,0,Normal
34.15946362300019,28.17494402402114,219.4215710303274,Low,HTTP,893.9775504871998,0,0,0,Normal
82.72063129683374,65.68688344670494,574.7156073379539,Critical,DNS,2025.0508088625802,0,0,0,Normal
75.1918005324842,61.706438361846295,542.9662745240614,High,DNS,1965.4991185941637,1,0,0,Normal
66.75208053784445,53.184497359267375,373.850944217662,High,HTTPS,1345.5755391709404,0,0,0,Normal
43.87816039510653,38.633310941541154,265.7348391854947,Medium,HTTP,1092.8621609054949,1,0,0,Normal
67.44191830679483,51.04934794954,659.6413297566014,High,HTTPS,2648.0608743877174,1,0,0,Normal
58.22430662186889,45.29308288916384,388.8256068433496,Medium,HTTPS,1693.551399944191,1,0,0,Normal
66.19614608851407,52.21838912925532,358.8021838651363,High,HTTPS,1363.6146267094514,0,0,0,Normal
69.02399864127801,49.97500023854489,699.3162553269385,High,FTP,2686.1465210264623,3,0,1,Attack
84.14036454807501,62.453011490993624,674.3897214878892,Critical,DNS,2863.0207538659697,1,0,0,Normal
47.0813875013846,41.9605903597543,457.6783700455962,Medium,HTTP,1755.5985428827798,0,0,0,Normal
53.37203403716558,40.94288994812336,436.7814218538238,Medium,HTTPS,1701.769362497156,0,0,0,Normal
56.65300269640284,40.609525234701565,467.1283993282553,Medium,HTTPS,1994.6310748055962,0,0,0,Normal
37.20706372692803,29.36969557321485,276.8701825084406,Low,HTTP,951.2856879863056,0,0,0,Normal
42.67437927004721,35.018690971591845,342.4379727478419,Medium,HTTP,1410.6760807836372,1,0,0,Normal
87.37056352802028,77.65846669131803,725.552158863305,Critical,DNS,3006.855545964814,0,0,0,Normal
60.13675993468496,49.75405991850418,671.6972790304328,High,SSH,3055.5373565400223,2,1,0,Attack
35.04345737324911,29.07966445035995,255.562509655347,Low,HTTP,828.6599328009394,0,0,0,Normal
56.80741744712577,45.312627042786005,316.9277551781155,Medium,HTTPS,1372.7415325423804,1,0,0,Normal
66.1806702564354,54.33284639175137,376.28771070089164,High,HTTPS,1577.6489823162203,0,0,0,Normal
86.65205152217823,72.10944228635292,665.9743981872616,Critical,DNS,2197.3873895332636,0,0,0,Normal
68.20455893803967,55.50144025086859,430.2974874411742,High,HTTPS,1716.4298755244104,1,0,0,Normal
68.94516663094691,54.58452561059778,451.57852602529266,High,HTTPS,1685.807597238392,0,0,0,Normal
69.29600611554633,50.11205944192428,650.2906473555988,High,FTP,2197.6560237906388,4,0,0,Attack
76.29327346439823,55.49806040473522,793.6768691986384,High,SSH,3477.152625532753,4,0,0,Attack
69.65170825031237,56.23850560650934,524.8944075902918,High,HTTPS,2054.169395524214,0,0,0,Normal
64.12491385490284,48.24482933408955,537.9367228800369,High,HTTPS,2114.2163673404134,1,0,0,Normal
57.51277258976188,43.824321782068445,402.6560603543433,Medium,HTTPS,1436.402296465954,1,0,0,Normal
36.94782535532795,28.077502339031035,262.4315433416682,Low,HTTP,1141.0031912444529,1,0,0,Normal
38.22917493755085,31.013815727509446,310.1676817743311,Low,HTTP,988.1023936784029,1,0,0,Normal
62.22739263364929,49.87149061237595,441.17328613446955,High,HTTPS,1681.548968588174,1,0,0,Normal
45.707107115595136,38.190825726131344,330.9374919011033,Medium,HTTP,1542.9682357441047,0,0,0,Normal
58.59785648659454,45.70904444924181,679.0352218427854,Medium,FTP,2248.3381674268826,1,0,0,Attack
47.976900418434525,37.61918695810546,292.16188299703686,Medium,HTTP,1418.0587837942644,1,0,0,Normal
63.37811981167761,52.25748130579405,494.27143151809753,High,HTTPS,2370.9883377189412,1,0,0,Normal
60.43185083770368,47.35366305681998,475.0292047261354,High,HTTPS,1466.4485924612065,0,0,0,Normal
70.66665647562331,55.79950737790457,626.9863415754622,High,DNS,3044.9963400780066,0,0,0,Normal
54.013906940599554,44.66941789836636,302.81467069866613,Medium,HTTPS,1280.6363132855706,1,0,0,Normal
55.233122377685504,41.07054666679574,460.0093445620826,Medium,HTTPS,2259.5655365805515,0,0,0,Normal
67.36051555839367,54.69342670991019,537.6491998447307,High,HTTPS,2280.6838733658556,0,0,0,Normal
65.07634997309651,52.99968086179962,574.108854820259,High,FTP,2578.1982491523136,3,0,0,Attack
56.88473529444309,48.6306453173584,425.06232655917313,Medium,HTTPS,1512.4489304111996,1,0,0,Normal
68.09953822164971,49.32105045990268,465.31458520151193,High,HTTPS,1608.2416834940952,1,0,0,Normal
43.07563776290408,35.88804573150073,256.24599828254634,Medium,HTTP,1087.6995701834326,0,0,0,Normal
63.585249859752366,52.093276387561296,537.4651923249768,High,HTTPS,2298.7117060575515,0,0,0,Normal
64.32692160997249,46.9554833984896,468.53972363953454,High,HTTPS,1421.5420088955054,0,0,0,Normal
76.46939411235508,61.09092265253237,560.1827512266902,High,DNS,1969.3181683516937,1,0,0,Normal
37.274823359475704,28.82515710234045,239.24083196260472,Low,HTTP,1195.9466057348404,1,0,0,Normal
69.94206188450335,51.613731457268635,585.382303753631,High,HTTPS,2138.8084054368805,0,0,0,Normal
65.78000323563174,55.130670432143994,359.43902413922837,High,HTTPS,1265.8618551945078,0,0,0,Normal
38.98521904960944,30.85091693474548,274.0211114546466,Low,HTTP,1169.4128309644211,0,0,0,Normal
69.66813139426449,55.248447670615725,837.8841864582105,High,FTP,3681.188228711526,3,0,0,Attack
51.99431550099689,39.345753050679754,300.40721690367144,Medium,HTTPS,1328.411306908261,0,0,0,Normal
41.38494376602466,34.54737582477765,398.7102924571725,Medium,HTTP,1269.8334383676934,1,0,0,Normal
71.43205102009233,51.32895676452057,678.0572841437834,High,DNS,2428.9386151163358,0,0,0,Normal
57.40472173943999,44.841919438078115,299.51923752155835,Medium,HTTPS,1098.274652648505,1,0,0,Normal
57.906973669014405,50.16142914608022,558.3041927311588,Medium,HTTPS,2579.0478587905955,0,0,0,Normal
47.019546299779904,34.376354165823805,379.57812521485863,Medium,HTTP,1793.2323632125747,1,0,0,Normal
70.43438033959319,62.36031018272636,688.8481004215373,High,DNS,2283.892363465506,0,0,0,Normal
35.57111701895337,31.291683368217196,288.2999284562256,Low,HTTP,1123.140452213297,1,0,0,Normal
54.346155225430266,38.515502752747125,474.27657836816996,Medium,HTTPS,1485.1007440637482,0,0,0,Normal
89.87247805140214,79.59609301429641,774.7752893038115,Critical,SSH,3521.095818949533,1,0,0,Attack
39.33232158378814,32.36699698621703,241.5246459414209,Low,HTTP,814.3711366859532,0,0,0,Normal
95.61024551672745,85.20784324088477,975.577771731181,Critical,FTP,4765.719303416327,1,0,0,Attack
83.90807478615898,69.15666017814381,687.406395341869,Critical,DNS,2136.866894565259,0,0,0,Normal
32.61211171047762,27.69023616477304,165.83128078068128,Low,HTTP,688.7926760446464,1,0,0,Normal
85.6967786137102,64.77118115061755,538.9239744246966,Critical,DNS,1971.8672761411017,0,0,0,Normal
66.87327635059773,49.86236006828593,668.5527828887028,High,HTTPS,2900.610799421822,0,0,0,Normal
87.35997626732569,72.02609491990569,579.5668339557795,Critical,DNS,1913.4919211108015,1,0,0,Normal
67.25865903033991,55.66965518222975,424.0273039165594,High,HTTPS,1809.614390857882,0,0,0,Normal
74.72348810711992,52.560381721935855,610.416403218225,High,DNS,2283.0564890787387,1,0,0,Normal
46.74544667279406,35.13150461834804,396.5688803709184,Medium,HTTP,1411.3670495172244,0,0,0,Normal
43.68738062214106,39.31393940664327,373.7493927746529,Medium,HTTP,1276.9872648058792,1,0,0,Normal
77.34242612258413,59.19553413077491,622.454466506496,High,SSH,2359.1717281342458,4,0,0,Attack
68.30849730642512,51.38008595952534,440.96596068440437,High,HTTPS,1482.408101464053,1,0,0,Normal
31.01951897609979,25.645701309077456,206.8064889739296,Low,HTTP,1007.5854467456263,0,0,0,Normal
45.4647700615169,38.16055118847789,411.39152869884765,Medium,HTTP,1238.7504305187977,0,0,0,Normal
89.96770358018694,75.77111722333692,837.6617157341589,Critical,DNS,2826.0074389077035,1,0,0,Normal
49.61085046757944,35.64466388606414,287.18777904236305,Medium,HTTP,1235.2568002405026,1,0,0,Normal
45.653123632801,34.61512359996554,330.4985007179847,Medium,HTTP,1103.1967054191728,1,0,0,Normal
68.02803675489486,52.1556787222245,362.46984688380775,High,HTTPS,1577.5517270746184,1,0,0,Normal
71.80299693704,61.89009987142524,636.2943143020028,High,DNS,2042.883672539788,1,0,0,Normal
72.66105793998577,63.39152265505194,430.8424911717014,High,DNS,2066.369898946427,0,0,0,Normal
45.545572491391795,33.318972562387714,642.3639275259311,Medium,FTP,2994.7058161115237,0,1,0,Attack
47.466080163867446,37.47796448649007,250.21664301028295,Medium,HTTP,1067.7404553925185,1,0,0,Normal
50.00375085117412,35.659158968809116,394.2264570118439,Medium,HTTPS,1282.9427159259994,1,0,0,Normal
78.58293878329278,67.14650568925127,522.3598369274436,High,DNS,1837.8162814515501,1,0,0,Normal
81.72832237349212,60.248428363126855,682.1539069186886,Critical,DNS,3381.7221533775364,0,0,0,Normal
39.46571800377569,35.065378993446366,227.08473054135604,Low,HTTP,923.9865266567275,1,0,0,Normal
66.87208438386733,47.53664490264068,746.2920414752952,High,FTP,3676.761715864784,1,0,1,Attack
33.93890475301305,27.672340818187173,232.4952780626581,Low,HTTP,1058.8398533797472,0,0,0,Normal
76.34001500409795,58.46803066381817,488.37485297825964,High,DNS,1969.2003421165743,1,0,0,Normal
41.15379325099639,34.31667252467727,248.64030123291172,Medium,HTTP,945.7818119184515,1,0,0,Normal
86.55067309373408,63.19575079173977,603.715034816204,Critical,DNS,1921.3066862579988,1,0,0,Normal
43.257798110935255,35.76417900522793,455.4080013349858,Medium,SSH,2240.110298042293,2,0,0,Attack
74.607252528358,57.74722519384877,922.2200596592467,High,FTP,4276.330993462945,2,0,1,Attack
49.766907934244955,37.61853469471456,250.2184137437174,Medium,HTTP,1246.288374686236,1,0,0,Normal
70.15924278508464,52.03496269385391,416.3399965419022,High,DNS,1376.0706644488905,0,0,0,Normal
49.047692638851004,38.208698631111154,604.7926247697624,Medium,SSH,2968.9751674371532,3,0,0,Attack
68.03050941365655,50.082218073371465,397.63457606192964,High,HTTPS,1452.5379116530733,0,0,0,Normal
52.20487246289849,46.31677455751316,437.50669974814576,Medium,HTTPS,1334.7750215778076,1,0,0,Normal
46.768366307296674,32.78987614647697,258.4648521579718,Medium,HTTP,1145.7219492766158,1,0,0,Normal
42.50081654921814,31.338766764641857,403.34490993455626,Medium,HTTP,1723.4046091455123,0,0,0,Normal
63.70334000694129,52.881521415958574,783.2053635012419,High,FTP,3799.5384903244994,2,0,1,Attack
40.85187295386277,29.977014264441916,333.68462743327706,Medium,HTTP,1296.4157747067693,1,0,0,Normal
86.16351523756748,71.96573983104042,485.60234577637215,Critical,DNS,1980.1655302877018,1,0,0,Normal
30.333685365621932,21.872393568995072,190.97296097209556,Low,HTTP,879.2170777807928,0,0,0,Normal
51.2105741193227,45.045407116587754,706.6541376267803,Medium,FTP,2321.320630397901,2,0,0,Attack
69.03649358195253,59.799466475800735,529.6663525116242,High,HTTPS,2253.8088297767003,0,0,0,Normal
40.1393382743845,33.18425034881311,394.03848301335177,Medium,HTTP,1329.3698895245584,1,0,0,Normal
70.56686568306304,51.19152824144663,627.0293652868663,High,DNS,3021.131639161101,0,0,0,Normal
36.317865488745156,27.304844591183535,275.30297986710957,Low,HTTP,1144.0635640850096,0,0,0,Normal
83.88343359496503,75.1378989845471,587.9841615368772,Critical,DNS,2339.6755079783497,1,0,0,Normal
79.86024219848332,64.43848240281946,435.7320189767829,High,DNS,1692.402629763226,0,0,0,Normal
78.0179178986873,69.64430406292013,964.3627079999912,High,FTP,4444.604477315345,4,0,1,Attack
37.62987945941859,32.1895110415388,342.1493297900788,Low,HTTP,1481.7712660013422,1,0,0,Normal
45.54886602280021,36.58552942567663,453.30254198214243,Medium,HTTP,1420.7684160934348,0,0,0,Normal
88.72254424164566,69.2374358874304,511.2993427888934,Critical,DNS,2003.0677386067553,0,0,0,Normal
62.067193745788245,44.579593177718294,606.5640101927862,High,HTTPS,1979.0058052359889,0,0,0,Normal
87.80118954222417,78.30907775127332,582.3296897006834,Critical,DNS,2725.303788582392,0,0,0,Normal
76.6272720292909,66.18294640851832,392.88097656382365,High,DNS,1182.834198329169,1,0,0,Normal
60.96448026190046,54.75099260395916,523.1965519963674,High,HTTPS,1891.5090601701816,0,0,0,Normal
54.114462606667075,39.53148546394655,442.7620100815817,Medium,HTTPS,1869.8884121915573,1,0,0,Normal
35.47418444744835,31.604233480274356,341.55140746717825,Low,HTTP,1231.1402440583483,1,0,0,Normal
87.56725561313942,67.01475397012449,631.6122884390746,Critical,DNS,3107.00939033454,0,0,0,Normal
89.10988864337924,62.83020280058832,885.6451585369327,Critical,SSH,4085.8075018484383,4,0,1,Attack
89.42405988906103,75.40948498620818,805.6845168880703,Critical,DNS,2463.6647851343673,0,0,0,Normal
39.15482604686986,32.391931471795814,223.66665063508546,Low,HTTP,771.5929255698826,1,0,0,Normal
87.2723895352101,77.24712389036765,710.2114056167916,Critical,DNS,2549.584490759917,1,0,0,Normal
59.58840094128391,46.986364833642526,553.6133224725936,Medium,SSH,1909.4036481846179,3,0,0,Attack
31.52602844798821,25.46594129632717,300.92903367859736,Low,HTTP,1421.4028404963628,0,0,0,Normal
72.98387843191449,62.79447162523684,575.7794275928693,High,DNS,1991.5628389930432,0,0,0,Normal
78.18344052675457,56.95621365360605,782.2999375007317,High,SSH,3288.010288378723,4,1,0,Attack
95.53801598111022,78.86804812507957,888.8397665739586,Critical,FTP,4426.211784495599,2,0,1,Attack
56.55458490960882,41.70168670270569,510.2427411801012,Medium,HTTPS,1532.2703617738073,1,0,0,Normal
62.332534892630065,54.965864687589,519.0388955816318,High,HTTPS,2411.9001022329385,1,0,0,Normal
78.11647575217648,63.709084424957005,416.80234223708715,High,DNS,1606.0903946008575,1,0,0,Normal
38.54837777616922,30.75831791519572,281.1721376506824,Low,HTTP,1338.316403781119,0,0,0,Normal
67.65444618613401,53.33906764623895,382.69575842803516,High,HTTPS,1753.2875031189217,1,0,0,Normal
41.21117201739253,35.47808585004961,379.1429313144945,Medium,HTTP,1647.1857600502437,0,0,0,Normal
84.54498336512188,70.43251108070592,424.9797392679693,Critical,DNS,1495.2896672961904,1,0,0,Normal
64.66958018078003,46.13696548619298,422.8248213891378,High,HTTPS,1282.6005019520258,0,0,0,Normal
59.37441487520118,47.0103033656885,478.44436259683823,Medium,HTTPS,2291.4984652132675,1,0,0,Normal
56.52134036907228,41.04946881598187,368.03210528658354,Medium,HTTPS,1532.2716539148946,0,0,0,Normal
78.26554388026125,67.9345033882555,766.8402912895474,High,DNS,3560.9900404135037,1,0,0,Normal
69.92320635938086,49.02083878403455,631.6457831840529,High,HTTPS,2755.621791210881,1,0,0,Normal
34.02782586752437,25.913187897030163,175.06065549573583,Low,HTTP,763.2368295362099,1,0,0,Normal
57.528084097330066,47.30670058953111,352.32285115017993,Medium,HTTPS,1171.599236480231,0,0,0,Normal
37.879487011123274,28.80565769715625,245.25975060474815,Low,HTTP,1067.6552024983107,0,0,0,Normal
80.40004331480304,71.71018031906775,492.24610611874294,Critical,DNS,1914.542249723106,1,0,0,Normal
30.320041098020738,26.115768777774264,282.23275315680024,Low,HTTP,1144.7040018104053,0,0,0,Normal
48.45880307999323,34.2015106776758,297.88824612831536,Medium,HTTP,1191.3781966340566,1,0,0,Normal
76.69707673296216,57.13736693495793,814.1527368193324,High,SSH,3837.9561185443476,1,0,0,Attack
48.13659822291811,36.53517340851281,478.93068580859523,Medium,HTTP,1773.2123015925185,1,0,0,Normal
87.57515554421843,65.2345957248708,438.53748726034706,Critical,DNS,2142.9163225553407,0,0,0,Normal
78.40105585621131,68.39223749494137,714.793816292062,High,DNS,3344.987842663841,1,0,0,Normal
31.73558881273493,23.671254905108544,226.3828245730323,Low,HTTP,983.1583667842602,1,0,0,Normal
43.49235212925123,35.67679674989102,408.803758598983,Medium,HTTP,1406.9089507958354,0,0,0,Normal
57.69685493345605,51.810410924149,716.5907337936504,Medium,SSH,2763.125512060177,3,0,0,Attack
43.46952849635272,30.441808012229867,363.4593930527613,Medium,HTTP,1764.5433856223733,1,0,0,Normal
81.70146593576646,70.64609834662932,514.4121121876101,Critical,DNS,2042.2874371418477,1,0,0,Normal
43.76696753402939,34.3717848876466,222.490334023651,Medium,HTTP,895.2547644151142,1,0,0,Normal
66.09014001265905,57.89348249339471,626.1177310255842,High,HTTPS,2188.757274550813,0,0,0,Normal
89.39290356764104,76.71174669250371,706.9678990309989,Critical,DNS,3200.2206573359913,0,0,0,Normal
40.09067085775314,33.45365284208208,565.1977445363041,Medium,SSH,2151.172524695602,4,0,0,Attack
79.40574335167184,59.70117926531043,667.5256063941093,High,DNS,2753.28039857462,1,0,0,Normal
55.600866298918845,39.106361809225454,467.0253393091889,Medium,HTTPS,2156.082261896957,0,0,0,Normal
82.79328118675039,72.77096744508536,481.30982647632857,Critical,DNS,1694.0046190044873,0,0,0,Normal
87.4424041427119,71.38289344765894,933.0211672755904,Critical,FTP,4241.02026283861,1,0,1,Attack
70.33494421268188,60.795542117637076,508.0645568895257,High,DNS,2084.492437847089,1,0,0,Normal
55.55489091351774,46.45836735479623,624.4235971823633,Medium,FTP,2976.4656250398016,1,0,0,Attack
41.00226172187831,34.27724369353848,507.45681705014243,Medium,SSH,2059.170465590997,2,0,0,Attack
83.68432221308467,61.30175300860346,777.0192405600307,Critical,DNS,2453.1490671637225,1,0,0,Normal
64.90255322059966,54.214148199825004,438.4881985011882,High,HTTPS,1325.462776876069,0,0,0,Normal
89.311539085611,70.46145008387055,1067.7747136059998,Critical,FTP,5316.584602499603,1,0,0,Attack
70.87818511128717,57.098661167537095,652.0180184505429,High,DNS,3224.379860470036,0,0,0,Normal
80.79526533958415,64.6314715565629,875.2265863232315,Critical,SSH,3493.228745948267,2,1,1,Attack
39.76070805417294,34.64767691832781,242.69205162337235,Low,HTTP,744.9331074224249,0,0,0,Normal
70.59483260491106,54.375248798324414,504.03519498152343,High,DNS,1790.9495214353467,1,0,0,Normal
56.68201490625506,50.370509914052455,546.2526575851742,Medium,HTTPS,2585.567897649591,1,0,0,Normal
61.67659376951633,53.53315025395095,457.9700959359523,High,HTTPS,1644.243588372641,0,0,0,Normal
59.982397303538164,50.0427247903478,453.43569117860653,Medium,HTTPS,1872.1428894073172,0,0,0,Normal
81.42147824270069,60.590008448250494,508.02115676358386,Critical,DNS,2109.314871728136,1,0,0,Normal
51.07321085088188,40.12276978884556,450.2977575219092,Medium,HTTPS,1638.9320382514384,1,0,0,Normal
86.59519777495007,76.67880948622542,607.4767684478782,Critical,DNS,2274.0737963583647,1,0,0,Normal
90.38962424223428,72.0417842742976,906.0799994814232,Critical,SSH,3487.7257172109807,0,0,0,Attack
70.28705273536616,56.39686719478468,635.5053088049109,High,DNS,2518.1560217368447,1,0,0,Normal
43.2457936994615,32.416008748226304,272.40223413900776,Medium,HTTP,1073.4952543175025,0,0,0,Normal
65.67797552022967,56.00153783489839,782.148324281147,High,FTP,3223.843835001361,3,0,1,Attack
85.64571058144793,66.85549489767023,664.355957398414,Critical,DNS,2790.2132699208814,0,0,0,Normal
69.10416116312263,56.14441111165036,850.7437102350148,High,FTP,2944.1116764946837,0,0,1,Attack
60.71375167965016,52.314781319316936,464.12992184773606,High,HTTPS,1522.1765652312395,1,0,0,Normal
44.87279785060309,33.742423711452766,241.9909023949811,Medium,HTTP,1131.205831729361,1,0,0,Normal
85.80053613703058,73.32059569826174,633.8936294329663,Critical,FTP,2856.4724421469878,1,1,1,Attack
64.1815875323664,52.00512210460751,838.4665236908558,High,FTP,3554.576617629387,2,0,0,Attack
63.73819246189669,55.87762315506207,628.654766926177,High,HTTPS,1926.8998473457286,1,0,0,Normal
78.49884023977211,63.25298410839514,587.0197971793749,High,DNS,2812.055046948361,1,0,0,Normal
45.58716189567349,32.62731449972121,235.85181476087973,Medium,HTTP,719.3905220604294,0,0,0,Normal
76.36411728650273,53.62900361570132,487.4365795358937,High,DNS,2120.967132126472,0,0,0,Normal
63.0843055029527,56.64419137812177,588.7787630625462,High,HTTPS,2132.431977648655,0,0,0,Normal
83.0022330259817,74.24741661461002,537.4987893617042,Critical,DNS,1760.2271274079276,0,0,0,Normal
61.73472085138201,49.33362219588339,482.8881722171102,High,HTTPS,2154.4949307160555,1,0,0,Normal
34.713834836147726,24.540800426322214,273.54690255207834,Low,HTTP,1095.2769088511236,1,0,0,Normal
30.684044501540484,23.17634351558323,202.4888340921112,Low,HTTP,753.2987012642814,1,0,0,Normal
89.37377336493228,78.05263704620704,612.9866720817718,Critical,DNS,2480.620765336905,0,0,0,Normal
88.35693658278615,67.0654411901055,629.3768405968679,Critical,DNS,2872.625868997384,0,0,0,Normal
59.73683617026836,48.55884786887756,442.4180083394796,Medium,HTTPS,1994.931449635139,1,0,0,Normal
32.0837459372342,26.154739339991675,235.88338961991224,Low,HTTP,787.7586757022812,0,0,0,Normal
46.59669439359277,35.59830370328798,363.6616482551598,Medium,HTTP,1304.2755484999193,1,0,0,Normal
81.99846143063041,63.495299571197165,655.9624660043476,Critical,DNS,2327.2421399741943,1,0,0,Normal
47.70857767551206,37.44764100593606,293.483240076318,Medium,HTTP,895.7073444345472,1,0,0,Normal
73.86384171972168,58.81369153067272,620.9564290093351,High,SSH,2886.2982355426548,2,0,1,Attack
64.56065128266346,51.26661893815067,593.083194449935,High,HTTPS,2390.1630669731503,1,0,0,Normal
49.189886749882135,39.950947079278095,431.1780203087353,Medium,HTTP,2054.7766661438086,1,0,0,Normal
52.30423521390094,42.88882925484272,423.582985146676,Medium,HTTPS,1476.0739792454872,0,0,0,Normal
65.47740991547471,48.8502918882882,538.0461334804514,High,SSH,1910.7978292370813,2,0,0,Attack
58.87340609973762,42.857688592105966,557.8832454855544,Medium,HTTPS,2507.900751676812,0,0,0,Normal
58.225379947107285,50.50807161919365,298.4312944570064,Medium,HTTPS,1112.0548945404878,1,0,0,Normal
73.65341975120828,62.651315554225974,817.0808496816832,High,FTP,3685.8059042318087,1,0,0,Attack
65.99630840282771,54.37685380966341,432.57085686537806,High,HTTPS,1930.6498751397305,1,0,0,Normal
53.81898711944814,38.02373923746211,506.0751111367176,Medium,FTP,2169.0264341639104,3,0,0,Attack
38.38903894655232,33.74547078211807,332.2269039056322,Low,HTTP,1338.9079031913445,0,0,0,Normal
80.23739990228933,56.56881235124027,602.5792881585882,Critical,DNS,2783.3115584227094,0,0,0,Normal
75.18699239975831,62.79067146303697,511.3089010867005,High,DNS,2159.6144445885775,0,0,0,Normal
67.18134298251243,51.204196733869395,511.71653601658215,High,HTTPS,1840.5507183359148,0,0,0,Normal
31.953482995158993,23.245674922314517,284.72456825280403,Low,HTTP,1125.0791896016628,0,0,0,Normal
83.71176545289927,70.83425928399969,734.3939363363969,Critical,DNS,2566.16110492285,1,0,0,Normal
31.505404288254795,25.21686928428092,184.27594703401667,Low,HTTP,772.6030086984641,1,0,0,Normal
70.53803640337719,54.456765830407626,456.1180554461042,High,DNS,1626.0771591018292,0,0,0,Normal
48.65364606002913,39.150507178690006,309.9028295778698,Medium,HTTP,1513.4949477002388,0,0,0,Normal
38.2454563013016,32.75432009281165,196.19804916997793,Low,HTTP,830.431972786811,1,0,0,Normal
73.85055099759484,62.84057978335524,673.5446031103797,High,DNS,2330.088159581449,1,0,0,Normal
60.119463824958075,44.12534558327588,455.4145160314429,High,HTTPS,1651.5555153327311,0,0,0,Normal
51.60596157933469,39.15090599154639,485.80496564522565,Medium,HTTPS,1621.2180922310856,0,0,0,Normal
71.4033295493573,53.89400648845294,643.5456801537075,High,FTP,2497.5950226567556,0,0,0,Attack
86.9271484285855,61.3009212782023,754.4570576166241,Critical,FTP,2828.793029480193,2,0,1,Attack
75.2746551020391,65.09864612486464,657.7850133038551,High,DNS,2665.158372758024,0,0,0,Normal
50.18831893652532,40.30153992358915,542.0753913356472,Medium,SSH,2556.5923152274527,3,0,0,Attack
47.59525136272714,41.71959341185509,417.76064790607455,Medium,HTTP,1325.1799704814491,0,0,0,Normal
46.434846226038644,34.755246675112026,402.0327984651626,Medium,HTTP,1242.5790468302132,0,0,0,Normal
31.55964179095463,23.83183522847852,259.2606656383961,Low,HTTP,1052.5768434033268,0,0,0,Normal
79.44448116017156,67.49115643949341,601.8119600028925,High,DNS,2895.589238484678,1,0,0,Normal
60.90191170515027,47.054855501795494,551.0094969495698,High,HTTPS,2107.9236009697765,1,0,0,Normal
82.9648476519651,70.61091670387184,668.6340586379426,Critical,DNS,2611.551249593119,1,0,0,Normal
44.54201639386156,37.69679547137093,289.16865963695045,Medium,HTTP,880.962644370525,1,0,0,Normal
56.5409289465606,46.84968532958287,617.1964438050538,Medium,FTP,2350.756179636865,1,0,0,Attack
74.86159184583812,60.11461267633096,466.81011153022445,High,DNS,1463.0231903935287,0,0,0,Normal
51.7900416473276,44.63781821449052,413.3676086905017,Medium,HTTPS,1794.3343167115834,1,0,0,Normal
75.3283180850849,61.94773478676055,483.04956608505165,High,DNS,1558.158830515683,0,0,0,Normal
73.89597411602153,56.137418985606715,717.4878987727172,High,DNS,2369.3588038884413,1,0,0,Normal
68.5793187472882,54.53060584057144,554.2273558793066,High,HTTPS,1822.1538864436793,0,0,0,Normal
70.90302327577206,53.13654738831581,635.954596768368,High,SSH,3034.5211977159356,1,1,0,Attack
78.56989178610092,64.36949670601003,515.9072974604755,High,DNS,2375.4189803108407,1,0,0,Normal
66.71094361932774,50.46706712341673,389.78852846693997,High,HTTPS,1793.1461597958012,0,0,0,Normal
47.904508968786104,42.557276418491135,345.0311535588884,Medium,HTTP,1567.6479732009252,1,0,0,Normal
58.54395247719367,48.19701695165691,402.4080142551452,Medium,HTTPS,1432.1004796386565,1,0,0,Normal
54.82770804417669,40.898408134353076,618.2965492593654,Medium,FTP,2294.0210080308143,3,0,0,Attack
65.77924918587087,50.1664688929629,611.1392107254978,High,HTTPS,2627.5220785190786,1,0,0,Normal
46.951071527619206,34.4488412443182,254.95645493013825,Medium,HTTP,838.9227767907867,1,0,0,Normal
86.51317799471144,68.18095811760733,452.1915094689334,Critical,DNS,2147.920865745729,1,0,0,Normal
66.97862842673203,51.904700071185665,512.3726478580342,High,HTTPS,1845.3222914503453,1,0,0,Normal
53.783245333179366,43.30474423111823,712.480618147176,Medium,SSH,2578.984876935946,4,0,1,Attack
58.794655672681984,51.24720901157233,615.3205578332716,Medium,SSH,2837.229189770196,2,0,0,Attack
40.115367701801006,28.77115649780584,291.4181401710545,Medium,HTTP,999.1498877527465,0,0,0,Normal
66.42973139343667,47.10359858513457,539.8770417881713,High,SSH,2368.9970986060034,2,0,0,Attack
52.48326200631709,42.301074771446345,368.5328663688818,Medium,HTTPS,1681.6196662314812,0,0,0,Normal
61.55149412898936,54.23580237629045,328.390505905456,High,HTTPS,1479.4590346737066,0,0,0,Normal
81.48911882504763,63.76985373599115,680.5913053991944,Critical,DNS,2818.8495847446916,0,0,0,Normal
45.163101919024484,35.70504743441257,451.2954813161907,Medium,FTP,1883.7991967575792,1,0,0,Attack
32.722214573586825,23.057825311534543,188.34071730520031,Low,HTTP,812.3791350059271,0,0,0,Normal
61.79751689036493,48.256228361091544,353.44119320842776,High,HTTPS,1588.8298899469105,1,0,0,Normal
84.34355401332141,60.17141959161873,795.2754516186569,Critical,DNS,3863.8180339811984,0,0,0,Normal
54.7670019830548,45.67990468806141,493.4989315109543,Medium,HTTPS,1953.6099039678536,1,0,0,Normal
57.174015405962564,41.31206077482839,514.609749735597,Medium,HTTPS,1770.432564529612,0,0,0,Normal
31.396070944538224,22.926346391093478,278.129699387534,Low,HTTP,1167.0080758706054,1,0,0,Normal
54.26294836426678,39.54541065203966,347.12373449869494,Medium,HTTPS,1272.178200679328,1,0,0,Normal
34.022589973319555,29.843256325160926,230.52241775138882,Low,HTTP,756.2486321865895,1,0,0,Normal
80.22314368528896,69.026819533865,861.7173701533962,Critical,SSH,2827.218524459688,2,0,0,Attack
36.77012090978678,31.623425880008977,210.55078079846308,Low,HTTP,731.3494189223054,1,0,0,Normal
49.06893794061034,41.92203186987454,660.0243304266073,Medium,SSH,2344.7938422455627,4,0,0,Attack
38.63211552699795,29.201347536767084,251.2559210479011,Low,HTTP,1178.1668752907437,1,0,0,Normal
83.14801149968844,64.10901047130669,544.5625944800349,Critical,DNS,2077.3142425621113,1,0,0,Normal
88.13057066668989,73.14294386064304,995.5937486932812,Critical,FTP,4166.957451134407,0,0,1,Attack
78.00915333617013,56.872223265881246,473.62832651365966,High,DNS,1483.9191169853073,0,0,0,Normal
86.30490670460858,75.517007048063,931.0092096726484,Critical,SSH,4309.823664581271,2,0,0,Attack
46.7648080237268,35.548380171691704,416.5588589092068,Medium,HTTP,1980.3144205062272,1,0,0,Normal
61.306832171976566,46.71412853588192,737.2290294832384,High,FTP,3246.616487933192,1,0,0,Attack
68.98151676767156,59.399828233525675,541.8093728943871,High,HTTPS,2171.9887714455062,1,0,0,Normal
38.71365410465842,28.75874076253292,307.2125449910102,Low,HTTP,1279.961551666188,1,0,0,Normal
82.50074276726082,69.20187730396825,683.3842637992676,Critical,DNS,3340.739434494382,0,0,0,Normal
48.04571433494857,41.141599901274944,419.8373983894914,Medium,HTTP,1969.8104216531676,1,0,0,Normal
48.59179090271937,41.328203103003744,468.7243244927578,Medium,HTTP,2201.3366764000625,0,0,0,Normal
88.32932218749193,71.91566275627822,853.3479825415529,Critical,SSH,2817.562997069861,3,1,0,Attack
52.857346543314634,43.206670935369964,522.4747575841373,Medium,FTP,1683.1981829565677,0,0,0,Attack
71.64092461272958,59.557596728285354,572.3954408657029,High,DNS,2326.42968787617,0,0,0,Normal
76.89034165123303,65.32077581721613,512.2651297047457,High,DNS,2231.831941934908,0,0,0,Normal
75.15546351693047,66.57620513388626,428.49625769900473,High,DNS,1558.3201146749334,1,0,0,Normal
74.25296484318096,59.095642187152876,623.4111240091307,High,SSH,2928.8589622493414,1,0,0,Attack
65.22610627056565,48.530441489631215,403.34292738086543,High,HTTPS,1757.9197229400695,1,0,0,Normal
69.40045253562857,56.880008474785924,442.87672873699887,High,HTTPS,1597.9605904682928,1,0,0,Normal
74.85948331523105,57.37914081833163,690.412337592418,High,DNS,2775.589736029237,0,0,0,Normal
85.7539532793453,62.43390375772152,603.4178373193828,Critical,DNS,2346.7875404475867,0,0,0,Normal
58.7607376161759,42.78317367343765,467.94104183858656,Medium,HTTPS,2058.0977959529177,1,0,0,Normal
43.21020338844619,32.293171808433414,230.42789089017322,Medium,HTTP,746.4773678011653,1,0,0,Normal
65.87739588117984,49.75447623574792,597.7048753721032,High,HTTPS,2101.561131478009,0,0,0,Normal
59.947382524842396,52.088945425871906,762.6038843098916,Medium,SSH,2994.79248072098,1,0,1,Attack
38.41758205948281,30.021985474950323,326.91536397994605,Low,HTTP,1511.2209936903416,1,0,0,Normal
38.42734830643167,31.45431927177254,289.04756305454316,Low,HTTP,1082.8769567595264,0,0,0,Normal
44.205182637961116,31.531944761370422,349.9250616721217,Medium,HTTP,1726.2956807817013,1,0,0,Normal
46.577609376763576,40.19272982706344,452.79521958789275,Medium,HTTP,1879.8580205342041,0,0,0,Normal
80.67332666752918,70.62130632016627,744.5827867602502,Critical,DNS,2949.2114402078046,0,0,0,Normal
54.439419652699144,45.74985330395162,503.0804141805808,Medium,HTTPS,1714.8425522397094,0,0,0,Normal
65.56198117767053,52.5070781005897,377.27231576695056,High,HTTPS,1830.3071781620752,0,0,0,Normal
33.992633078451036,27.759646553077857,188.79402751765488,Low,HTTP,837.2458046883122,0,0,0,Normal
78.87586566721438,70.10899164736298,604.2630660791351,High,DNS,1972.4636296707376,0,0,0,Normal
82.61953945897403,71.81159206525629,693.3412497610217,Critical,DNS,2589.5950573717523,0,0,0,Normal
72.11429656570544,62.713780859807514,475.36268535047543,High,DNS,1978.292044070254,0,0,0,Normal
60.263078498028335,44.002743731736594,557.1499236150327,High,HTTPS,2060.350535181079,0,0,0,Normal
74.99114107175956,54.1555091977744,829.6209296883984,High,SSH,3535.4421232259388,1,0,1,Attack
96.6556787211448,77.94676336676591,830.2285003429222,Critical,SSH,3184.4243975253894,1,0,0,Attack
80.75523732826696,67.48546145317815,609.7406814509712,Critical,DNS,1882.1839525540224,0,0,0,Normal
80.89326463581529,61.77590617084556,584.2836341220407,Critical,DNS,2313.0453002086215,0,0,0,Normal
49.053248664567946,42.667094037911376,616.7317444989094,Medium,SSH,2363.3216729687433,4,0,0,Attack
46.647627001511864,38.98983583923181,461.17154720587536,Medium,SSH,1541.1949914439272,3,0,0,Attack
61.931248317996506,47.11815167449849,389.55552760668655,High,HTTPS,1212.8187955553606,1,0,0,Normal
80.70372035012042,64.72592831970871,790.5619154317219,Critical,FTP,2947.925030402143,3,1,1,Attack
59.101544296536304,46.62614436338135,735.2630936554875,Medium,SSH,2347.0399695012866,1,0,0,Attack
90.94353707136179,76.37619169738272,824.4098041498008,Critical,FTP,2574.1747523244967,4,0,1,Attack
70.75124939132365,51.22055783207355,695.7199668850596,High,DNS,2576.3208451403007,0,0,0,Normal
58.24415599970962,43.7766076834619,658.9164417159077,Medium,FTP,2311.8029095510988,1,0,0,Attack
60.605741738690995,48.042545210050505,448.61752506368026,High,HTTPS,1364.536695980688,0,0,0,Normal
56.674751489263144,48.86875317334407,341.2790286740715,Medium,HTTPS,1117.8829556233857,0,0,0,Normal
71.94596831257513,55.73195524102641,692.7356964585977,High,DNS,3448.4262332106437,0,0,0,Normal
37.18580918100997,33.21930915838191,319.3057053499738,Low,HTTP,1448.4458356699645,1,0,0,Normal
45.48154539494135,37.07507190269296,257.45358079781414,Medium,HTTP,1174.6409027022844,1,0,0,Normal
57.81184999199468,46.02338503771091,395.28133047805017,Medium,HTTPS,1694.1217425183377,1,0,0,Normal
78.6800218220742,58.29154803675646,621.8962824875726,High,DNS,2316.9260999658763,1,0,0,Normal
52.390875603596214,46.373374412035915,353.37883444736053,Medium,HTTPS,1749.9944793881916,0,0,0,Normal
87.99988939339528,74.22531009531025,717.5324212199,Critical,DNS,2678.979068425566,1,0,0,Normal
74.55021205249068,54.155112081874954,728.4864446220666,High,FTP,2501.505084550411,0,1,1,Attack
58.826737307751955,45.502188502340154,306.9078721714533,Medium,HTTPS,1181.6804825834106,0,0,0,Normal
42.260543477896135,34.491566906985014,312.5982112367032,Medium,HTTP,1185.8789851767901,0,0,0,Normal
85.54265725339064,65.85089289620966,605.6439649247831,Critical,DNS,2050.029898281479,1,0,0,Normal
73.04114791608299,60.34305467895085,427.6399564401831,High,DNS,1841.395945610339,1,0,0,Normal
37.927396546147065,29.718390662321994,200.38370792219723,Low,HTTP,829.5585443512288,1,0,0,Normal
52.04850677488139,36.886046643396305,355.0877120234711,Medium,HTTPS,1677.7319283380302,1,0,0,Normal
64.8494321306498,51.61218013034341,355.39256635424084,High,HTTPS,1560.0529751404704,1,0,0,Normal
50.94054478977341,39.896681165668255,270.296335831398,Medium,HTTPS,994.8254575727623,1,0,0,Normal
67.84545314763818,49.81153854159047,458.48266848776683,High,HTTPS,2266.1065309494998,1,0,0,Normal
65.06799861279433,46.28507954544685,608.0563467050993,High,FTP,1985.123332294825,4,1,0,Attack
32.60579176421743,25.200685051236004,166.42389168554803,Low,HTTP,660.9211333247075,0,0,0,Normal
68.76313994405791,49.455200054747564,591.188148282914,High,FTP,1803.822781447304,1,0,0,Attack
64.96027376808343,46.26760150310279,846.0270944700353,High,FTP,3990.316401646522,1,1,0,Attack
40.25737715921423,31.010661563771663,355.89890291870967,Medium,HTTP,1436.013192179356,0,0,0,Normal
43.40019917108293,32.58700380733107,586.5367916469869,Medium,SSH,2875.2459091867377,3,0,0,Attack
61.86695081784819,43.564530402195544,708.2158560002636,High,SSH,3262.034172760304,4,0,1,Attack
35.76327125978423,26.019814236649292,243.68939348463826,Low,HTTP,1189.7501375636675,0,0,0,Normal
33.67336751820403,30.23189071680129,332.7077580022098,Low,HTTP,1661.3320002725036,1,0,0,Normal
51.09301016651443,43.61419607381641,349.16963513778904,Medium,HTTPS,1474.7521782320362,1,0,0,Normal
45.25475294853095,38.749539363469275,275.35694423498916,Medium,HTTP,1329.3158857742637,1,0,0,Normal
31.2494465605414,25.892864200975875,222.6739880300503,Low,HTTP,699.5047066634693,1,0,0,Normal
48.26706551233656,37.28912116366516,537.0996602929465,Medium,FTP,1965.3884150302135,0,0,0,Attack
89.33947756004272,79.97828018327911,532.6590049369512,Critical,DNS,1860.4871676747434,1,0,0,Normal
76.08706121449359,58.842689878847615,628.8499055711656,High,DNS,2395.5853600984533,0,0,0,Normal
86.87604177757748,64.58224979956134,881.9444048344475,Critical,SSH,3758.8380669766207,0,0,0,Attack
68.5758986241126,53.833983575148906,638.5852890888036,High,HTTPS,3106.773240315301,1,0,0,Normal
51.76748431578744,40.34561274549937,438.6855882878195,Medium,HTTPS,1388.724174002639,1,0,0,Normal
88.56530517383362,65.40438224741386,593.4980821787718,Critical,DNS,2967.1035757353006,1,0,0,Normal
52.00800085956871,43.19758152357219,512.61972291541,Medium,HTTPS,2514.9118632668165,1,0,0,Normal
43.015166706973105,35.013701569112875,243.5414344114198,Medium,HTTP,1152.78947859156,1,0,0,Normal
55.508325761347805,48.43011519881502,412.33133204302396,Medium,HTTPS,1854.4908705571854,0,0,0,Normal
53.80861526544322,45.14360541175246,275.9281906403719,Medium,HTTPS,856.1201545708467,0,0,0,Normal
41.5462887607282,31.909623909335533,386.0205907029941,Medium,HTTP,1876.4677553112367,0,0,0,Normal
69.17847721284488,61.86369733158146,524.8728018975701,High,HTTPS,1733.3318059387059,0,0,0,Normal
64.1955076517479,46.63612920661287,626.2388215029333,High,HTTPS,1931.9270804620012,0,0,0,Normal
81.74514111829922,65.16159925028256,736.9301213935586,Critical,DNS,3054.0550493726555,1,0,0,Normal
71.68983733768982,50.54981081766419,695.7929096211858,High,DNS,2869.3203665247784,1,0,0,Normal
50.41497708573843,43.944391227000615,503.31378753999894,Medium,HTTPS,2123.0519221531245,0,0,0,Normal
88.27866046216513,70.93093925825409,711.4372868129419,Critical,DNS,3409.7943324421626,0,0,0,Normal
37.941087682993384,33.77543153926711,363.05919872762064,Low,HTTP,1645.271985270796,1,0,0,Normal
59.13934831667575,50.895255856740626,316.60027072343763,Medium,HTTPS,1239.1056857318604,1,0,0,Normal
31.535467347566737,28.01055937789003,209.65268048832425,Low,HTTP,713.7923477886676,0,0,0,Normal
81.49604998689028,73.29239014802471,507.8894251364835,Critical,DNS,2029.4989603250106,0,0,0,Normal
71.0467225722823,58.42596867921063,699.0092333018979,High,FTP,2684.3604668834723,4,0,1,Attack
87.0621766682234,76.85509250051408,709.9898329649541,Critical,DNS,2623.1203561891466,0,0,0,Normal
78.17965857964737,55.83110343362614,755.4280322234803,High,DNS,3305.163083977584,1,0,0,Normal
96.46720407698012,73.88675972415042,722.2850292783471,Critical,SSH,3022.160532530333,0,0,0,Attack
89.80101548411767,67.2863711738388,897.8638266932576,Critical,DNS,3169.301265429165,1,0,0,Normal
76.70794048142852,59.90484222012842,949.0528527413526,High,SSH,3107.1819337209945,0,0,1,Attack
94.82829435815802,78.34704017497566,1085.090060614043,Critical,SSH,4594.320510449886,3,0,0,Attack
34.24154740998347,30.355431031543336,299.4059047496777,Low,HTTP,1496.9002381026692,0,0,0,Normal
49.777862117334735,35.66906402597895,261.66876529624153,Medium,HTTP,939.458185195571,0,0,0,Normal
54.78488960652953,49.30282983038552,728.8188333990481,Medium,FTP,2657.319332514208,0,1,1,Attack
64.2841243455041,57.25143490510308,570.0169288700577,High,FTP,2711.281899302174,1,0,1,Attack
67.85969431992271,59.26487669535391,353.7133242451794,High,HTTPS,1280.488849789855,0,0,0,Normal
85.95262183764135,73.03888046192804,675.6507737413951,Critical,DNS,2869.5226073447234,1,0,0,Normal
34.96944128637551,24.837716642040615,273.09505363419186,Low,HTTP,879.8624735721284,1,0,0,Normal
89.98044634834514,79.73217848952018,723.9259281583979,Critical,DNS,3103.4794517261425,0,0,0,Normal
87.17997089326673,63.66216682412684,826.6459077209182,Critical,DNS,2702.15824516765,0,0,0,Normal
82.0032876184996,58.09907152581255,724.0256154610042,Critical,DNS,3062.781661416692,0,0,0,Normal
84.92723398208909,69.1672358568444,818.6494491235179,Critical,SSH,2917.8193246800624,0,0,1,Attack
33.080756183408084,26.87419018802401,198.86844968428514,Low,HTTP,605.3628890354125,1,0,0,Normal
85.83168363329605,70.53774580191296,642.8678260165191,Critical,DNS,2078.3722186100485,1,0,0,Normal
49.07153502746951,43.14774143407675,548.4368587676834,Medium,SSH,2065.392676846079,4,0,0,Attack
32.549057043070206,27.769848644757953,219.26579663548767,Low,HTTP,737.2740446996797,1,0,0,Normal
64.32881873239239,50.90845007283419,542.8096289898929,High,HTTPS,2332.173953444462,0,0,0,Normal
63.71441244293237,47.17824223989459,507.1931801217057,High,HTTPS,2288.885142919923,0,0,0,Normal
66.5444326011675,53.20857215844334,420.86425317524487,High,HTTPS,1440.703046324392,0,0,0,Normal
83.78474655371974,65.68921915541851,476.31250872328974,Critical,DNS,1741.5242501485607,1,0,0,Normal
75.95072024370893,58.44095475611925,614.0701814542488,High,DNS,2186.678586250774,0,0,0,Normal
67.41357797014643,56.4603479453781,874.0630055191599,High,FTP,2748.3754272120254,2,0,1,Attack
42.139263775607105,34.48747339829738,272.87883516703215,Medium,HTTP,1148.8176705506824,0,0,0,Normal
59.87839438355877,45.08737698593821,396.10499949745906,Medium,HTTPS,1945.0302276679006,1,0,0,Normal
55.207081923799706,40.157531883651835,518.4626309149343,Medium,HTTPS,2421.555406207579,1,0,0,Normal
60.837658557793475,50.09400387103252,598.5067081027199,High,FTP,2747.9841265987084,4,0,0,Attack
71.25657016920741,64.12783624179829,578.4341124474076,High,DNS,2307.398808721365,1,0,0,Normal
65.52498293713143,49.73514776691746,363.96141480006963,High,HTTPS,1414.3693194043813,1,0,0,Normal
55.89471937302733,42.73745418860859,659.3165932434165,Medium,FTP,2604.3059673427892,1,0,0,Attack
38.21945926654735,33.466845215532274,216.78286529772683,Low,HTTP,932.9319213371898,1,0,0,Normal
67.02136008461821,51.07115966169893,541.2329610958232,High,HTTPS,1770.7703241945237,1,0,0,Normal
99.98704578196339,82.45981642477928,840.9635854397382,Critical,FTP,3239.154855052147,3,0,1,Attack
47.70771790037543,34.45364408592019,243.79083348090418,Medium,HTTP,943.45952332862,1,0,0,Normal
49.38188795647875,40.9228319265262,275.6706519104334,Medium,HTTP,1357.5283725257016,0,0,0,Normal
82.69480932838633,60.109384090885605,571.8268663481514,Critical,DNS,2532.2413510797883,1,0,0,Normal
48.60395371215418,40.00208306423559,287.06311355620693,Medium,HTTP,1378.036799400646,1,0,0,Normal
67.41149949943065,50.99131552720467,555.5526552040691,High,HTTPS,2228.035805065309,1,0,0,Normal
36.65453055960825,25.819586396180846,321.90438011471593,Low,HTTP,1329.7816361286634,0,0,0,Normal
68.61037287148065,49.62567497920642,415.64185683898046,High,HTTPS,1429.8404912520348,0,0,0,Normal
38.064656944261515,29.56087007024666,252.77443914024286,Low,HTTP,1184.6180485862108,1,0,0,Normal
66.90635231737815,49.259582301415904,428.36102112713314,High,HTTPS,2126.752297123821,1,0,0,Normal
46.92559536211775,38.93175433921862,251.5643200981535,Medium,HTTP,1080.4924530505766,1,0,0,Normal
31.321105484021246,26.6631774014047,251.3512328998375,Low,HTTP,1078.9188674089633,1,0,0,Normal
36.989091746363556,27.45774728591543,361.6044826860428,Low,HTTP,1248.741387164292,1,0,0,Normal
52.978876811102964,40.562026414755074,486.16675383337093,Medium,HTTPS,2091.6960357209755,0,0,0,Normal
40.87401537486585,30.90467442286543,366.9874199490727,Medium,HTTP,1621.2042689739724,0,0,0,Normal
78.8945789954596,56.36518769061671,789.5483118786017,High,SSH,3638.0228854709917,2,0,1,Attack
75.38540536195796,61.89135632051768,543.9136022667323,High,DNS,1652.6439895355477,0,0,0,Normal
52.696038125468476,46.95422776515511,588.6343649678615,Medium,FTP,1839.7816690548163,0,0,0,Attack
49.68791822095227,43.082634869759715,410.36402579178076,Medium,HTTP,2003.6065847073946,0,0,0,Normal
46.82876252380083,40.23246637578448,265.95623940804035,Medium,HTTP,1098.4851880018953,1,0,0,Normal
34.33102910857997,27.427208330326618,244.7560623030857,Low,HTTP,1067.0268451802592,1,0,0,Normal
66.29975533069228,52.28426505939076,475.6932642535458,High,HTTPS,2356.5742388276426,0,0,0,Normal
87.3117150858161,69.41288532236928,856.6277586237293,Critical,DNS,3488.2205189040847,1,0,0,Normal
80.11937959352508,66.52738039932422,686.6903319265783,Critical,DNS,2222.808826645504,0,0,0,Normal
77.74202140406487,56.53193065147236,738.6398289341976,High,DNS,2660.899842905092,1,0,0,Normal
59.671303562572575,46.85222678260754,449.0989684047082,Medium,HTTPS,1781.3311204012928,0,0,0,Normal
56.5812579485646,44.52919465518134,442.8874420930071,Medium,HTTPS,1465.9384088719712,1,0,0,Normal
58.50024680243223,52.208295851750606,356.86294248053906,Medium,HTTPS,1194.2569977983878,0,0,0,Normal
69.10594941015006,58.2448143470247,636.8913086265112,High,HTTPS,1944.4305173156786,0,0,0,Normal
38.15202240875806,33.57555870599583,378.16852389000235,Low,HTTP,1831.3802113785268,1,0,0,Normal
55.55154983405373,44.499487813692596,457.61897462832655,Medium,HTTPS,2071.147873296085,0,0,0,Normal
56.09864610465593,45.61371577103187,461.758465637754,Medium,HTTPS,1692.8576442727451,0,0,0,Normal
87.73372099472908,65.27457450902163,538.1005033695792,Critical,DNS,2409.1770673703772,0,0,0,Normal
72.85007229118492,63.28094552595268,601.4547648974684,High,DNS,2165.6099911096235,0,0,0,Normal
84.01398866568343,75.31736067663955,717.815886937689,Critical,DNS,3322.0520166666965,1,0,0,Normal
60.314561591658276,50.03149702431098,543.9961447781135,High,HTTPS,2071.5745864957457,1,0,0,Normal
63.92950064750039,53.013378180405404,325.78970132119275,High,HTTPS,1597.1006830037304,0,0,0,Normal
43.20234603845165,32.2001554339506,229.56737659714997,Medium,HTTP,853.1691180343826,1,0,0,Normal
80.59388907542598,66.9124726114708,782.266512127491,Critical,DNS,2850.8559085069223,0,0,0,Normal
88.94578583698603,74.87102026083873,696.0726107567446,Critical,DNS,3445.7864874087077,0,0,0,Normal
78.85282610375725,67.87435814063846,862.2754758585265,High,SSH,2966.425704658585,2,0,1,Attack
68.77424808641081,48.40628046753292,679.8297584124603,High,HTTPS,2398.7030110211954,1,0,0,Normal
43.60004758971627,31.067250658671085,334.8524736383612,Medium,HTTP,1036.1033854729824,1,0,0,Normal
69.072752459615,61.35394355134974,386.2874122483696,High,HTTPS,1427.5668065946109,1,0,0,Normal
72.52805253097904,58.96764978324271,471.87333328833296,High,DNS,1935.6868953869598,0,0,0,Normal
78.2318028195732,65.3982844261815,580.177924896564,High,DNS,2596.3394250090546,1,0,0,Normal
31.152932155855524,27.89426870355312,179.90483772485524,Low,HTTP,637.4131256362786,0,0,0,Normal
43.765252857192536,35.3274770549482,456.74256282644217,Medium,FTP,2184.282043354436,2,0,0,Attack
86.47530914837262,62.58208328438327,443.8349831577039,Critical,DNS,1704.6280711103948,0,0,0,Normal
73.90969173502526,56.18934142296567,910.0434136029123,High,SSH,3280.873507940378,0,0,0,Attack
70.7865678757662,56.391805040831066,623.9698266326302,High,DNS,2543.7200483225515,1,0,0,Normal
88.61935721492046,64.78036945513965,590.6725376857355,Critical,DNS,2662.7353338891653,1,0,0,Normal
62.16113068207051,45.66693873783042,540.3648300024448,High,HTTPS,2213.220631922109,0,0,0,Normal
37.10966020487831,26.173451220640843,241.27030135970728,Low,HTTP,1147.5637092455647,0,0,0,Normal
58.07296352044432,51.35254033826276,726.721797721593,Medium,SSH,2745.1432963618668,3,0,0,Attack
58.993668148177676,50.29754245223488,414.14565399979864,Medium,HTTPS,1746.135111578582,0,0,0,Normal
39.29871133470442,30.126827082791824,383.38292373249254,Low,HTTP,1208.6953314746056,1,0,0,Normal
50.39627450503758,42.72186888793833,542.2438001550131,Medium,SSH,2192.3009854200086,2,0,0,Attack
31.590063688054215,24.010406648226752,208.83825960521838,Low,HTTP,665.6346187368804,0,0,0,Normal
85.28286430664593,73.58205641585383,842.237834820376,Critical,DNS,2679.24279720233,0,0,0,Normal
85.77766579575837,66.97578908465623,723.2930199318713,Critical,SSH,2976.7127530003263,4,0,1,Attack
49.98332051809825,44.49637266030722,315.9430418129876,Medium,HTTP,1412.943032614826,1,0,0,Normal
74.31563726204331,57.345077595936466,389.08110657905394,High,DNS,1196.610885806504,0,0,0,Normal
48.01859678402252,36.70711411037859,323.59827029824714,Medium,HTTP,1115.5089177564714,1,0,0,Normal
88.84000384161482,79.51470146652358,888.9836387553776,Critical,FTP,4057.684895235166,3,0,0,Attack
54.242055189970415,40.35733502039638,471.23795420384374,Medium,HTTPS,1414.0677380191207,0,0,0,Normal
87.0673268547398,65.54765993970784,553.5429750818885,Critical,DNS,2587.8124360320653,1,0,0,Normal
51.492642902594525,36.52995473190929,486.90214581974436,Medium,HTTPS,1874.0153895835945,0,0,0,Normal
49.33061294239451,37.962905393307146,350.3311939256325,Medium,HTTP,1076.5086594980357,1,0,0,Normal
88.50978622744151,71.71180078750358,576.4605888432819,Critical,DNS,1903.5544196634455,0,0,0,Normal
43.206891105364775,36.61816201258904,332.3335329598078,Medium,HTTP,1648.9683454288233,1,0,0,Normal
45.85163335403195,34.58614918337595,402.11562903487373,Medium,HTTP,1635.4671500937611,1,0,0,Normal
32.826256370317424,28.829018118150497,254.05795480869563,Low,HTTP,872.4643393524846,1,0,0,Normal
50.86823655103217,39.88415567085487,477.6960446143616,Medium,HTTPS,2035.100580003052,1,0,0,Normal
63.06397239473881,47.96130829201321,437.8899809744052,High,HTTPS,1929.8294787910365,0,0,0,Normal
74.25223437130626,59.97109098263333,597.0314575865198,High,DNS,2256.5178124698723,0,0,0,Normal
56.29171516962742,47.89283434362198,502.9494019339456,Medium,SSH,2081.9983193374983,2,0,0,Attack
83.46913695786498,67.57485679683796,634.9950388820494,Critical,DNS,2226.64690599791,1,0,0,Normal
65.22039513307391,57.10919882599617,556.6448874626142,High,FTP,2654.137509506324,0,0,0,Attack
48.15550529456232,37.45262422388229,262.57993447595396,Medium,HTTP,830.8354047136916,0,0,0,Normal
72.30014688611845,59.403494673879166,763.1278513937311,High,SSH,3472.111860620388,3,0,1,Attack
75.23916369915241,53.816394880398136,653.1031781257235,High,DNS,3101.656989392994,0,0,0,Normal
62.87368694473116,50.56941426019157,326.23258800783333,High,HTTPS,1513.4824236533125,0,0,0,Normal
92.69021542788323,66.6194353273903,767.0794257095795,Critical,SSH,3738.6522751135058,3,0,0,Attack
53.323006340324355,38.2917842150871,475.1625053145654,Medium,HTTPS,1576.1413370528314,0,0,0,Normal
76.48702899918135,62.07305186838336,582.5787395340851,High,FTP,2103.7227050887022,4,0,0,Attack
44.581312050140696,37.769933121442165,609.5906086572368,Medium,SSH,2372.323608439292,3,0,0,Attack
61.29051460578921,43.36597668285081,436.5193563876074,High,HTTPS,1923.5868973368363,0,0,0,Normal
45.61963693748112,33.97386955920941,436.4045288144221,Medium,SSH,1471.3416593500754,3,0,0,Attack
45.43300074285071,38.9106799112282,461.48298846617564,Medium,FTP,1548.2754924158558,3,0,0,Attack
63.46501366544544,44.430275461126094,628.5872329941271,High,HTTPS,2733.7513032583684,0,0,0,Normal
84.16434410204602,73.01255372235863,845.3630145284627,Critical,SSH,3369.583868422626,2,0,0,Attack
32.26437873025134,25.32384058761027,196.33805419663383,Low,HTTP,633.8078718620177,0,0,0,Normal
43.41608903487213,30.707467362751373,353.8673531739989,Medium,HTTP,1620.1948387799132,1,0,0,Normal
76.9322691106936,56.177031311127315,655.291830881208,High,DNS,2091.9106486848723,1,0,0,Normal
30.022528453264385,26.9055518020873,208.62374869112074,Low,HTTP,1013.0172899857654,0,0,0,Normal
80.24994729537866,64.73888751102415,629.8774385216503,Critical,DNS,2894.6575336405604,0,0,0,Normal
55.46562727271521,41.233787480692115,347.5695233965756,Medium,HTTPS,1136.200677482674,1,0,0,Normal
42.18493912305348,34.845779067863,597.392487404775,Medium,FTP,2597.9373419798494,2,0,0,Attack
39.06424427816091,32.84174134097587,211.3496462141229,Low,HTTP,911.1402356029148,1,0,0,Normal
98.85362281165726,76.90379542437306,1077.2870855185736,Critical,SSH,3725.785675394531,3,0,0,Attack
72.0146916959493,58.616920592945505,874.9769933955594,High,FTP,3526.362016469463,4,0,0,Attack
53.023462502023904,39.80236943314278,682.4172956272116,Medium,FTP,2724.5165092197203,1,0,1,Attack
67.80724916694453,59.45406222371698,656.6926900394607,High,HTTPS,3050.5285367764614,0,0,0,Normal
72.213311286323,51.734509783779956,418.30598062095515,High,DNS,1985.499228036055,0,0,0,Normal
53.38688022864517,45.644944056652236,348.48993444447245,Medium,HTTPS,1090.7521894468905,0,0,0,Normal
64.18734238464822,56.158193781554694,464.0210371636014,High,HTTPS,1428.4900456874207,0,0,0,Normal
55.196738698214176,47.685975969831226,670.0895692440178,Medium,FTP,2873.2009008684854,0,0,1,Attack
83.04294726956869,73.69130627140625,492.3426768271356,Critical,DNS,1975.35166891316,0,0,0,Normal
34.92371224463568,25.553880951088296,205.61336834817916,Low,HTTP,935.3282724743428,1,0,0,Normal
76.49528794994694,58.220969083178296,640.4645341335226,High,DNS,2721.336973664265,0,0,0,Normal
82.4732152564684,65.0851144894102,615.6544770124625,Critical,DNS,2883.535840540435,0,0,0,Normal
79.17822553186852,66.56234257016976,441.05158355859146,High,DNS,1674.0399933881854,0,0,0,Normal
86.21636885861335,63.554471188553514,771.3212070535106,Critical,DNS,2873.6848631076496,1,0,0,Normal
39.51172405802936,29.060873610723696,216.55727887412365,Low,HTTP,777.0259584121065,0,0,0,Normal
48.33158999783336,40.3522399951885,465.8819894507614,Medium,HTTP,1512.2330444511454,0,0,0,Normal
56.75000769770122,45.32033389373023,510.1241923081712,Medium,HTTPS,1893.0360351931558,1,0,0,Normal
72.19942271898617,52.18679565991515,409.5490990320322,High,DNS,1270.3925752280688,0,0,0,Normal
41.14526056917384,35.29661482111536,344.46758645810803,Medium,HTTP,1311.3908832983382,0,0,0,Normal
40.65000429778593,29.236842395622002,336.4861377315103,Medium,HTTP,1461.876869356559,0,0,0,Normal
80.47121352927206,71.26300648743839,694.5940093937235,Critical,SSH,2587.590781447296,0,1,0,Attack
59.57882509097544,51.21150657592413,451.34445171388234,Medium,HTTPS,1798.593197548618,1,0,0,Normal
36.84437504314701,26.78213281479318,275.63731818873663,Low,HTTP,971.6997438176228,1,0,0,Normal
77.35611586496816,64.58303377773913,704.9638511690082,High,DNS,3172.231989752818,1,0,0,Normal
35.77003176760627,29.728674986856003,335.03317453649555,Low,HTTP,1084.5075693047809,1,0,0,Normal
95.67142470710678,71.3564281250809,709.4357140873622,Critical,FTP,2344.158775009701,2,0,0,Attack
77.86765598881175,62.5295497595462,404.6203455918126,High,DNS,1690.3339885794712,1,0,0,Normal
38.06964658862853,30.42697232959482,312.9121599556037,Low,HTTP,1143.0724499512924,1,0,0,Normal
70.4638439595692,60.91804246319722,530.6188104717036,High,DNS,1804.4683231779609,0,0,0,Normal
69.33169067335257,60.64112718511071,615.1395750559709,High,HTTPS,2080.509571410558,0,0,0,Normal
43.75467390666017,31.19681499582371,355.39787990056993,Medium,HTTP,1152.589188975922,1,0,0,Normal
60.90701960463775,43.113050664798045,560.9067253911754,High,HTTPS,2253.4164795281354,0,0,0,Normal
59.7734814172145,49.53898427202777,417.7516448753404,Medium,HTTPS,1880.3848090538318,0,0,0,Normal
79.35872515619849,63.58338482649907,540.763361727478,High,DNS,2222.5908662185025,1,0,0,Normal
82.3957093624631,70.43981382078641,533.1177814256,Critical,DNS,2581.5365064642233,1,0,0,Normal
33.898165912796685,27.9626138295807,190.33458294475233,Low,HTTP,743.5981699593007,0,0,0,Normal
42.35508293455496,36.779848739383034,487.0543422550866,Medium,SSH,2264.778130780204,2,0,0,Attack
68.63359016810136,53.503761950710036,360.65747967560196,High,HTTPS,1614.1783808009409,1,0,0,Normal
60.36443894990953,46.635546753636,423.6086689716424,High,HTTPS,1574.3939882069196,1,0,0,Normal
76.46898739927565,58.02531884118877,639.3836181192448,High,DNS,2149.9498722526123,0,0,0,Normal
67.4701483984245,48.8885814298637,459.6957769606817,High,HTTPS,2249.3505565828377,0,0,0,Normal
80.51075472722005,62.08129306623556,600.8050665105749,Critical,DNS,1822.4614057765143,1,0,0,Normal
53.8669526961894,38.2559319268453,340.0733434911047,Medium,HTTPS,1283.948277653553,0,0,0,Normal
51.76996704467456,40.416855077176436,452.96787208681025,Medium,HTTPS,1842.0901427506085,0,0,0,Normal
47.64255477144616,39.75551168499933,266.44283026556604,Medium,HTTP,1323.718625727731,0,0,0,Normal
37.378718990657944,28.876287893196096,215.32554926548207,Low,HTTP,715.0042144960324,1,0,0,Normal
51.327950942359166,40.98520458361741,407.7467156073712,Medium,HTTPS,1595.107514635436,1,0,0,Normal
33.057895492675016,24.877004197482396,219.2576353755312,Low,HTTP,1048.1779257685444,1,0,0,Normal
64.2102422566677,54.57774644492521,585.3716839433868,High,FTP,2491.1494334857894,4,0,0,Attack
70.336145127294,50.90237704634252,418.8824817497737,High,DNS,1570.2485152026586,1,0,0,Normal
51.75985164510166,37.80673207630918,290.25569807878895,Medium,HTTPS,1011.5723862938706,0,0,0,Normal
69.54904003265256,56.874286031771454,724.6524213274225,High,FTP,3097.1956759832315,3,0,1,Attack
45.75851087975025,35.01905169039283,400.5245483600473,Medium,HTTP,1312.980620858573,1,0,0,Normal
74.99551719534793,55.501832548524256,583.1086777483534,High,DNS,2062.1330813043687,1,0,0,Normal
47.11046413285658,34.777768130433856,652.5358196501617,Medium,SSH,2051.2171254829163,0,0,0,Attack
39.127745973091805,28.34059924112671,284.3408270050232,Low,HTTP,1207.1748925882653,1,0,0,Normal
65.32740928589192,52.375944205015756,596.1043740650166,High,HTTPS,2445.0788248249314,0,0,0,Normal
49.59041509733652,42.15781680144242,430.8979109202578,Medium,HTTP,2035.3078401904295,1,0,0,Normal
42.0206005271757,34.079122362790926,285.3853906573445,Medium,HTTP,1381.3875988162667,0,0,0,Normal
41.4652441060025,36.66497048037903,244.90773883984744,Medium,HTTP,1167.5456909340198,1,0,0,Normal
37.29285858134972,29.486698247332527,362.96473641302407,Low,HTTP,1094.6627325933991,0,0,0,Normal
70.52359389825142,61.0025530924197,558.5006200680032,High,SSH,2373.3250602921853,0,1,0,Attack
75.03607936348999,63.59799063832498,520.6573510140095,High,DNS,2246.402527519358,1,0,0,Normal
63.30296522595745,48.84851571972323,485.3299991747584,High,HTTPS,2089.5446417726,0,0,0,Normal
85.27014084360417,62.780440680494806,845.9043155687004,Critical,DNS,2765.170668382398,1,0,0,Normal
57.20384574176023,50.87211569739937,331.8642560509093,Medium,HTTPS,1387.4269082795254,0,0,0,Normal
79.49848718897556,55.914192302481844,578.7501386100556,High,DNS,1849.9696092835109,0,0,0,Normal
74.26964406113257,57.74839164435273,701.9552000674606,High,DNS,3223.2328020579093,0,0,0,Normal
61.49870884575648,49.609240816396394,700.548942486789,High,SSH,2799.137890786276,1,0,0,Attack
40.876053655083524,36.65811505451995,280.8860588026145,Medium,HTTP,1383.980625160696,1,0,0,Normal
86.79385819821618,63.53807786786065,539.2302267219623,Critical,DNS,1627.5991389598098,0,0,0,Normal
31.000967236905126,24.5279832450833,253.74625662256665,Low,HTTP,821.0974279464954,1,0,0,Normal
53.26512079478562,46.76984743937464,303.3651939723262,Medium,HTTPS,1459.5204506546465,0,0,0,Normal
72.00137733372685,59.44196992847877,656.5692392773161,High,SSH,2224.1564208673535,0,0,0,Attack
89.0434504552104,68.99675314648987,477.151620677767,Critical,DNS,2122.4462119918553,0,0,0,Normal
39.61719130893471,29.653894616897052,321.44604511865816,Low,HTTP,1154.450274477771,0,0,0,Normal
67.36017387112952,55.73409813415302,722.3382259265213,High,FTP,2732.369465899071,1,0,1,Attack
83.41729864594527,60.712383554137254,776.4921738342885,Critical,DNS,2495.2576333946486,1,0,0,Normal
67.67013686265273,50.999241703162305,649.7058176055514,High,HTTPS,2331.243319396204,1,0,0,Normal
52.45983660930506,37.47444934232237,494.0782643873012,Medium,HTTPS,2066.7433938597574,0,0,0,Normal
44.553232855323586,36.73646077847983,224.53635252394295,Medium,HTTP,784.6650900376911,1,0,0,Normal
68.22129278101784,55.27127409899741,554.2056044074116,High,HTTPS,2650.1182829825148,0,0,0,Normal
38.34458034354611,33.44955257610814,317.73763706649356,Low,HTTP,1117.728074897668,0,0,0,Normal
46.0934175735747,40.74855656738573,380.89411083508674,Medium,HTTP,1243.5134184796113,1,0,0,Normal
34.3036564605427,30.075003094416385,194.5783122614084,Low,HTTP,625.9566951414769,0,0,0,Normal
67.36562370977481,47.26299938687782,535.6756198927347,High,HTTPS,1806.1779236552454,1,0,0,Normal
63.0528879439953,52.01521658133626,346.23775222369227,High,HTTPS,1178.5124942723646,0,0,0,Normal
81.7023235859051,67.93181100746082,733.6445348218862,Critical,DNS,3107.6196735288904,0,0,0,Normal
85.21285714392434,70.77277176119874,638.1665484372454,Critical,DNS,2581.6566261943385,0,0,0,Normal
83.01863589098502,60.34535786035434,815.0761072673889,Critical,DNS,2462.312806434844,1,0,0,Normal
30.476783784397412,24.932160996974357,153.78396078413732,Low,HTTP,628.1192438437837,1,0,0,Normal
67.48374710863573,48.564617870980854,377.2172196451553,High,HTTPS,1191.6297934836489,1,0,0,Normal
69.4365203801135,59.65841927395679,661.5739020024212,High,HTTPS,2161.5451388169176,0,0,0,Normal
69.16230061971874,55.299651319122624,412.8198878921098,High,HTTPS,1899.2011819873173,0,0,0,Normal
38.06678902648855,33.98296812783482,328.15084021412406,Low,HTTP,1221.0346380203027,1,0,0,Normal
65.42118197266973,45.915040056958304,423.83568020559574,High,HTTPS,1941.298983816005,0,0,0,Normal
35.89472999832651,25.97306649323431,249.70826012451474,Low,HTTP,826.8078029408603,1,0,0,Normal
77.75378265228937,68.50963968572725,430.2700029576821,High,DNS,1518.481793528674,0,0,0,Normal
59.86905072684749,44.22851766142878,387.3755293004043,Medium,HTTPS,1405.802525609891,1,0,0,Normal
87.81587570352713,74.18824689090997,698.801057886479,Critical,DNS,3289.1183556375126,0,0,0,Normal
30.551255751415738,23.19276533613825,190.5330264024326,Low,HTTP,772.0456466604355,1,0,0,Normal
37.0769900855521,28.855809796611773,350.5474005752981,Low,HTTP,1684.3071778910685,0,0,0,Normal
84.33301640936975,60.8336217428949,530.8279445884205,Critical,DNS,1702.5763362130488,1,0,0,Normal
41.62628498932463,31.5866583495366,235.67991809179995,Medium,HTTP,929.1986952980106,0,0,0,Normal
73.44476598300389,60.1000603210177,407.0659778643405,High,DNS,2005.2597843924632,1,0,0,Normal
47.74283510487294,35.78135269301374,283.0882148465192,Medium,HTTP,947.9920483429863,1,0,0,Normal
63.480196720629465,55.74724446044711,581.4789404935204,High,FTP,2853.8716818732696,4,0,1,Attack
36.40500126639381,27.368444325367083,294.504231371389,Low,HTTP,1142.968866422244,1,0,0,Normal
47.64456418080954,34.612451798350044,362.745187644264,Medium,HTTP,1778.299373363864,0,0,0,Normal
75.49085091342931,54.48167977550302,581.4100884789702,High,SSH,1997.5210018485088,2,0,0,Attack
44.83804709805554,33.05360164420013,345.74912191186934,Medium,HTTP,1423.5862684411647,1,0,0,Normal
83.45497024427459,61.78811207186957,450.44853188429653,Critical,DNS,1746.8536558927433,0,0,0,Normal
55.533113912824774,45.73632644921406,514.7723682413157,Medium,FTP,2269.1443730567744,2,0,0,Attack
37.94166276973556,30.52569042709756,341.5277428599957,Low,HTTP,1187.86414462553,0,0,0,Normal
36.50973243624321,25.633339296836816,248.35338325881546,Low,HTTP,1074.0426398036338,0,0,0,Normal
51.15326458297204,41.35447941654967,657.8614159317613,Medium,FTP,2948.0997924181042,2,1,1,Attack
42.112997791555244,30.148701779765393,243.31785980982002,Medium,HTTP,1214.1549111502954,1,0,0,Normal
77.07596905700484,56.013241077344986,687.3392156143806,High,FTP,2802.426215752142,2,0,1,Attack
61.36283071478829,52.775448712451265,403.3138301403034,High,HTTPS,1256.200218062736,0,0,0,Normal
30.628818013938144,23.648373757068253,283.8374248857428,Low,HTTP,1168.2973008621418,0,0,0,Normal
62.53278702948592,53.65507243476679,477.1299433509621,High,HTTPS,1950.5841591654732,1,0,0,Normal
34.77004744941951,25.420712442718926,330.73195427557545,Low,HTTP,1131.1378993303947,1,0,0,Normal
48.0183075061359,36.15364164026559,464.98875559611474,Medium,SSH,1861.4786618160708,1,0,0,Attack
78.01669234140718,59.51927152181035,573.9356317708298,High,DNS,1725.5641753535767,1,0,0,Normal
51.628661735885544,44.952054551229836,506.75204949900063,Medium,HTTPS,1558.1888104986995,1,0,0,Normal
77.40931269927387,62.33021518847514,454.5380738472203,High,DNS,1903.253851131815,1,0,0,Normal
39.33285377046559,34.63175773635155,384.27742254043454,Low,HTTP,1648.8912551252733,1,0,0,Normal
45.874110425356776,33.06329586298928,330.4074798780147,Medium,HTTP,1384.712631683788,1,0,0,Normal
48.871295624849154,38.81666145866441,476.7807364486557,Medium,HTTP,1575.1387503052445,1,0,0,Normal
81.20406595771783,72.48380211107965,494.4615095755404,Critical,DNS,1623.9112549216968,1,0,0,Normal
61.560916955641005,45.239587304343836,479.77448722276256,High,HTTPS,2328.641911959855,1,0,0,Normal
84.14374562129524,74.95485849883971,605.4209041396664,Critical,DNS,3018.119935226311,1,0,0,Normal
36.221931432028214,28.546478880019063,308.61574156456027,Low,HTTP,1070.0926466414262,0,0,0,Normal
58.27889743275591,51.88184200236795,361.05084713660233,Medium,HTTPS,1666.5311978041657,0,0,0,Normal
97.7838895979221,72.70866830535891,1012.7441837587993,Critical,FTP,4182.566572532737,0,0,0,Attack
40.46254121072707,32.84504955546906,352.1595219249782,Medium,HTTP,1718.8811892379565,1,0,0,Normal
87.23860916361446,68.72685226499743,870.2040424575266,Critical,DNS,4279.084640227239,0,0,0,Normal
56.42979061114602,47.44647240517831,434.11576784341463,Medium,HTTPS,1757.0158576953668,1,0,0,Normal
97.0701280625508,72.58991305039494,713.18467599807,Critical,FTP,3042.0293650423278,4,0,0,Attack
43.06947065921577,35.85384737139016,335.5196966445964,Medium,HTTP,1493.6889207987856,1,0,0,Normal
63.52189881807135,53.87507358431941,490.4146706486584,High,HTTPS,2035.959064094352,1,0,0,Normal
56.34094900378841,50.65048515270073,340.8774836365498,Medium,HTTPS,1697.6222210467986,0,0,0,Normal
72.24161860955064,58.35107129461281,542.4039290363872,High,DNS,1693.196059597644,0,0,0,Normal
44.34269274977851,31.548480562664658,222.4391893582381,Medium,HTTP,824.5962283919472,1,0,0,Normal
69.73964264674578,56.601245821325854,361.7490252395883,High,HTTPS,1137.4360556780307,0,0,0,Normal
74.44015963039419,60.2084016679359,593.144116659763,High,DNS,2512.59295801477,1,0,0,Normal
89.69985089865077,66.55822820073966,737.9803338257232,Critical,DNS,2521.2742745758915,1,0,0,Normal
62.31629530611826,49.87345556979606,497.11640310735976,High,HTTPS,2186.3795410099015,0,0,0,Normal
33.440898192784516,23.43052087970904,192.59418277987956,Low,HTTP,890.8428589913251,0,0,0,Normal
73.48237389756832,51.98771022931416,619.6213804249624,High,SSH,2578.1667663796384,2,0,0,Attack
62.64483835155261,51.28874783053313,603.5231345176217,High,HTTPS,2532.3821708746245,1,0,0,Normal
42.6031399180647,35.321784754832095,424.4507981915126,Medium,HTTP,1449.3039403868308,1,0,0,Normal
70.0983016952523,57.416986054451776,632.4004792775515,High,FTP,2406.439594374615,3,0,0,Attack
30.196395545062842,22.054530212375045,272.9587906918161,Low,HTTP,1297.1803045450474,1,0,0,Normal
32.245634450173384,23.488370036171496,252.31676384705702,Low,HTTP,836.6833278425986,0,0,0,Normal
75.61679388192715,66.94821798076838,933.6668766348571,High,SSH,4233.405428112665,3,0,0,Attack
78.72663016925799,70.73713502234735,970.9964244531591,High,FTP,4770.247054634562,4,1,1,Attack
65.7277194991184,49.08148370101888,500.7374326847239,High,HTTPS,1809.2897123647952,1,0,0,Normal
39.11088870983804,33.69708039116452,319.2833095026912,Low,HTTP,1090.2207289099495,0,0,0,Normal
38.526046424667584,31.321421223034225,332.46692924148584,Low,HTTP,1288.6772882849118,0,0,0,Normal
95.60852904702188,84.90967843201919,953.2769453999339,Critical,SSH,4457.445298277009,4,0,1,Attack
89.55479309961447,79.85900749847816,891.1045762802161,Critical,DNS,4132.854109310621,0,0,0,Normal
54.02184683287487,43.473238615031214,486.5388361221081,Medium,FTP,2147.2387550382555,3,0,0,Attack
78.47339323707274,64.86152441165808,531.0811715653015,High,DNS,2416.698856565249,0,0,0,Normal
63.89801806639298,54.00575227332143,342.53626427877197,High,HTTPS,1067.2672482403386,0,0,0,Normal
96.42919605088537,78.60430947591705,980.1262097776056,Critical,SSH,4312.235019382053,0,0,1,Attack
87.52004466019571,78.59434425240936,528.7199339297318,Critical,DNS,2470.702689493603,1,0,0,Normal
61.4203206502134,43.741412105746534,521.7846511602248,High,HTTPS,2272.738193861495,0,0,0,Normal
77.9624815599891,60.08618060077282,906.6308903737657,High,FTP,2847.018472639474,0,0,1,Attack
83.55599707587317,59.69464757498126,860.2750393698365,Critical,FTP,2772.990664521411,1,0,1,Attack
64.54515653465933,53.159766127037514,515.715559663106,High,HTTPS,2530.711756233993,0,0,0,Normal
89.40460745041491,66.30649660592498,539.6773504885405,Critical,DNS,1895.85025249763,1,0,0,Normal
33.649546156811994,28.259305830602575,235.9881635275018,Low,HTTP,995.3931160898529,0,0,0,Normal
51.21190885081887,44.17279120376369,480.40529009487625,Medium,HTTPS,1586.4984108591316,1,0,0,Normal
34.328054229699774,28.014694045398528,198.7597533454202,Low,HTTP,782.7238891998187,0,0,0,Normal
67.08174391904322,54.98018729517175,592.6959123467877,High,HTTPS,1963.0532175494225,0,0,0,Normal
42.49355541111072,31.507013749799533,415.66493734833216,Medium,HTTP,2020.1911997929271,1,0,0,Normal
71.94371744786622,56.15384356110625,470.01736504058385,High,DNS,1740.8169548674082,0,0,0,Normal
78.76476113655372,68.93723120529206,475.4609768470531,High,DNS,1483.7035816439407,1,0,0,Normal
64.82623330128263,47.426896406474896,466.1179080418251,High,HTTPS,1709.1995298582694,1,0,0,Normal
65.87995518508251,56.22308137762537,605.4233640143117,High,HTTPS,2272.972196852587,1,0,0,Normal
42.43617963933502,37.8222377008539,385.946467988257,Medium,HTTP,1599.9639306656152,1,0,0,Normal
54.15738949741353,41.23137654611136,462.1376839303973,Medium,HTTPS,1832.805060894926,0,0,0,Normal
82.56880695331347,61.22136261657288,732.9068085845828,Critical,DNS,3355.029838297805,1,0,0,Normal
39.48011163654883,31.094957134079692,208.82796317576447,Low,HTTP,711.8035554877638,1,0,0,Normal
76.02513489728153,65.95878738145348,646.1515344031012,High,DNS,2442.9417630445923,1,0,0,Normal
97.38201710642898,84.1176146871565,1094.2078111047952,Critical,SSH,5023.094111793658,4,0,1,Attack
48.39751100676949,40.71824719397485,406.01900212471475,Medium,HTTP,1464.1614487538227,0,0,0,Normal
52.4376185471192,44.83692382661363,480.569813340656,Medium,FTP,2128.746618363024,3,0,0,Attack
56.28320066825836,40.049880903107486,312.84691646574214,Medium,HTTPS,1363.1224554381945,1,0,0,Normal
90.27755480041378,75.83019577664874,1081.827812590077,Critical,FTP,4858.270410944599,3,0,1,Attack
79.13700656423316,68.63544254662149,497.16494379175987,High,DNS,2127.7899362414187,1,0,0,Normal
72.39880944463948,60.494284152477455,582.4446195737888,High,DNS,1879.7695039752964,1,0,0,Normal
86.51579001241771,61.77415850356172,697.9884804730252,Critical,SSH,3125.584453057801,2,1,0,Attack
33.473365556274075,24.17907345505301,245.86523003524326,Low,HTTP,1056.0446602977654,1,0,0,Normal
71.9901960491552,64.12300080187629,416.1168020727296,High,DNS,1834.1474923436053,0,0,0,Normal
80.1896844212024,60.24597083110912,773.8592016671557,Critical,DNS,3802.8035060066404,0,0,0,Normal
70.67104535221006,58.077316603821416,477.6883905048214,High,DNS,1904.9972523606773,1,0,0,Normal
34.20653441884497,24.97903652045524,181.34235532974634,Low,HTTP,827.3394127983178,1,0,0,Normal
36.70130612714274,29.133644165405766,244.69516379971742,Low,HTTP,1139.7357504356812,0,0,0,Normal
87.21555567688483,63.77266701000749,600.5557710475678,Critical,DNS,2701.6086211624297,1,0,0,Normal
45.38798325229436,40.2144040025879,356.92647060103025,Medium,HTTP,1526.5491023379695,0,0,0,Normal
66.53936975621036,51.260127377229935,493.37755056539555,High,HTTPS,2246.666533714966,1,0,0,Normal
39.072498382302,27.821799312663252,349.4745056145937,Low,HTTP,1425.812438836354,1,0,0,Normal
68.14120454851945,52.24305984375071,610.3061941206333,High,SSH,2940.2460315672306,0,1,1,Attack
39.36224512381159,30.522868985249055,273.64207020412977,Low,HTTP,1063.1614243121749,0,0,0,Normal
85.8043018504577,69.89240202462854,770.226968449572,Critical,DNS,2471.7974183068413,1,0,0,Normal
61.111870603999705,48.68127982482299,598.1652579103604,High,FTP,2886.707305631915,2,0,1,Attack
33.616741681908024,28.835443248465776,288.2324917341103,Low,HTTP,1228.1891249174305,0,0,0,Normal
50.006470489752246,37.04761557187568,419.6986607624576,Medium,HTTPS,1395.7625624800407,0,0,0,Normal
52.63054906477919,40.95054989004847,459.3065669738239,Medium,HTTPS,2008.8846355245028,1,0,0,Normal
64.36677596808295,55.295062179199476,527.7829565801323,High,HTTPS,1910.0926791117517,1,0,0,Normal
58.9778581984865,44.85938586223038,328.4150994715587,Medium,HTTPS,1559.9191580653953,0,0,0,Normal
77.33109580918608,65.1872550284059,672.3916726201709,High,DNS,3235.935158172669,0,0,0,Normal
42.25693120733922,35.314771705225816,348.1144573116053,Medium,HTTP,1108.438250988024,1,0,0,Normal
53.42270193483273,45.360138228938226,455.1308101682079,Medium,HTTPS,1428.2485002020499,0,0,0,Normal
77.71865072107175,64.34985437465052,760.4919083968915,High,DNS,3777.928302029293,1,0,0,Normal
58.18420623851125,42.05193073129646,634.6286974679871,Medium,SSH,2499.423088887638,1,1,0,Attack
72.88890974436072,61.795134531189944,649.1315987835522,High,DNS,2474.016887790247,0,0,0,Normal
70.71464512140665,58.65933679324254,646.6461828504157,High,DNS,2428.4693623743324,1,0,0,Normal
74.72394648404588,62.82618158081901,653.5569563267911,High,DNS,3018.1031735900488,1,0,0,Normal
68.3954125976743,60.96819568300016,560.3172436784989,High,HTTPS,2356.000367407681,0,0,0,Normal
36.82136845993227,29.412723750537356,327.12523903503643,Low,HTTP,1091.7295232066651,1,0,0,Normal
74.33965776654077,63.6518937506216,572.3922082394538,High,DNS,2106.5646819607405,0,0,0,Normal
78.85652763667167,68.2722310059224,952.6179766540006,High,FTP,4718.515209091563,3,0,1,Attack
72.23312420028378,61.38742265801775,521.022311383551,High,DNS,1825.7164131246752,0,0,0,Normal
87.42230231859139,72.35881720048117,482.82912822190724,Critical,DNS,2115.930576032711,1,0,0,Normal
59.638489665667294,51.012650731149726,570.4326248371831,Medium,HTTPS,1963.6742557748998,1,0,0,Normal
76.86919605084768,62.109352628848804,626.6964411329815,High,DNS,1967.1730518087973,0,0,0,Normal
89.73333997339068,79.12378314812864,721.7164248836499,Critical,FTP,3251.7004620771268,0,0,0,Attack
74.95542386262969,59.10404950096279,632.1991088746537,High,DNS,2792.865922487153,0,0,0,Normal
68.30786406237166,49.24437260811932,447.260675252823,High,HTTPS,1464.9129933006857,1,0,0,Normal
76.60936930391472,67.61493973328997,718.1821829743207,High,DNS,3408.1609852780457,1,0,0,Normal
62.39626203881926,51.54621184693001,594.7260264583894,High,HTTPS,2090.0782195747956,0,0,0,Normal
84.52971606180654,61.923344507957715,461.55763603473196,Critical,DNS,2057.9599688876765,0,0,0,Normal
66.55679517982207,55.732888237232764,555.7636251735357,High,FTP,1881.958499075405,1,0,0,Attack
36.27541697023844,27.638557449959908,359.8288231327988,Low,HTTP,1509.6469074510944,0,0,0,Normal
84.77808268486115,74.17946543505118,622.7802719007019,Critical,DNS,2929.3471257241517,1,0,0,Normal
67.83317219320452,59.778489769892,476.7436921650803,High,HTTPS,1710.007616149533,0,0,0,Normal
49.76890752601321,35.75458103940333,542.8435650023246,Medium,SSH,1770.2135578791172,0,0,0,Attack
71.2120126276568,50.8318859252911,644.1064296400585,High,DNS,2223.6095656428606,1,0,0,Normal
48.572623763102456,43.558680339219144,389.15918504507135,Medium,HTTP,1837.7998655442145,1,0,0,Normal
92.49519835495448,73.42640905697658,740.4827913624249,Critical,SSH,2963.407839230427,2,0,0,Attack
84.37724126904641,65.90935562992347,565.386980728069,Critical,DNS,1873.8572038068714,1,0,0,Normal
45.523603892943356,35.305757943297756,649.9107147683156,Medium,SSH,2161.501467333081,3,0,0,Attack
44.143165105051594,38.04242534698086,476.34770088736207,Medium,FTP,1719.050601042014,1,0,0,Attack
89.03228793031303,73.04886872191832,752.8479011630675,Critical,DNS,3002.41546191333,0,0,0,Normal
58.15206744635361,42.66817355135964,355.0808533894913,Medium,HTTPS,1449.242179680746,1,0,0,Normal
54.33815080454224,41.73323159399385,290.56739212201825,Medium,HTTPS,1010.5302910216972,1,0,0,Normal
52.6645185626694,47.151640141585695,461.53997157371475,Medium,HTTPS,1464.6531998898004,0,0,0,Normal
88.53895109094083,66.44055051459183,956.4989045729017,Critical,FTP,4389.499865840661,3,0,0,Attack
66.14284464674711,55.443306917975505,376.2370743805797,High,HTTPS,1733.8750659720854,1,0,0,Normal
40.12032637045195,29.859271180158164,375.6805377399685,Medium,HTTP,1530.440935211229,0,0,0,Normal
50.40845690964488,35.98637959413303,316.8618541899531,Medium,HTTPS,1436.7566831964411,1,0,0,Normal
88.59624712305958,75.35562526834278,766.075808020135,Critical,DNS,3239.6946793802013,0,0,0,Normal
45.12312274746364,37.98329045850636,269.1884254904483,Medium,HTTP,976.6251424153488,1,0,0,Normal
71.47077003151935,51.99713097724577,570.9547053993657,High,DNS,1977.7891714898442,0,0,0,Normal
43.27289342902077,37.844474259322936,400.6702931829871,Medium,HTTP,1999.1305747799893,0,0,0,Normal
44.16870382664456,33.189930817880786,485.64441383155776,Medium,FTP,2401.253793885068,4,0,0,Attack
85.16529553562577,72.03900724638355,681.3971045897142,Critical,FTP,2330.3461063686277,1,0,0,Attack
82.53099616631516,60.95951530488666,705.9643921540151,Critical,SSH,3145.69498602725,0,0,0,Attack
38.2590069519938,31.355010509719577,356.0468054977216,Low,HTTP,1438.1356172080316,1,0,0,Normal
92.36614605906652,80.39236008113522,893.2065877991457,Critical,SSH,2855.1849305090045,1,0,1,Attack
55.43064166980912,42.05439060722447,520.7066422793184,Medium,SSH,2323.136122278763,0,0,0,Attack
73.7618408765411,53.55848206890932,428.89628539545106,High,DNS,1378.5056334538242,0,0,0,Normal
51.58771178058487,38.44439760001842,536.4569563506418,Medium,FTP,2390.4217769451293,0,1,0,Attack
75.86375607497757,66.1720757378073,766.7168774704965,High,FTP,2678.1730692104775,3,0,1,Attack
81.10982273654372,64.90403314292621,624.8381908902703,Critical,DNS,2437.2128699023165,0,0,0,Normal
47.60546878242167,34.82002705636784,294.8900344405962,Medium,HTTP,1424.8360497593226,0,0,0,Normal
37.830038265528856,27.713694814197034,205.54997480751715,Low,HTTP,767.5172537449176,0,0,0,Normal
43.56718067007023,33.1494606162187,390.92092109311386,Medium,HTTP,1229.3645735899242,0,0,0,Normal
81.67466189945117,65.24234950133526,736.8002218258379,Critical,DNS,3419.0354489840884,0,0,0,Normal
60.05982612146909,48.53700472129368,461.52716015919276,High,HTTPS,1599.9942445288382,1,0,0,Normal
39.42874178286729,29.48395688201835,348.3856091619849,Low,HTTP,1163.5623978192643,1,0,0,Normal
39.77531151045696,28.532441384626548,321.08102140952093,Low,HTTP,1131.1306251523372,0,0,0,Normal
58.26444199308753,50.04409914023211,582.8025432552793,Medium,SSH,1808.3964742853632,4,0,0,Attack
59.642312501964625,51.34287084871303,367.3971861148449,Medium,HTTPS,1647.1707311599619,0,0,0,Normal
62.44328291824786,50.41535073026961,622.788295610918,High,HTTPS,2190.2228043260616,1,0,0,Normal
44.3334852863336,37.83566595074696,437.18015612973136,Medium,HTTP,1651.252757034632,0,0,0,Normal
35.20214651587594,28.967662963870055,212.96885460343978,Low,HTTP,655.6912566582308,0,0,0,Normal
87.6739642310622,66.87801045930534,957.4774846930414,Critical,FTP,3040.6588279145344,2,1,1,Attack
78.25392424390884,58.40875745389049,594.5685692811376,High,DNS,2165.0467741434836,1,0,0,Normal
62.21348577848403,55.926597939286744,341.6385229049645,High,HTTPS,1377.4103132832456,1,0,0,Normal
86.02994467757526,76.94921811537085,944.4830536961147,Critical,FTP,4334.015130466187,0,0,0,Attack
66.86843699266319,49.61606630385346,370.1296503403966,High,HTTPS,1310.713264701382,1,0,0,Normal
48.841062609135406,41.299432848201036,421.9798569384397,Medium,HTTP,2007.8381148260153,0,0,0,Normal
43.92010886956996,35.308147349261226,273.7365203098194,Medium,HTTP,928.3632184264218,1,0,0,Normal
89.68396275889972,64.54156656219217,650.3321403342064,Critical,DNS,3167.538670918114,0,0,0,Normal
88.33407275953505,74.74393398438747,846.1860513602551,Critical,DNS,2867.030206846079,0,0,0,Normal
42.59859151170531,30.730951401071835,291.1580818827156,Medium,HTTP,938.6973190153808,0,0,0,Normal
73.67650072672404,62.30043122146045,395.0517293866225,High,DNS,1591.1543867355817,1,0,0,Normal
71.1752720430377,53.33191926910878,847.7631803072862,High,FTP,3800.3412051482737,2,0,1,Attack
35.89668178145075,28.36035444395574,221.36936985559555,Low,HTTP,1036.7870297041056,1,0,0,Normal
83.84519806255412,74.05001480987887,690.4670105732403,Critical,SSH,2330.0229409034223,1,0,0,Attack
36.4223063053214,28.16889913934493,229.72297350763168,Low,HTTP,1049.3631237844306,1,0,0,Normal
83.67829880740828,59.78639517674158,639.9243635951331,Critical,SSH,1936.774346193406,2,0,0,Attack
44.79121359814599,38.701325421469825,390.0588544209334,Medium,HTTP,1835.605253404166,0,0,0,Normal
57.01651269569993,42.57274237879313,358.74810989410497,Medium,HTTPS,1361.3721843905146,1,0,0,Normal
84.95261453601415,62.354108670908495,589.7948490873647,Critical,DNS,2213.1509866315796,0,0,0,Normal
52.01907289898372,39.13333592038794,270.34479935322645,Medium,HTTPS,888.5132675613995,1,0,0,Normal
44.34372840565629,31.497047327400306,441.1963445102813,Medium,SSH,2116.5617157186557,3,0,0,Attack
79.21149917048751,67.19789915333135,523.0680675406709,High,DNS,2016.7400209697819,0,0,0,Normal
44.00217252503353,33.075559588403365,333.5119282601086,Medium,HTTP,1629.2672019424815,1,0,0,Normal
40.19607876038208,31.26070474881628,360.63616436925525,Medium,HTTP,1236.6851187326365,1,0,0,Normal
45.686466940969694,32.340595149574334,290.2492556540729,Medium,HTTP,1412.5034423308477,1,0,0,Normal
33.08795038115932,23.74291219133507,310.8726547354535,Low,HTTP,1238.3892478477817,0,0,0,Normal
74.50054546512547,56.92865617701496,445.4104811309263,High,DNS,1470.6013102916704,0,0,0,Normal
45.504044621338835,36.54783355763709,440.3253014296349,Medium,HTTP,2026.2405306055446,0,0,0,Normal
63.311599386361195,54.37687405358238,577.9986546360522,High,FTP,2275.089119772409,0,0,0,Attack
32.36438697280391,24.40672022925044,179.94700950013305,Low,HTTP,882.8396756488831,0,0,0,Normal
35.27092416870801,30.890759804508466,266.9754552830839,Low,HTTP,1202.7232827948408,0,0,0,Normal
59.241232349086204,43.7878497907036,715.8113871347015,Medium,FTP,2371.5073944412516,3,1,0,Attack
70.95330774507602,62.94017882313482,853.3941461474803,High,SSH,3476.7722650846595,1,0,0,Attack
87.66308818900143,64.76706284168468,720.4033426304052,Critical,FTP,2979.0570941281167,4,0,0,Attack
46.23682243473013,33.4015386968503,412.4267102030271,Medium,HTTP,1835.4619959854062,1,0,0,Normal
82.74412025682977,66.42459243168122,419.21638329381466,Critical,DNS,1295.0309070522321,1,0,0,Normal
41.743444832536625,35.410072365488254,386.7498819403172,Medium,HTTP,1182.448468701141,0,0,0,Normal
86.11942764924606,74.7819445049785,601.7133544513532,Critical,DNS,1993.225081986938,0,0,0,Normal
41.64538409386296,30.711641904982454,286.56273437183097,Medium,HTTP,897.5329016754457,0,0,0,Normal
36.72037742646353,31.461836847281994,209.91137539957296,Low,HTTP,724.7469983744529,1,0,0,Normal
60.83134448286728,42.74355542919542,577.4907776251334,High,HTTPS,2280.783999368187,1,0,0,Normal
84.48359023226658,73.55115990794913,803.1278579490149,Critical,FTP,3461.207591629741,4,0,1,Attack
80.50548597311717,62.752300793150575,781.946604985238,Critical,DNS,2733.9141883444004,0,0,0,Normal
51.236825448140735,39.72087821494824,511.15825167761074,Medium,SSH,2543.1139556136795,0,0,0,Attack
77.0385087431714,56.13482421304042,744.6770946710112,High,DNS,3624.2554016610734,1,0,0,Normal
30.797028041524754,27.093142718145312,229.71427441381036,Low,HTTP,1023.0960261792677,0,0,0,Normal
81.17909894361219,63.77103402826723,467.1200571280481,Critical,DNS,1481.3916985714438,1,0,0,Normal
63.84356991809909,56.726187861115406,774.8618662687182,High,FTP,2620.271911506238,2,0,0,Attack
52.57224389410112,39.05684874659786,385.899920042552,Medium,HTTPS,1325.5629810826235,1,0,0,Normal
38.597783610457554,34.222797176033936,376.9178924499851,Low,HTTP,1629.2621003681813,1,0,0,Normal
83.91971343742625,66.9980598275334,735.3455905826157,Critical,DNS,3584.8467666366164,1,0,0,Normal
55.66793001446058,40.64692153763838,321.90452372133905,Medium,HTTPS,1542.2581549558968,0,0,0,Normal
86.55552595454424,74.45238009215495,665.1905039638315,Critical,DNS,2623.4038796539908,0,0,0,Normal
42.87529989363975,34.026479013415994,336.0633246014856,Medium,HTTP,1134.5256778701296,0,0,0,Normal
85.99556224333355,76.58858665385475,741.7967633129083,Critical,DNS,3378.9965009812795,0,0,0,Normal
59.507704745046794,50.611277402979695,310.8043612331351,Medium,HTTPS,959.7596714715062,1,0,0,Normal
39.05029445362743,28.55761273002723,200.85503293146724,Low,HTTP,1003.0827731863277,0,0,0,Normal
78.05069960959372,63.01854198309914,451.24669016253085,High,DNS,1794.3482808947315,1,0,0,Normal
58.084485224535456,47.25325479013839,309.59963909099287,Medium,HTTPS,1529.75355068001,1,0,0,Normal
97.18327547114313,82.12371186221255,795.8873366758371,Critical,SSH,3899.5521648601753,3,0,0,Attack
75.1498715325215,53.27502564100031,554.1312162706746,High,DNS,2320.9938905546987,1,0,0,Normal
39.39101711977855,27.7998101038303,325.92713370241745,Low,HTTP,1035.1395709488772,1,0,0,Normal
72.22156482253922,52.812614552450654,650.715408361324,High,FTP,2550.6792508582967,0,0,1,Attack
64.05788193253102,45.68649309956232,636.6070495178261,High,HTTPS,2065.8151758545837,0,0,0,Normal
73.51186651430908,54.78569820957718,710.6542474442311,High,DNS,2813.8342144450794,0,0,0,Normal
42.675116621903726,33.9244670020491,568.4757822373015,Medium,FTP,2683.932862923776,1,0,1,Attack
31.721951880281267,26.359861836229634,172.19703860083607,Low,HTTP,602.7285715992309,0,0,0,Normal
49.37747270730142,37.01479870348005,493.9933170969049,Medium,FTP,2188.039476124055,1,0,0,Attack
33.961928124699625,30.48150588930138,206.74252366364328,Low,HTTP,854.64851116187,0,0,0,Normal
43.578998088341905,38.64098251715063,361.9880280030421,Medium,HTTP,1533.23452090926,1,0,0,Normal
58.484177812206326,49.44121652305946,566.5728318449409,Medium,HTTPS,2669.762341694479,1,0,0,Normal
69.2897845855623,49.68998883154797,656.7012421022238,High,HTTPS,3270.978056414411,1,0,0,Normal
44.88878029194893,33.135096409288586,330.36329240386567,Medium,HTTP,1026.4353971668097,1,0,0,Normal
99.25596606924955,73.79672732792139,789.5626392554541,Critical,FTP,2628.279209364438,3,0,0,Attack
96.00645410997458,79.90225045922779,1053.29367865715,Critical,FTP,3431.3988618848607,4,0,0,Attack
73.61329357394425,65.33216856863785,384.2589079140493,High,DNS,1391.771039898503,1,0,0,Normal
35.13989022518217,30.8916257593058,350.87737554689994,Low,HTTP,1230.448917322497,1,0,0,Normal
41.44796223321464,32.925591566024465,308.41679962232996,Medium,HTTP,1121.515292799752,1,0,0,Normal
43.04974778977339,31.753185171818018,424.1551953422547,Medium,HTTP,1296.4440635183053,1,0,0,Normal
69.67774677221314,59.610366684128905,679.2932931540453,High,HTTPS,2807.0474853703668,1,0,0,Normal
96.25151000618644,68.22294034796771,967.2514892679131,Critical,SSH,4278.4840285783785,0,0,0,Attack
83.73126576105278,75.30843147003836,455.49487081325833,Critical,DNS,1892.5819881759742,0,0,0,Normal
58.315153208950505,46.51464021208262,425.6725795294023,Medium,HTTPS,1766.4749721880253,1,0,0,Normal
51.27784808551951,45.84788394436523,487.8020171171309,Medium,FTP,2127.501894625686,3,0,0,Attack
76.65453941415763,68.21969127695375,567.1474287789468,High,DNS,2818.389778939883,0,0,0,Normal
32.6395949847938,26.7270224219902,303.6526114163379,Low,HTTP,1293.7142926228214,1,0,0,Normal
89.82190267473925,64.45605940812906,561.4376671283875,Critical,DNS,2282.0538379294385,1,0,0,Normal
59.2927274601243,46.95869979122237,508.3298383587411,Medium,HTTPS,2281.164862248872,1,0,0,Normal
88.23210600356106,63.92451145344343,691.2717901022023,Critical,DNS,3313.3450769515666,0,0,0,Normal
86.98885075169073,69.23876010843132,703.6516299097326,Critical,DNS,2904.711209492324,0,0,0,Normal
65.65582784751314,57.260280305615126,609.3066973389938,High,HTTPS,2062.729195012954,0,0,0,Normal
45.27953925069596,33.96067828060779,650.635852487876,Medium,SSH,2420.6523021755975,3,0,0,Attack
67.59423020033864,56.97713435958333,556.0508928142506,High,SSH,2374.9281397124787,3,1,0,Attack
37.35119226621464,30.381006650805098,217.45664219237236,Low,HTTP,924.4800539788272,0,0,0,Normal
68.78494603661238,56.648492714473775,588.2531529721431,High,SSH,1922.1759113780765,1,0,0,Attack
91.63837476211484,79.83650301402578,800.680767749568,Critical,SSH,3926.8497365096136,4,0,1,Attack
55.00678347838402,49.40116647418258,544.7244302713075,Medium,SSH,2247.6293436390924,4,0,0,Attack
72.87868886462093,51.79481022308753,480.3366108228616,High,DNS,1964.3236184160417,0,0,0,Normal
64.01636044924089,46.91617318982526,329.12928577923,High,HTTPS,1280.13859179014,1,0,0,Normal
67.06783669345896,48.67635898796875,525.1924026247731,High,HTTPS,1879.438512467161,0,0,0,Normal
81.36376781432773,62.015152047101815,696.3399862832365,Critical,DNS,2284.9426136758043,1,0,0,Normal
89.42767791682854,67.13136884905339,705.3612022045396,Critical,DNS,2995.1793836821867,0,0,0,Normal
33.20969557767967,25.360127483771592,261.5134344526281,Low,HTTP,1134.471501090112,1,0,0,Normal
39.86335771318409,28.129707211112663,334.99217134075775,Low,HTTP,1094.3114310105016,0,0,0,Normal
37.733393774647084,30.685948983538125,374.4485550418221,Low,HTTP,1407.9189960853928,0,0,0,Normal
48.65885041836009,40.98701329443206,396.6313925810712,Medium,HTTP,1962.0450220331431,0,0,0,Normal
45.203327692870516,36.86332167221173,346.33219837290545,Medium,HTTP,1675.0533578961608,0,0,0,Normal
49.090875805704854,40.00829994831569,428.01945417364493,Medium,HTTP,1452.8218386783033,0,0,0,Normal
31.695969618303934,26.502282183278727,300.5661319719714,Low,HTTP,1228.1980557377788,1,0,0,Normal
63.969168266194174,57.376588645129736,500.2473689583431,High,HTTPS,1690.9262749614052,1,0,0,Normal
72.70025663594424,60.05410305851441,433.5427012488781,High,DNS,1781.2026304262463,1,0,0,Normal
64.65005268644745,52.13807641241404,439.6916350775574,High,HTTPS,1344.5097200881012,0,0,0,Normal
64.49533212646202,54.74085356534374,527.4206626224828,High,HTTPS,2483.9090975912163,1,0,0,Normal
70.84213389680372,62.292301900250806,575.8279754182178,High,DNS,1913.390185003171,0,0,0,Normal
89.0823885955615,72.40663743126898,505.0080263930513,Critical,DNS,1601.8044509819917,0,0,0,Normal
67.81523135156021,50.08406398363203,661.9425631278543,High,HTTPS,2267.3598666089706,1,0,0,Normal
61.93983258737717,47.82028230892506,484.0871796115699,High,HTTPS,1829.8751822711235,1,0,0,Normal
74.62704862737155,61.7244986517554,576.395636324318,High,DNS,2069.840110557358,0,0,0,Normal
83.79344525812485,69.14074100185188,605.2966848158648,Critical,DNS,2470.378469499498,0,0,0,Normal
63.84158947510514,46.39751257635763,411.5502421623269,High,HTTPS,1891.129822283932,0,0,0,Normal
41.56112860837311,37.00764453334215,237.03980600435682,Medium,HTTP,1120.0485357319837,1,0,0,Normal
51.613230023504,41.941823590157526,418.88082355264106,Medium,HTTPS,1431.1510907566724,0,0,0,Normal
68.13187625826686,55.115097591912836,568.5775866476066,High,HTTPS,2522.7503756666556,0,0,0,Normal
67.53991480669356,53.28541539617757,382.7280343889671,High,HTTPS,1404.1298993945472,1,0,0,Normal
38.02799534518272,28.8197877990171,262.39124568793795,Low,HTTP,1049.1654118189806,0,0,0,Normal
87.13166200606793,63.44370530560479,859.7219850243606,Critical,DNS,4203.259856444762,1,0,0,Normal
73.78530604105435,60.84561992183193,907.7027335261326,High,FTP,4301.294979072208,1,0,0,Attack
62.68419109575916,52.266707081594454,375.2102146250713,High,HTTPS,1435.3958214056836,1,0,0,Normal
66.68410990161647,48.45719294330932,714.514965032849,High,SSH,2818.1682751233034,2,0,1,Attack
57.35714205351542,44.509026264707465,541.300841291526,Medium,SSH,1674.2744750344839,2,0,0,Attack
38.44081879622536,34.39212368913635,298.7315377886042,Low,HTTP,1328.4641553585623,1,0,0,Normal
67.38917483642581,59.5487883699706,346.6915177677881,High,HTTPS,1119.1086050859724,1,0,0,Normal
70.14300815535535,51.865769224508,650.4958658971788,High,DNS,2595.0204387933786,1,0,0,Normal
48.000328780581185,38.81442075243921,478.7439503001227,Medium,FTP,1959.0631907617292,1,0,0,Attack
52.79939343829028,38.96690404851819,286.67953238880625,Medium,HTTPS,973.4173458734801,1,0,0,Normal
88.40315658817417,71.68154541231632,536.0131119170562,Critical,DNS,2251.403301112097,1,0,0,Normal
85.09653151792008,60.059829442790935,591.4321635033251,Critical,DNS,2150.4032536027717,0,0,0,Normal
51.82867796160281,45.140398219245846,535.7210214244549,Medium,FTP,2524.1869155559343,2,1,0,Attack
72.58846806988004,53.155448822467314,759.1614532648865,High,FTP,2978.543905660193,2,1,1,Attack
41.40540739768767,29.69529399820807,372.1452997473334,Medium,HTTP,1519.4404139135474,0,0,0,Normal
63.254477030423004,46.96842332548265,589.0809686537687,High,HTTPS,2882.5771396110927,1,0,0,Normal
31.73540814695798,24.690315648929094,191.7300117267901,Low,HTTP,953.3591187600853,0,0,0,Normal
81.28622219162935,61.70441893941923,698.4417222002146,Critical,DNS,3133.9474941128183,0,0,0,Normal
39.68551025747729,32.070927552913204,264.77583655062057,Low,HTTP,959.5762733553427,0,0,0,Normal
35.15518767628237,30.216366092988732,263.5300712555256,Low,HTTP,1285.399558800749,0,0,0,Normal
42.759362801589305,37.3081835658277,415.7377366616591,Medium,HTTP,1752.5894764136065,1,0,0,Normal
63.401589176937705,47.02246605410792,792.592523519043,High,FTP,2791.9545176319043,1,0,1,Attack
47.73017594772682,40.269711237697415,337.16329924180656,Medium,HTTP,1412.7890253814542,1,0,0,Normal
62.43806375303393,47.88213178935799,459.57063853683627,High,HTTPS,1748.276058775885,1,0,0,Normal
77.85411562494119,62.27143682941837,407.38279692571615,High,DNS,1372.975652674933,1,0,0,Normal
81.75448688707547,72.67231531874795,704.5227163116797,Critical,DNS,2830.4809625769813,1,0,0,Normal
42.49820547658601,37.13773843675693,236.71144524843234,Medium,HTTP,792.5158028893807,1,0,0,Normal
73.1085027748486,57.211626734368245,546.3573543902198,High,DNS,1871.6771230319382,0,0,0,Normal
60.06221963616554,47.71444653352731,664.2944276189214,High,FTP,2358.950136577524,1,0,0,Attack
59.95431582348829,42.52593926871371,359.049837064681,Medium,HTTPS,1413.8129866827562,1,0,0,Normal
96.67275920572138,81.6596417269494,973.4489092571401,Critical,SSH,4324.644248265951,2,0,0,Attack
82.15981136345363,59.38483641570472,541.417843785089,Critical,DNS,1867.0915827744589,1,0,0,Normal
64.76733032228367,51.744536142060994,801.0013712798172,High,SSH,3893.4553140576922,1,0,1,Attack
58.32509099345771,47.19718684210007,426.27850415922467,Medium,HTTPS,2019.7819457996882,1,0,0,Normal
32.791716582578374,24.251079610608002,252.735801351371,Low,HTTP,1065.884833838797,0,0,0,Normal
73.41050280723721,60.198642423295006,714.5312616414183,High,DNS,3382.562843074989,1,0,0,Normal
36.83899499112158,28.129981930375262,365.8484475955873,Low,HTTP,1476.917182177406,0,0,0,Normal
59.67887460195925,51.99078137753078,520.2590242477484,Medium,HTTPS,2015.476239702561,1,0,0,Normal
62.76269117553966,49.729802936472424,411.74022724188256,High,HTTPS,1441.222044464479,1,0,0,Normal
41.86468539581256,33.83890071256667,405.8383584826277,Medium,HTTP,1745.3369561162065,1,0,0,Normal
66.00829631162924,58.703463343013816,530.6428667677026,High,HTTPS,2169.0688438426055,1,0,0,Normal
49.07776341744466,44.034553142824045,309.5039759435222,Medium,HTTP,1281.7146766580136,1,0,0,Normal
81.35268999772961,69.04448793080867,648.8328241018364,Critical,DNS,2390.2587997440883,0,0,0,Normal
57.703970328730065,43.994131181946706,404.526601006883,Medium,HTTPS,2013.7909019329172,0,0,0,Normal
62.48767470220628,55.47418336877692,370.27614273457937,High,HTTPS,1153.7592702090312,1,0,0,Normal
86.80038702652382,71.3118402498167,654.8191928577236,Critical,DNS,2887.65638124453,0,0,0,Normal
89.17212649816065,67.08026491818845,523.4459241690997,Critical,DNS,1891.2974425772572,0,0,0,Normal
74.61169605849136,61.10863437399216,452.4710565512984,High,DNS,1863.3273495488695,1,0,0,Normal
58.72324520125403,45.82850669614283,574.5164741392693,Medium,FTP,2350.028703292753,3,0,0,Attack
86.32860143930884,63.62620569592617,634.0082779361182,Critical,DNS,3128.308331529826,1,0,0,Normal
66.4683949900791,53.2916107158594,572.0602626493618,High,HTTPS,2383.528069995022,1,0,0,Normal
45.67679235362448,33.563420565286904,279.60162746550617,Medium,HTTP,1303.6039259498054,1,0,0,Normal
65.70665566730895,48.7920406536567,634.1899454568313,High,HTTPS,2446.0675782122153,1,0,0,Normal
64.12452703736562,48.42082251151556,799.2716823074988,High,SSH,2693.8597126384966,4,0,1,Attack
41.10704205253569,32.6293357658814,330.6432180829809,Medium,HTTP,1541.391724151989,1,0,0,Normal
60.527595365347224,51.1010284341626,565.0191414018944,High,HTTPS,2079.046444054435,1,0,0,Normal
40.44074574310798,30.122380208804756,307.0427693054533,Medium,HTTP,1039.9413664456265,0,0,0,Normal
42.77213849098189,37.89925799398704,307.31633106223023,Medium,HTTP,1378.0857542822218,1,0,0,Normal
46.531834612833336,40.66032914701433,290.86104834116253,Medium,HTTP,1250.5467023855408,0,0,0,Normal
58.129533067694865,47.76729040272609,479.65172831614603,Medium,HTTPS,2072.0241449627206,0,0,0,Normal
83.27800382146961,72.73468045725723,842.8280361666001,Critical,SSH,3451.045139131329,1,0,0,Attack
53.45567314820073,42.96213454948613,619.7860244779254,Medium,SSH,2814.6824033119515,3,1,1,Attack
85.82204676516994,67.57616051776375,575.8522687509484,Critical,DNS,2492.0158684846474,1,0,0,Normal
92.14523552742321,69.11186392982592,1116.4171012834108,Critical,FTP,5408.624219266333,0,1,1,Attack
76.521627898328,63.517325837711006,604.788463431966,High,SSH,3000.935897636472,0,0,0,Attack
82.01881812579813,66.33374123471309,699.1802823447734,Critical,DNS,3409.2619298429745,0,0,0,Normal
61.108933922005235,49.74994232997475,399.2195955398989,High,HTTPS,1553.8890285049101,1,0,0,Normal
56.21958365547471,43.1987700176062,438.247663809615,Medium,HTTPS,1844.6468089905468,1,0,0,Normal
45.00956300423468,40.41022523874903,347.74907744203597,Medium,HTTP,1266.0227620068924,1,0,0,Normal
79.0171507672494,56.22815227832678,977.1684150369682,High,SSH,3656.7386344379634,3,1,0,Attack
62.62873844258138,52.66984837975358,495.7954210015881,High,HTTPS,1739.5639693235894,0,0,0,Normal
74.23569093909464,56.51686987351146,879.6948826825148,High,SSH,3765.366224846609,4,0,0,Attack
50.51808929609251,41.01116031636078,360.8248471173521,Medium,HTTPS,1697.144773744805,1,0,0,Normal
89.3442629177298,72.28349484975683,529.4525467673021,Critical,DNS,1700.751789605496,1,0,0,Normal
33.478283128497424,29.910086851188684,306.4767328254321,Low,HTTP,1009.6812021475165,0,0,0,Normal
72.29558996166816,59.04068623360322,484.3088005468213,High,DNS,1499.278432138172,0,0,0,Normal
58.39500444555597,50.58386514000641,548.4662489769144,Medium,FTP,2638.670585422676,2,0,1,Attack
63.543417147011496,49.92603237858916,553.5041685935896,High,HTTPS,2408.498632164477,0,0,0,Normal
72.71338468475733,53.59262241697803,799.7880477375036,High,FTP,3569.2477859804967,4,0,0,Attack
88.02527539766743,76.24571094979981,730.5770637116121,Critical,DNS,3169.144938139788,1,0,0,Normal
74.99704448739067,57.59475698194308,780.214959962347,High,FTP,2705.924933675006,0,0,1,Attack
79.87085172928346,59.00027318776772,707.1321242789556,High,DNS,3474.576156394506,1,0,0,Normal
55.70985612757795,47.26567994515124,463.44003597316043,Medium,HTTPS,2027.3476045203013,0,0,0,Normal
41.11179110692319,34.1205843842279,395.14873567259826,Medium,HTTP,1858.3997225341438,1,0,0,Normal
79.85392470065563,66.43727797051572,790.9450508399136,High,DNS,2972.3970835426044,0,0,0,Normal
50.388106793834595,40.78716566729679,488.27136191611504,Medium,HTTPS,1863.3483137107653,1,0,0,Normal
51.60877933696611,44.08100747027502,573.172313175415,Medium,SSH,2218.946953603679,1,0,0,Attack
74.52774372766726,62.06317499256725,597.9253497879979,High,DNS,1838.4459080101044,0,0,0,Normal
78.9839299058076,69.85833839507396,721.416655290104,High,SSH,3566.1472971785643,0,0,1,Attack
69.59553917818994,62.37124076405536,477.1084782196368,High,HTTPS,2250.710011831916,0,0,0,Normal
62.8380520477549,55.775584113309144,394.09396226840164,High,HTTPS,1254.348162983811,1,0,0,Normal
76.24132969194761,60.172070615483776,625.2378651722223,High,DNS,2737.856055194527,0,0,0,Normal
69.82579059156706,57.320985585621166,646.5020085609531,High,HTTPS,2423.6885002237977,1,0,0,Normal
85.33880427974509,65.20415013079501,471.98411570543516,Critical,DNS,2195.5579712686613,1,0,0,Normal
88.8587867867318,68.7960588669753,509.7115809649381,Critical,DNS,1632.0958922965706,1,0,0,Normal
86.28252609225456,64.78637868808373,452.05736310050986,Critical,DNS,2190.0394254940393,1,0,0,Normal
56.76949572603917,47.00689858261867,540.8712312095287,Medium,HTTPS,2002.9551180722353,1,0,0,Normal
66.27427101073408,57.681905545981316,555.2731703651169,High,HTTPS,1829.7958400766306,1,0,0,Normal
49.218644488100836,35.49788277217122,426.0786800524566,Medium,HTTP,1382.2154566048293,0,0,0,Normal
52.26535502479237,38.1248541795476,436.13679528047885,Medium,HTTPS,1729.0591162367941,0,0,0,Normal
45.25897753206664,32.1144470612485,279.26811489792493,Medium,HTTP,1240.9645970176803,1,0,0,Normal
78.40928027333575,69.08640915174102,967.1596555459174,High,SSH,2986.9230758036842,0,0,0,Attack
81.10542447146145,67.73409981993078,684.2383983658077,Critical,DNS,2843.4759294270475,0,0,0,Normal
36.36851120973006,30.77773306681427,336.68499424489613,Low,HTTP,1403.3742775222518,1,0,0,Normal
48.834374098078115,40.717443621340735,536.7169581783553,Medium,FTP,2191.801826774882,4,0,0,Attack
42.87122784752455,32.016999219844024,501.83644744659324,Medium,SSH,2091.2957142145137,4,0,0,Attack
84.32997055031592,75.16850268230756,605.3507983963684,Critical,DNS,2699.931090256666,1,0,0,Normal
80.54094813509437,67.44952390987275,617.7473909398152,Critical,FTP,2894.345822771301,3,0,1,Attack
73.88226278490038,64.30001785011633,728.3417124315754,High,DNS,2416.926606882422,1,0,0,Normal
70.13596082688309,54.411705258661804,651.8079921159259,High,DNS,2480.850623085865,0,0,0,Normal
44.04536208094214,34.42680033865731,240.36277753448667,Medium,HTTP,1024.9549066176796,0,0,0,Normal
87.40849851521489,68.80223234358155,738.362126688039,Critical,DNS,2311.6069323392876,0,0,0,Normal
71.23688808605948,50.398018818686474,489.56242029488845,High,DNS,1731.7522015507143,0,0,0,Normal
81.09115541297797,72.52189720200619,740.314084396282,Critical,DNS,3236.3366721224224,1,0,0,Normal
52.74097032604914,45.97639663278861,290.33888903554583,Medium,HTTPS,1382.4227651010776,1,0,0,Normal
54.486438835883746,39.136877372201376,523.6971072154257,Medium,HTTPS,2565.0069591955853,0,0,0,Normal
56.1403073350084,47.03941977820465,379.39639798589246,Medium,HTTPS,1802.9231082421095,0,0,0,Normal
42.24124258966185,32.73242833136274,442.3916017854194,Medium,SSH,1897.5301067352382,1,0,0,Attack
88.2976836351736,76.39305808594916,495.3584077334153,Critical,DNS,2439.729798192757,0,0,0,Normal
81.52190421540581,58.71206598038251,604.1767786364906,Critical,DNS,2167.4097544899973,0,0,0,Normal
35.48597160157897,31.385940687565196,305.5015255350013,Low,HTTP,1152.403939430294,1,0,0,Normal
71.36709439888364,54.975510378824765,372.5978587154389,High,DNS,1270.6931658838357,0,0,0,Normal
62.46779444438289,45.572176900623134,692.8209472351889,High,FTP,2665.2041226885085,1,0,0,Attack
79.55287253600545,57.62840367991207,630.100821529061,High,DNS,2855.7872266664003,1,0,0,Normal
46.05996527723619,36.68440433700145,555.0901011082929,Medium,SSH,2515.130314406186,2,0,1,Attack
95.33815424263594,80.50002439234667,954.9078664400611,Critical,SSH,3257.6982067916583,1,0,1,Attack
51.096042967183166,36.2186401258449,441.9948105901055,Medium,HTTPS,1355.2726956813865,1,0,0,Normal
38.85922485000265,31.692340872348016,358.0219506112091,Low,HTTP,1223.8393247906981,1,0,0,Normal
37.32114193800953,30.4846982171562,216.31301436034173,Low,HTTP,809.0946484328227,1,0,0,Normal
58.93464171887899,47.641114748146904,413.44220019013557,Medium,HTTPS,1568.5961927763585,0,0,0,Normal
73.30894550614175,59.873508230585095,598.2376121782733,High,DNS,2638.146743717616,1,0,0,Normal
42.650362078566104,36.082675055500786,427.1902166089801,Medium,FTP,1529.89635357752,3,0,0,Attack
64.670404476783,56.168332669547944,410.2281561069998,High,HTTPS,1458.3903268613103,0,0,0,Normal
65.04634612567315,47.603495339085676,548.2711750348954,High,HTTPS,2478.7777417310076,0,0,0,Normal
72.51160281281045,56.60332926565277,881.8648418283658,High,SSH,3526.6878675129587,2,0,1,Attack
65.01856281196524,53.732639344276485,633.5868147876704,High,HTTPS,2219.844280639201,0,0,0,Normal
83.80329706720659,59.757805701200745,986.0922798425,Critical,FTP,4548.54058317559,2,0,0,Attack
80.55967852982576,60.720625833196934,662.4531845881904,Critical,DNS,2890.5925842297497,0,0,0,Normal
39.55189572268864,33.11115614550479,388.1208700661332,Low,HTTP,1745.6357440874233,0,0,0,Normal
64.18319442658685,56.23353423746973,615.165269383947,High,FTP,2407.0671557999826,3,0,0,Attack
77.92599384119967,69.33763461894239,740.0604151953784,High,SSH,3310.202700519254,3,0,0,Attack
43.921675372548634,38.440614084771,464.6677215956931,Medium,FTP,2087.618006333443,3,0,0,Attack
46.12041262323146,38.23038314168811,328.24904568072486,Medium,HTTP,1029.5622937333064,0,0,0,Normal
71.14717416574422,63.500140422883035,628.2776219858176,High,DNS,2308.7431558109874,0,0,0,Normal
82.84232846242958,62.85559604456881,731.2970219852509,Critical,DNS,2959.9537638588217,1,0,0,Normal
86.93647857828182,67.56851618123383,524.1251280099732,Critical,DNS,2088.3880878479645,1,0,0,Normal
82.56248486912227,61.181780903771624,426.48968812825717,Critical,DNS,1786.7232993475077,0,0,0,Normal
68.67763079659198,53.89056308343191,415.2139684428612,High,HTTPS,1541.8278003923285,1,0,0,Normal
87.7554288029205,74.87530370624576,601.2098559852493,Critical,DNS,2063.640516006717,0,0,0,Normal
47.621303787018405,40.625880672741495,332.6337948595809,Medium,HTTP,1510.7827821816456,0,0,0,Normal
53.16512453535324,39.403499190106494,453.2146625828293,Medium,HTTPS,2049.6641204921366,1,0,0,Normal
42.310826766261016,29.89794643096522,273.04235046465715,Medium,HTTP,1192.7977566332727,0,0,0,Normal
65.40661984850885,48.5208283067206,617.7964360900264,High,FTP,2309.299102159544,2,0,0,Attack
85.96810839269892,66.54265325791714,956.7514276488528,Critical,FTP,3381.077368773025,0,0,1,Attack
75.9309223521268,59.180496331032195,569.3158471484327,High,DNS,2663.135378676969,1,0,0,Normal
42.34594314119022,35.61236393558371,265.0448481900154,Medium,HTTP,1118.278678369488,0,0,0,Normal
31.98791455528408,24.250997892695192,288.9062572136674,Low,HTTP,1046.4937861699339,0,0,0,Normal
52.55008018653996,39.70196004053709,641.8761462771912,Medium,FTP,3145.3522911268883,1,0,1,Attack
52.2116462791746,44.48996051349648,456.5464774481254,Medium,HTTPS,1501.0563082040783,1,0,0,Normal
53.8197449647123,43.05108754928444,391.92598854482134,Medium,HTTPS,1542.6348913232496,0,0,0,Normal
72.29593175085029,54.24808393563302,627.6880489571065,High,DNS,2788.654660332375,1,0,0,Normal
47.439002165483544,40.85775439137069,414.2268684370559,Medium,HTTP,1272.55709406281,1,0,0,Normal
46.652137729979586,39.01736125696316,249.1839859896476,Medium,HTTP,1031.8019404889221,0,0,0,Normal
85.63239440263715,72.7674979597214,772.6062903439026,Critical,FTP,2473.0641674298204,3,0,0,Attack
59.97375448831008,47.456505188313386,456.9310015545855,Medium,HTTPS,2176.790443937585,0,0,0,Normal
45.108450594088936,38.21985663157593,336.5679046334174,Medium,HTTP,1184.0529345225405,1,0,0,Normal
88.3807786397665,75.05924532007644,904.6976107391006,Critical,FTP,3432.3328400888345,3,1,0,Attack
70.90400883316761,50.600843808215785,480.96549708868093,High,DNS,1819.7035959521208,0,0,0,Normal
74.92980244453065,57.506511182265626,455.66302412265213,High,DNS,1852.1110244102154,1,0,0,Normal
57.386364718404366,46.181905104727996,508.1390445281104,Medium,HTTPS,1923.348652263158,1,0,0,Normal
74.18645150661177,59.23433519681304,653.3047696261392,High,DNS,2675.72589577371,1,0,0,Normal
74.78134434415551,61.24121320520372,629.7607827507777,High,DNS,2529.439956375777,1,0,0,Normal
34.09583734796797,26.299255307039974,233.38269859959263,Low,HTTP,713.525901083425,1,0,0,Normal
50.241543309166445,37.34192415410647,318.2693885961714,Medium,HTTPS,1463.4109938542942,1,0,0,Normal
61.42619243095396,52.46951649686446,564.7803504134191,High,HTTPS,1911.2335348231575,1,0,0,Normal
59.53565911506303,50.73927610757448,479.14380156699724,Medium,HTTPS,2134.4771901183135,1,0,0,Normal
65.68111368804239,54.96553463407726,430.5825105513297,High,HTTPS,1975.0474653437523,1,0,0,Normal
51.39999500795966,39.773116659891265,501.1818171392649,Medium,HTTPS,1883.839712048746,1,0,0,Normal
42.97438550594961,32.37653292798439,245.79736318719466,Medium,HTTP,1062.6705582921363,1,0,0,Normal
86.25640017900878,74.85142302783628,833.1297905003122,Critical,FTP,3674.666319023917,2,0,0,Attack
75.6750535482206,62.19888155196081,651.3237917443417,High,DNS,2985.2607030259646,1,0,0,Normal
71.05634579434991,54.16099931851177,368.0942375124666,High,DNS,1737.7544960758355,1,0,0,Normal
62.138835735677276,55.30510474220688,687.9022253906253,High,FTP,3142.4244341676804,4,0,0,Attack
46.01742326369276,33.53680753429394,253.20363958307976,Medium,HTTP,1168.7337179114556,1,0,0,Normal
80.33345771153108,63.75292310709713,755.9251578159067,Critical,DNS,3385.6045042869423,0,0,0,Normal
66.57616467622574,56.208523346633136,419.10044105355445,High,HTTPS,1809.432576045164,0,0,0,Normal
58.66782148605125,41.49062202616774,609.7801592959798,Medium,SSH,2871.808397700051,1,0,0,Attack
87.00743948982563,70.83034912252285,605.4497403381735,Critical,DNS,2557.3260968039217,1,0,0,Normal
38.63549818153842,27.82117936813495,296.01076518993875,Low,HTTP,1373.5274630691374,0,0,0,Normal
68.08108697136049,59.665834804725236,674.0287595710661,High,SSH,2629.7247481674303,3,0,1,Attack
73.28219319926575,55.093706262893626,567.1451617498377,High,DNS,2589.058666060177,0,0,0,Normal
32.16377722172183,25.068128372029648,242.55582201519536,Low,HTTP,1194.107467683161,1,0,0,Normal
74.22169944722555,57.770006651468584,581.7447124425097,High,SSH,2882.6440910826896,1,0,1,Attack
36.02811412507435,29.0554155359317,324.07524821652606,Low,HTTP,1340.999420694334,0,0,0,Normal
82.91810600714143,64.55243689920798,494.19808867648925,Critical,DNS,1628.560830690552,1,0,0,Normal
45.540628047601786,36.868225525993815,393.3314064392155,Medium,HTTP,1217.069663653512,0,0,0,Normal
53.81701905738737,43.14246265663196,482.5933350097262,Medium,HTTPS,1740.1012200126709,1,0,0,Normal
53.50316854121047,37.75890522479608,369.0106856251987,Medium,HTTPS,1612.0301574985701,0,0,0,Normal
71.93952063433244,61.85378846830783,797.7023645909735,High,SSH,3049.1349990644126,4,1,0,Attack
53.55250140535645,39.54332661060732,456.6256982773053,Medium,HTTPS,1984.863444672491,0,0,0,Normal
62.87033648804936,53.15544653997008,563.2198639680238,High,HTTPS,2236.517982872383,0,0,0,Normal
60.49527498333191,51.94680776745187,562.7497358792955,High,HTTPS,2438.7908992689495,0,0,0,Normal
41.71963972028607,32.36941323711183,572.1523875630387,Medium,SSH,1952.0234143713585,1,0,0,Attack
87.94078660619562,73.19628507165008,994.9375785276969,Critical,SSH,3554.5305423140317,3,0,1,Attack
41.520893924025586,34.921882326269916,361.1026702514359,Medium,HTTP,1679.6136790605146,0,0,0,Normal
73.64321002198267,63.21072334417146,610.7636224392271,High,DNS,1959.5553377552822,0,0,0,Normal
77.6075955441047,67.68119615181367,719.7289464045873,High,DNS,2924.6014719501513,0,0,0,Normal
52.76385022116301,45.20873470767046,425.2562387146453,Medium,HTTPS,1487.5067896415162,1,0,0,Normal
69.70080856597633,60.05272239778028,634.2994404048934,High,HTTPS,2985.063149693164,1,0,0,Normal
72.32030690502143,61.31862521816354,524.5938400247743,High,DNS,1662.7516275200012,1,0,0,Normal
77.50122784695122,64.46102532415314,690.7437008759251,High,DNS,2480.2527264102287,1,0,0,Normal
91.62850044755032,79.80457481785143,1098.6513874061154,Critical,SSH,3781.752303574885,1,0,0,Attack
77.04379713482922,63.35962761752901,761.8033355701843,High,DNS,2765.9829660390137,1,0,0,Normal
78.47356852798839,67.80215768101108,615.6106427124207,High,DNS,2736.0171200491695,1,0,0,Normal
74.36268667399418,58.7576938954105,426.722922912114,High,DNS,1445.9036437608786,0,0,0,Normal
69.52259640886041,59.54660644898785,363.99599336150203,High,HTTPS,1135.992333267198,0,0,0,Normal
91.28739779016541,81.45593909376832,794.6757559354804,Critical,SSH,2580.0494063020305,1,0,0,Attack
66.71536180900148,59.74474231629763,561.8298943102676,High,HTTPS,2334.0253355588848,1,0,0,Normal
79.2038018132007,64.45546842193585,558.8614002292768,High,DNS,2670.946414733209,0,0,0,Normal
57.04506866328302,41.61643371934682,477.2969825495425,Medium,HTTPS,2152.203921664462,1,0,0,Normal
86.95216889827861,61.68612994682576,845.8263901910434,Critical,FTP,3989.740546850086,4,0,0,Attack
97.69063769679633,74.30086045719626,1014.1792252936971,Critical,FTP,3791.6290806353254,1,0,0,Attack
88.65510744290077,74.19119429485124,534.528111732991,Critical,DNS,2375.1437946694327,1,0,0,Normal
64.13778232748882,50.17111859150251,412.5048141242005,High,HTTPS,1935.1282689839068,1,0,0,Normal
48.860813184364815,40.783174145480025,646.0194107543616,Medium,FTP,2321.866098938918,2,0,0,Attack
32.82780198038381,26.166877192867112,181.23978621362414,Low,HTTP,663.835861207998,0,0,0,Normal
48.17189715089626,40.14503420654973,368.9336557255523,Medium,HTTP,1358.7768276129823,0,0,0,Normal
71.05556724738562,52.66439279799166,443.7255034934618,High,DNS,2192.4490360406858,1,0,0,Normal
54.671905252325814,41.400937909734715,506.54597260394667,Medium,HTTPS,1717.6608736304897,0,0,0,Normal
80.40418786069495,69.56044976163007,636.1119287855029,Critical,SSH,2600.63537446146,2,0,0,Attack
69.12850341155718,49.830379102385876,647.727864256272,High,SSH,3187.757173810796,2,0,0,Attack
70.01112628467126,56.453305323431366,427.4488687442295,High,DNS,1564.6984046877283,1,0,0,Normal
52.35158273229899,39.25273005313109,544.3210696115775,Medium,SSH,2520.0936988156895,0,0,0,Attack
47.17849900414876,41.07397300220095,406.2535145536561,Medium,HTTP,2017.109211460505,0,0,0,Normal
79.54039812757401,57.027268560656005,474.9337096015031,High,DNS,1954.3533713316335,0,0,0,Normal
46.25108302599983,35.107805037199626,445.23392746033136,Medium,FTP,1477.8290578499189,1,0,0,Attack
61.904287158104125,46.07026489511669,347.69615881479336,High,HTTPS,1172.2366037314757,0,0,0,Normal
44.93721108978207,34.290848755313654,354.3666928470666,Medium,HTTP,1431.1171063775369,0,0,0,Normal
81.18236401664035,68.55359827648857,767.0240528832597,Critical,DNS,2480.7562434104043,1,0,0,Normal
35.08794236555332,25.924339912250726,307.82217516548775,Low,HTTP,1172.9213464615343,0,0,0,Normal
57.720970452501206,41.10248204429818,736.3682732242753,Medium,SSH,2828.132705955974,0,0,1,Attack
43.26530363294296,31.352934901040125,296.21788811989745,Medium,HTTP,1234.529515571332,1,0,0,Normal
48.925079619220924,39.895111828647,421.17648660280037,Medium,HTTP,1264.9165414229856,0,0,0,Normal
73.33186255491455,64.37998129493123,676.7000656205829,High,DNS,2539.925289301131,0,0,0,Normal
51.651697117195,43.95120637178506,534.9757147849703,Medium,SSH,1871.7102984612334,4,0,0,Attack
33.626772325951606,29.31236784341631,223.84914314710466,Low,HTTP,835.4240132924434,0,0,0,Normal
47.40007998349597,36.68111296287076,517.9341650622141,Medium,FTP,1953.1925796746687,0,0,0,Attack
64.62982261335128,54.56980538546587,636.7658091461574,High,HTTPS,2407.7596049364884,1,0,0,Normal
83.3779330780817,72.46513985278695,498.3765671285483,Critical,DNS,2116.3649191524864,1,0,0,Normal
75.27451463247417,57.16430928271394,581.1813226789766,High,DNS,2276.5345873682713,0,0,0,Normal
81.50920069834683,62.45845531101175,799.0846549803892,Critical,DNS,2500.4096057528022,0,0,0,Normal
52.15855105503579,40.07333240363424,346.9262192521916,Medium,HTTPS,1392.9365423817812,0,0,0,Normal
73.30321132983954,65.5404231105146,665.1886481337725,High,DNS,2405.729305012256,0,0,0,Normal
80.73495891865605,59.670626077493104,800.3153440810468,Critical,DNS,3063.428023494225,1,0,0,Normal
47.82335918796889,38.68111027501599,372.42470076522625,Medium,HTTP,1718.29320497536,1,0,0,Normal
49.88247256464092,44.502374429853916,289.22098634672,Medium,HTTP,1009.3514476767314,1,0,0,Normal
50.489526221790584,38.67775930396653,299.3321565332781,Medium,HTTPS,915.3505299285008,1,0,0,Normal
88.23008946608752,76.14073794453762,670.2223095176716,Critical,DNS,3101.6115051116876,0,0,0,Normal
41.72783714777324,37.40962754158443,233.07723366824197,Medium,HTTP,1129.7156427490206,1,0,0,Normal
62.6498949372035,50.84040499491511,440.17598929334474,High,HTTPS,1464.457514219131,1,0,0,Normal
97.64335532196128,71.46731335983259,893.4264592251609,Critical,FTP,2892.0004568158947,4,0,1,Attack
49.816531456817756,36.721955345121074,394.5020927155515,Medium,HTTP,1533.5606515510933,1,0,0,Normal
78.89378013314854,63.418925841395506,395.1184627579338,High,DNS,1356.6175210277347,1,0,0,Normal
88.95446851776796,64.351987288739,612.3178418395929,Critical,DNS,2592.597112271257,1,0,0,Normal
63.450073041021824,49.556957036617966,396.3540055496255,High,HTTPS,1667.3919133266977,1,0,0,Normal
39.57657986306003,31.030610538884698,270.31644336741607,Low,HTTP,1115.6142985824267,1,0,0,Normal
41.143188443093095,33.60427511452283,285.03191814852596,Medium,HTTP,1220.7129809672874,1,0,0,Normal
71.1556110039237,49.83236173644447,694.750753784169,High,SSH,2424.1449031399166,3,0,0,Attack
37.02784029073882,28.70916165829132,300.5288482773163,Low,HTTP,1258.44082129044,1,0,0,Normal
54.311583871203766,40.7265336437658,396.07828673011187,Medium,HTTPS,1674.9547323038632,0,0,0,Normal
55.21949581991066,42.69618313627205,293.9185023199844,Medium,HTTPS,1384.8686087584135,1,0,0,Normal
65.02919962804299,50.53498005876757,490.17060646503836,High,HTTPS,2343.7650828739647,1,0,0,Normal
30.09880050231004,23.42057662160095,196.89221300049024,Low,HTTP,930.5794790497074,1,0,0,Normal
52.601967326772865,43.37830552035682,371.8664776944535,Medium,HTTPS,1584.2480436247204,1,0,0,Normal
54.9604821340472,43.51266144580483,696.5405203282136,Medium,SSH,2807.5709838451944,2,1,1,Attack
61.962547840994375,44.17367199725667,585.7009023234061,High,SSH,2675.2033838101115,3,1,0,Attack
63.13364003164679,50.60211788180701,524.8187789881742,High,SSH,2393.3179525120872,2,0,0,Attack
53.43697653137497,40.70087213445352,484.63802807869064,Medium,HTTPS,2135.0703749215254,1,0,0,Normal
67.39553133564186,52.75571359166249,648.1695042120444,High,HTTPS,2663.5147193016583,0,0,0,Normal
57.51244397572009,49.54007085396051,334.5760289664561,Medium,HTTPS,1052.4135980340213,1,0,0,Normal
33.8727676786948,25.370354044310506,189.43146358062538,Low,HTTP,782.7803830407108,1,0,0,Normal
60.45240155537613,42.667159512383016,436.36539998954834,High,HTTPS,1863.3822373974917,1,0,0,Normal
58.49836261164455,50.47083937271825,555.8813739607526,Medium,SSH,2686.4177761283845,4,0,1,Attack
54.83328588476979,48.51077961399693,443.33682585925914,Medium,HTTPS,1827.9372741400757,1,0,0,Normal
78.41400971348776,57.45380236467215,628.650003854721,High,DNS,2632.160423361726,1,0,0,Normal
44.69690949052165,32.347048379693376,349.4256699334746,Medium,HTTP,1484.9154631561773,1,0,0,Normal
31.73927791751339,25.03382257926563,260.4782079132263,Low,HTTP,1037.480234172434,0,0,0,Normal
88.83206188751501,66.03282486749204,752.8084973881203,Critical,SSH,3250.7519588113505,1,0,1,Attack
95.40875034886994,78.56024080886343,960.2696447719097,Critical,SSH,3757.7893370657407,1,0,0,Attack
39.809454616333824,32.670922476328506,321.3466600269458,Low,HTTP,1580.304274028707,0,0,0,Normal
47.10929512846633,38.28604371487651,637.1440563368142,Medium,SSH,2820.958019010679,1,0,0,Attack
56.6199632297139,46.89675172666307,535.2751149948841,Medium,HTTPS,2521.684898113125,0,0,0,Normal
43.00335080966761,32.20619683037451,400.6127312716763,Medium,HTTP,1850.2966249202232,1,0,0,Normal
67.02212487303768,54.873835508281,546.2739557040157,High,HTTPS,2563.9001588288525,1,0,0,Normal
66.20474802679382,54.47887852607789,501.62279090443917,High,HTTPS,2398.835720046187,1,0,0,Normal
63.81203503769939,55.591408491834905,569.1275403156444,High,HTTPS,2712.4703395714782,0,0,0,Normal
68.48171414239914,60.137417451431176,609.534335467524,High,HTTPS,2116.228437789714,0,0,0,Normal
54.67688836331945,47.7129100521115,665.5046650862727,Medium,SSH,2376.5213613000706,0,0,0,Attack
65.62263108889965,54.20600235066285,510.09903546518666,High,HTTPS,1739.22070322049,1,0,0,Normal
66.86542951887532,53.69786151701328,358.65179529418936,High,HTTPS,1150.4944448173285,0,0,0,Normal
81.35230662519461,69.69879027520018,637.0417870300105,Critical,DNS,2167.018160274392,0,0,0,Normal
83.44587692292407,71.43196533071114,682.218797503971,Critical,DNS,2376.786301663622,1,0,0,Normal
81.79019040951971,68.74870306988342,783.6967839293302,Critical,DNS,3560.494992436915,1,0,0,Normal
77.80781317909714,63.09659121418354,807.5106258019753,High,SSH,3329.2087832764973,1,0,0,Attack
70.92208142559684,50.67747288847785,765.0724896127764,High,SSH,3252.9562045064804,0,0,1,Attack
77.02574333748998,62.639350299079545,625.7550095830318,High,DNS,2015.0399417970768,0,0,0,Normal
76.80824972343544,63.522217545005994,572.7942286098455,High,DNS,2151.7934751074436,1,0,0,Normal
82.16484785887587,72.57389091179085,881.5914843549439,Critical,FTP,2820.4634636968285,4,0,1,Attack
73.27861934230896,59.52520663992334,733.7000439155443,High,FTP,3308.2057182266353,1,0,1,Attack
34.36542133204057,28.134986063667927,336.58828786895714,Low,HTTP,1030.816025931886,0,0,0,Normal
63.96785120770801,52.77084779951569,548.1252051254735,High,HTTPS,1867.5111189062106,0,0,0,Normal
68.10701105830958,54.36971010485347,631.8640138280173,High,HTTPS,2963.153165941919,0,0,0,Normal
84.98153213808109,70.68904800695078,768.7995711412293,Critical,DNS,3271.1499309290766,1,0,0,Normal
63.694029066764415,50.402771404998504,588.1240570131127,High,HTTPS,2150.6352375344354,0,0,0,Normal
65.61013635036943,58.509514802096916,620.3685379916631,High,HTTPS,1913.1256251834457,0,0,0,Normal
67.48766827338841,56.875261137845996,635.3989114290155,High,HTTPS,2503.853825149489,0,0,0,Normal
59.48948541423306,51.8213333255001,367.62677509814586,Medium,HTTPS,1562.7767861843033,0,0,0,Normal
79.54497604994685,68.55716249955127,711.2765892623086,High,FTP,3332.3395190335973,2,0,1,Attack
57.39794205277576,49.89851581191096,345.7615548973374,Medium,HTTPS,1270.8903777013804,1,0,0,Normal
87.53266213156166,76.87250194345764,483.14337200804533,Critical,DNS,1624.9363546590919,1,0,0,Normal
72.82512758085431,63.8386153778697,437.25830410857304,High,DNS,1389.0811563858165,1,0,0,Normal
81.33021473287954,60.768938725609495,505.04156253427607,Critical,DNS,1885.9449303940496,0,0,0,Normal
78.55999676146894,59.47782315420169,695.8853945203883,High,DNS,3184.32142657364,1,0,0,Normal
80.80298714907258,59.87157593485799,630.8299151168749,Critical,DNS,2417.8655524223536,0,0,0,Normal
83.46451737495954,60.15981584640773,678.530519551558,Critical,DNS,2598.471594861333,1,0,0,Normal
92.98044712792034,68.82123703524991,716.0819018908867,Critical,FTP,2247.5463491469636,3,0,0,Attack
44.15631973381096,33.04617552375405,304.30996030201663,Medium,HTTP,1197.7224851989888,0,0,0,Normal
47.13018943264615,40.264286070283795,259.1319372228694,Medium,HTTP,1020.5483601975301,1,0,0,Normal
52.28723731859645,42.471902869154775,658.6812767939282,Medium,FTP,2754.306055765084,4,1,0,Attack
36.234938169509405,29.900445705405275,186.84027394071296,Low,HTTP,853.8148191139201,1,0,0,Normal
42.050675688515184,30.361319055562902,253.04925156510842,Medium,HTTP,1022.250445658213,1,0,0,Normal
44.51718614436686,34.53047010361697,410.62012897464035,Medium,HTTP,1384.9819857338568,1,0,0,Normal
76.29614407444024,54.92777766085168,620.8369864582976,High,DNS,2608.74855505166,1,0,0,Normal
63.68414768425282,54.18842654258327,422.9855571798075,High,HTTPS,1653.2596854071599,0,0,0,Normal
67.55482318360009,47.7108827743299,351.9358699560631,High,HTTPS,1676.5381167249539,0,0,0,Normal
36.605216623345314,27.11380814924965,269.10337599521046,Low,HTTP,1207.1877849626824,1,0,0,Normal
52.699816144959186,45.793729370804144,428.31609472046375,Medium,HTTPS,1465.4924159674147,1,0,0,Normal
45.978585787743214,37.954770894555864,623.5791272722438,Medium,FTP,2850.1057500980532,4,0,0,Attack
85.26804634922883,65.28779395190976,770.363638066157,Critical,SSH,3653.1090281183783,4,0,1,Attack
31.876282962039113,22.580691544230614,188.32979146430938,Low,HTTP,906.7209441702755,1,0,0,Normal
42.21265696833143,33.5193882038135,229.72103205512522,Medium,HTTP,1076.8070887661027,0,0,0,Normal
80.68627589615062,66.57414451881284,551.5385187605002,Critical,DNS,2389.1027376708194,1,0,0,Normal
67.64640045545093,58.75098152165729,604.746635213062,High,HTTPS,2450.7875338361036,1,0,0,Normal
49.70314231610246,38.15027625966684,352.00172216184853,Medium,HTTP,1365.8713268464712,0,0,0,Normal
32.515602002167725,23.942080315202485,230.01190835765712,Low,HTTP,753.6173849898997,0,0,0,Normal
58.218041301879566,41.78191024623722,311.2732642986837,Medium,HTTPS,1309.6255913240523,1,0,0,Normal
67.52962178288726,52.2290104876812,495.6443903652524,High,HTTPS,2005.3452578488277,0,0,0,Normal
80.55036687583197,69.07941426490113,591.7098918141356,Critical,DNS,2820.7678866909528,1,0,0,Normal
50.26879880373599,39.374709310153165,399.8312389224869,Medium,HTTPS,1917.342717373559,0,0,0,Normal
40.897773754331865,32.02114685031536,364.9878780557751,Medium,HTTP,1556.7261484130681,0,0,0,Normal
35.30392973675134,25.202318130690028,268.28596352023914,Low,HTTP,918.3691255648333,0,0,0,Normal
52.02711243786325,41.28800659843241,308.63826624478355,Medium,HTTPS,1374.8396764471722,0,0,0,Normal
77.27783849099069,61.34573647135397,618.6064638662148,High,DNS,2773.335678705598,1,0,0,Normal
54.98498221859336,44.9862161122957,399.8162580041736,Medium,HTTPS,1259.5540564907114,0,0,0,Normal
54.88672299863538,47.0365928385518,516.4511691494439,Medium,HTTPS,1869.5158657473426,0,0,0,Normal
34.16016561284778,27.46384802892644,297.70268257178617,Low,HTTP,1296.508906820911,1,0,0,Normal
68.07590694799728,50.19170786009081,612.1180572256708,High,SSH,2447.551746278753,1,0,0,Attack
58.150047940998775,47.6945900623361,519.0705725895208,Medium,HTTPS,2220.7492980366524,0,0,0,Normal
75.44637988670729,59.66713759534678,905.8118175220009,High,SSH,2811.4070960244308,4,0,0,Attack
77.09273719832709,67.56222677673901,735.1829457059104,High,DNS,2624.8218535318542,0,0,0,Normal
71.19187541582505,60.4131619904978,856.2921609347802,High,FTP,2764.2847720244854,2,0,0,Attack
41.187098829686875,30.56709095894275,343.05826572296326,Medium,HTTP,1224.1689860753536,0,0,0,Normal
66.05959109816467,56.61676821066669,504.1313990550858,High,HTTPS,2175.945299212065,1,0,0,Normal
57.256463537196396,50.05393232825667,412.2890911980075,Medium,HTTPS,1253.4320963580262,0,0,0,Normal
82.91280825687863,73.08381019872948,471.86253090377693,Critical,DNS,1463.3818675731686,1,0,0,Normal
74.57888967370309,64.79007767068819,597.9955283058384,High,DNS,2678.7730126449333,1,0,0,Normal
52.64562322299753,43.86278574317362,600.8879379750607,Medium,FTP,2067.6574190598917,0,0,0,Attack
87.11679683212424,70.15154677685882,1020.4543947682694,Critical,SSH,3234.51498823943,0,0,1,Attack
92.26173903880408,72.70499316638188,1075.4208925155122,Critical,FTP,5201.28446396702,2,0,1,Attack
84.43614105664892,61.43934746073774,689.2405662518894,Critical,DNS,2545.4883738045605,1,0,0,Normal
90.62366155150812,74.37772038800564,748.9750161027266,Critical,FTP,2952.4986991431547,3,0,0,Attack
69.95118145365268,56.282269744066355,604.121851274722,High,HTTPS,2383.7955870606993,1,0,0,Normal
61.577569405044414,53.98595873768463,536.2172702924754,High,HTTPS,2368.3557712154143,0,0,0,Normal
56.40891855226073,49.61378727680275,303.2447935785343,Medium,HTTPS,1071.7301630228408,0,0,0,Normal
38.29283062397735,31.64957897265411,250.8111141244883,Low,HTTP,1123.2597061370045,1,0,0,Normal
76.21953841182403,56.57850975804308,839.3001628123383,High,SSH,3452.532765366147,4,1,1,Attack
61.37806642203941,51.89229545419606,460.1047524661407,High,HTTPS,1538.5499955399996,0,0,0,Normal
83.01440244860714,70.42276687981094,680.3691540813468,Critical,DNS,2111.768515704979,1,0,0,Normal
83.86139931491925,59.963686906381476,441.05708131599744,Critical,DNS,1842.0419757156124,1,0,0,Normal
67.9543438570181,51.780718351849444,436.6572050467928,High,HTTPS,1769.6749992550126,0,0,0,Normal
42.69293780949738,35.6701463561013,237.82131147069313,Medium,HTTP,1068.0258449453759,1,0,0,Normal
83.6360225037788,66.89624109820204,737.0268216713348,Critical,FTP,2999.1804134314652,4,0,0,Attack
74.49596022837795,61.67012949938138,617.6136918310411,High,DNS,1922.1321688170299,0,0,0,Normal
34.50996786210453,24.514994293822756,176.01616617577002,Low,HTTP,609.7621258947355,1,0,0,Normal
48.59782942265156,36.79000279345681,255.29515715322725,Medium,HTTP,1095.7444213979363,0,0,0,Normal
70.65138301280967,51.06825262065715,614.5940899715448,High,DNS,2867.196391164467,1,0,0,Normal
59.95488700522401,45.376254420778146,365.87520294342295,Medium,HTTPS,1447.1389949766683,0,0,0,Normal
68.34955872904857,56.841041090533786,370.7418610252889,High,HTTPS,1579.479611904382,1,0,0,Normal
33.11229026738147,23.31164071624538,317.58912517953274,Low,HTTP,1291.323394589633,1,0,0,Normal
47.10892583389068,33.45340759571915,317.1818541197235,Medium,HTTP,1141.9488618846572,1,0,0,Normal
36.84608471739921,31.243958207890334,271.0077724774442,Low,HTTP,1100.0386299592387,0,0,0,Normal
57.05198869021842,42.452404006120325,620.1715499617319,Medium,SSH,3034.7992473380905,3,0,0,Attack
79.4867947101011,56.989496815372945,878.9729880571584,High,FTP,3311.599241221824,1,0,0,Attack
31.205330661250628,27.5746232781036,197.70199332072275,Low,HTTP,923.5961992674614,1,0,0,Normal
33.0386567102687,25.41722802700432,287.31312036826193,Low,HTTP,1026.764226016584,0,0,0,Normal
74.38761090241314,59.0790297676585,579.0304191795383,High,DNS,2757.9079357092337,1,0,0,Normal
53.230101074805134,42.29602824681247,511.9167373558525,Medium,FTP,1644.4434527341045,2,0,0,Attack
35.09043240410392,29.53485842049933,184.563123713888,Low,HTTP,827.2512797933471,0,0,0,Normal
95.09531570845866,71.64678844844074,955.157928981656,Critical,SSH,4386.88485463848,2,0,0,Attack
50.795352092245594,43.066882440088094,387.6674163362258,Medium,HTTPS,1721.8597174296515,0,0,0,Normal
58.26156957169587,47.2710211192412,508.4596801550004,Medium,HTTPS,1559.8396290227658,0,0,0,Normal
58.37656171668641,42.87123565351258,447.93739141863165,Medium,HTTPS,1997.7022142313704,0,0,0,Normal
82.50351503544152,58.60931672583808,635.6580869383806,Critical,FTP,2201.244640478594,0,0,0,Attack
46.026238773192745,37.63301055235558,283.5491696966767,Medium,HTTP,1329.7245056340385,0,0,0,Normal
74.35525495646289,59.87664098454297,611.9565684062275,High,DNS,1851.191415711246,1,0,0,Normal
63.40755733195692,53.83856601031346,581.0013954315821,High,HTTPS,2562.878016247522,1,0,0,Normal
40.31737255223561,32.533281941788445,297.87284557644966,Medium,HTTP,1154.6666718000865,1,0,0,Normal
33.11570798163302,23.552526147846795,269.919656993883,Low,HTTP,917.5600606366312,0,0,0,Normal
65.29276053472131,48.73607912635774,500.4720992973628,High,HTTPS,2020.433369523349,1,0,0,Normal
61.58335958743919,51.06534649077951,400.33755521739465,High,HTTPS,1569.2419188159324,0,0,0,Normal
74.72625792121107,64.7517002631134,571.4815216783446,High,DNS,1826.9029037476394,1,0,0,Normal
72.07888472621562,57.340773417414525,901.5948710750174,High,SSH,2728.1748790211864,2,0,1,Attack
43.36574921704596,35.82150411985928,500.04522740430616,Medium,FTP,1597.9514804112566,1,0,0,Attack
43.92717995331623,35.43174649962111,403.2140100879512,Medium,HTTP,1483.5642011773255,1,0,0,Normal
78.76206900473335,59.861511280804706,706.7702697848415,High,FTP,3450.878105051632,0,0,0,Attack
79.95561157920747,64.43676083064729,752.1775999142226,High,DNS,3703.7830964187724,1,0,0,Normal
58.6584100262553,52.167760174549514,324.4288161951917,Medium,HTTPS,1434.3237777694837,0,0,0,Normal
67.80965231735536,52.6716759579846,590.3191755655006,High,HTTPS,2013.8838372167868,1,0,0,Normal
61.980567866703495,53.74743187102647,556.7152225874247,High,HTTPS,2438.196506143732,1,0,0,Normal
58.00890849073767,43.93407231012975,699.1071975729975,Medium,FTP,2277.210197601571,2,0,0,Attack
61.77200158170308,54.13065615595708,319.32642055625837,High,HTTPS,1482.404681973377,0,0,0,Normal
96.80450502084568,69.81856498954879,1037.3057231054904,Critical,FTP,4273.312195685742,0,0,1,Attack
63.02733825330506,53.461132406157546,588.0810899066342,High,FTP,2131.4735760529115,0,0,0,Attack
90.14975525853515,77.46421692857305,1031.5352377257757,Critical,FTP,5097.312366950838,4,1,1,Attack
47.21030331304064,39.853002406482446,239.00655715538915,Medium,HTTP,783.4426155090136,0,0,0,Normal
82.88927719637286,58.58427177300218,706.8671516261794,Critical,DNS,3117.014588715058,1,0,0,Normal
36.36978043898125,30.768034073422427,261.5327630899364,Low,HTTP,795.4116848543158,0,0,0,Normal
74.4663976985612,55.57381203788409,446.68336126785437,High,DNS,2215.37442394881,1,0,0,Normal
77.785115577135,67.59194333319371,590.5941771943263,High,DNS,2404.7516006966803,0,0,0,Normal
73.2476998223865,51.45678198368364,534.6710221793304,High,DNS,2145.368223824382,0,0,0,Normal
32.033234289920074,26.94359918450457,175.92523003322887,Low,HTTP,552.0372123333065,0,0,0,Normal
83.7933996470747,65.99881875182263,624.4016728120207,Critical,SSH,2000.5114030054349,3,1,0,Attack
43.88814454076055,32.47451527777991,240.90355073629345,Medium,HTTP,746.3867231581733,0,0,0,Normal
80.68718738162715,64.84873593465143,540.472405008887,Critical,DNS,2696.0015563656343,1,0,0,Normal
30.751117544132285,24.354260623644507,298.4858949349701,Low,HTTP,940.0407606347208,0,0,0,Normal
82.3341752566921,59.25412634636603,1007.7148411011402,Critical,SSH,4368.254696063694,1,0,1,Attack
66.29123187434743,46.575843052311306,766.968011016817,High,FTP,2804.129647740591,3,0,0,Attack
41.98146413516952,30.208240696483777,253.09752444496436,Medium,HTTP,1186.2040666390435,1,0,0,Normal
61.111648722871905,46.92975476160739,516.3341085993704,High,HTTPS,1719.1127045336202,0,0,0,Normal
57.59390781840011,51.158377481277796,325.0185344504915,Medium,HTTPS,1266.0390498181855,0,0,0,Normal
45.903515745303594,40.96466724381257,617.9843715482273,Medium,FTP,2381.361961344473,0,0,0,Attack
40.77829632398789,34.33970476247401,518.0326395244435,Medium,FTP,2202.204871876961,4,0,0,Attack
45.86841706535779,33.99545477418456,500.9490164925054,Medium,FTP,1658.8307687716324,1,1,0,Attack
50.38040574436309,42.21682377639193,496.4336019390645,Medium,HTTPS,2478.8786471277917,1,0,0,Normal
86.47806731183664,62.759830743296696,492.473707224335,Critical,DNS,1880.348341441355,1,0,0,Normal
97.72241676066187,84.45451080406367,1032.9904415561105,Critical,SSH,3755.8882229957253,2,1,0,Attack
72.6322175623136,58.9746481986243,370.6687599995756,High,DNS,1648.9316143967028,0,0,0,Normal
42.34550666362338,32.28614193219494,419.17902968259415,Medium,HTTP,2093.8344460439457,0,0,0,Normal
71.38835120109434,63.831762664117356,548.2178468906798,High,DNS,1723.1124197162578,0,0,0,Normal
37.71935715325526,27.451818631931477,284.07404036486787,Low,HTTP,1091.1979780506601,0,0,0,Normal
79.26859037135728,66.66186174972934,423.67241260779883,High,DNS,1344.5129225957721,0,0,0,Normal
63.58879645122215,44.775073260195065,350.3560501917454,High,HTTPS,1671.5511174335595,0,0,0,Normal
48.73365659783303,43.66344651896775,255.64217780829765,Medium,HTTP,905.2231695302545,1,0,0,Normal
88.24444712685363,71.22870801922723,879.848242317591,Critical,DNS,3996.709901395293,1,0,0,Normal
38.33737929620838,30.71783051964681,206.00246647348195,Low,HTTP,867.0426843781416,1,0,0,Normal
72.28856008703588,51.598910187709265,602.6719497474326,High,DNS,2367.979041854224,1,0,0,Normal
31.240387107536662,22.50521685616946,207.4458035332527,Low,HTTP,661.4001204641465,1,0,0,Normal
88.788243488234,63.02438387808117,818.3494786296038,Critical,DNS,2985.4724001526647,0,0,0,Normal
72.15248779393733,64.85232743821558,620.1904663889411,High,FTP,2182.1840677707396,1,0,0,Attack
60.375041932129534,43.16431570767993,437.0070246176445,High,HTTPS,1661.2931068251482,1,0,0,Normal
34.13724436722987,28.45275245099461,243.52093056884667,Low,HTTP,792.9760886468025,1,0,0,Normal
46.11656198786477,35.307408669377516,574.8230672435297,Medium,SSH,2266.069093713412,2,0,0,Attack
32.94840871505585,28.621449098196393,190.39043875619868,Low,HTTP,938.6516906067524,0,0,0,Normal
89.64694948605029,65.7063546916522,894.9844960672056,Critical,DNS,3715.504450080907,1,0,0,Normal
34.48092287639156,27.223663125556236,242.93275723417392,Low,HTTP,1143.954215534652,1,0,0,Normal
70.0443692371482,55.00888277645165,461.5813707599739,High,DNS,2283.4170345960915,0,0,0,Normal
49.68370026370394,40.99448261104682,428.33949990934093,Medium,HTTP,1737.4450780413056,0,0,0,Normal
80.60241038394452,58.931456395325846,805.0334914383841,Critical,DNS,3180.398520587234,0,0,0,Normal
39.88373860465799,35.86893783104471,213.688720170172,Low,HTTP,735.786620741698,0,0,0,Normal
56.85847872879094,44.45292534199228,403.87216642060656,Medium,HTTPS,2008.7911708442073,0,0,0,Normal
55.60301866753434,42.45811505638178,302.12913646847056,Medium,HTTPS,1237.6655586151678,0,0,0,Normal
67.53278676987975,57.05528689243639,636.6665047501479,High,HTTPS,2545.8319564965427,1,0,0,Normal
39.34129307526746,35.38782341669736,249.91333971716492,Low,HTTP,811.8961255062374,1,0,0,Normal
89.80122039152775,64.14605560939316,795.3018694436036,Critical,DNS,3610.4857943514003,1,0,0,Normal
54.5451004098868,42.77014941103383,437.5737057646414,Medium,HTTPS,2143.2418325077983,0,0,0,Normal
49.078111623312,35.20605040266171,359.3909528730747,Medium,HTTP,1305.6274237982311,1,0,0,Normal
73.4559417199273,64.42825684242523,401.8596819028925,High,DNS,1402.3122029415433,1,0,0,Normal
89.85251869322383,67.75758111904189,594.860319159555,Critical,DNS,2360.249368441562,0,0,0,Normal
34.29348731471691,29.295208656931216,215.9264397699667,Low,HTTP,844.2988886515809,1,0,0,Normal
65.23734903574223,53.55265271742857,656.9101522707397,High,SSH,2181.3845857148785,0,0,0,Attack
35.20418719170266,27.91387288928152,198.57761500457934,Low,HTTP,706.5625764565282,0,0,0,Normal
93.1302056738059,66.94481560149951,885.0198750958353,Critical,FTP,3958.709199885983,4,0,1,Attack
46.22932146303356,35.3569392207468,454.21936857904495,Medium,HTTP,2085.5781851416828,1,0,0,Normal
76.27497479114027,57.347879851780824,600.9464111827151,High,DNS,2729.4575712381043,1,0,0,Normal
66.26684027927695,51.698240770787365,614.4482710481471,High,HTTPS,2083.0626193355743,0,0,0,Normal
57.87402961992484,41.995105553597305,571.0638353855652,Medium,HTTPS,2843.354853095827,0,0,0,Normal
35.64909617824014,28.31323507724127,272.3799151851193,Low,HTTP,1227.0922725894065,0,0,0,Normal
49.444894074549666,44.15498712675766,364.73536040346175,Medium,HTTP,1198.4959133799207,0,0,0,Normal
45.55712411107379,37.13576915436395,278.2701730293316,Medium,HTTP,1315.1206344336813,1,0,0,Normal
54.045748459902825,47.06808330208235,536.9214322215914,Medium,HTTPS,1819.3198555388765,0,0,0,Normal
37.688862324212096,33.72001277377474,291.75689430115926,Low,HTTP,897.4513615496902,1,0,0,Normal
58.266083400931166,46.94051796922094,436.80479736124374,Medium,HTTPS,2089.339873262768,1,0,0,Normal
87.9042272404331,69.88949753305218,494.17792746800353,Critical,DNS,2120.7683806471787,1,0,0,Normal
64.54420606416534,48.04195483021258,571.1787509216322,High,HTTPS,2754.3081311201654,1,0,0,Normal
81.2680070681381,72.92852141363332,791.9594319420702,Critical,DNS,2694.032255892977,1,0,0,Normal
88.40830973116681,71.57959926684332,581.923155909421,Critical,DNS,1770.9010281653184,1,0,0,Normal
61.68700844136765,49.3415254702963,383.93328498560305,High,HTTPS,1313.7668217426592,0,0,0,Normal
68.51923756257747,49.66761262793164,708.3677115538178,High,FTP,2238.8184207822883,0,1,0,Attack
53.297912050165905,45.51517915363508,587.7586685414558,Medium,SSH,2424.050385609814,1,0,0,Attack
89.21487573512422,79.38351512449889,517.5966480003462,Critical,DNS,1670.6154046827057,1,0,0,Normal
72.89435965183657,55.63945527856797,666.1809247350056,High,FTP,2973.7001953419667,1,0,0,Attack
59.96069861546857,44.90790606312435,520.6113569522039,Medium,HTTPS,2219.941867278526,1,0,0,Normal
47.46131916268496,37.81593143687005,626.1511442365173,Medium,SSH,3024.7902929861057,3,0,0,Attack
76.19303310115356,60.26962460001032,674.6763033125328,High,DNS,3018.170641175493,1,0,0,Normal
86.94039913316374,63.64623357272286,519.4982378052582,Critical,DNS,2495.9099098825454,1,0,0,Normal
48.98666869830777,37.024702000938504,487.3008951598147,Medium,HTTP,2168.4307097089672,0,0,0,Normal
54.68670529235169,46.33613992644392,679.2026726057493,Medium,FTP,2224.316892221771,4,0,0,Attack
69.03211354438099,59.30939559631003,594.5069453797228,High,FTP,1838.1049949569774,4,0,0,Attack
57.303683080826886,48.94841485878414,533.7919403624081,Medium,HTTPS,1985.977278395575,0,0,0,Normal
39.62022560503101,29.279881788385758,236.57518492574198,Low,HTTP,1137.3875713912269,0,0,0,Normal
46.74353850612533,41.97125255106371,242.60183054623946,Medium,HTTP,873.2245373806409,0,0,0,Normal
74.19051858436433,63.0996013695288,701.7003647889883,High,DNS,3382.103775682176,1,0,0,Normal
77.74697840381123,56.64592663010162,639.7619450706592,High,DNS,2871.539421886276,1,0,0,Normal
86.25795181302237,75.26917841671668,1024.2265165454114,Critical,SSH,4486.604480283661,1,0,0,Attack
41.70405146305711,30.81274002465725,250.4046916330348,Medium,HTTP,1239.027736273351,0,0,0,Normal
89.37147181677574,63.239472620913595,456.5065907844192,Critical,DNS,1732.3217196683192,0,0,0,Normal
75.15228592630592,66.00801671491779,455.0212143032541,High,DNS,2099.8671362415316,0,0,0,Normal
38.577986410818994,31.986967135614425,208.3723809684067,Low,HTTP,1010.0196330213332,1,0,0,Normal
81.78170302446233,72.1490239052499,638.7615866399269,Critical,DNS,2457.6010261325505,0,0,0,Normal
41.65285345443408,30.830318012583273,231.96885783479794,Medium,HTTP,888.0776454968801,0,0,0,Normal
32.28073568228865,22.735926040989664,279.53524669698743,Low,HTTP,851.8567107173983,0,0,0,Normal
93.49704164545983,69.39221656606189,962.9605720835593,Critical,SSH,3897.4557249717345,4,0,0,Attack
68.745230984714,49.22523875575333,658.3674079635718,High,HTTPS,2934.833940938503,1,0,0,Normal
84.66442212753464,68.78330152049706,735.2066201975618,Critical,DNS,2793.023803728087,1,0,0,Normal
52.051903692336055,37.62123970403048,695.073816063359,Medium,SSH,2437.393765142746,2,0,0,Attack
31.29561232519336,26.487988738306765,269.915300110417,Low,HTTP,977.4906859982542,1,0,0,Normal
42.65586807290674,35.251260351326614,242.59396704321577,Medium,HTTP,772.6483952734742,0,0,0,Normal
34.81594308716012,30.745148175482072,182.07120729990126,Low,HTTP,848.011299792713,0,0,0,Normal
63.72682099058693,53.99898031273019,433.4233438367585,High,HTTPS,1532.2120995547584,1,0,0,Normal
36.8291860739555,32.426119531694795,350.588196827098,Low,HTTP,1340.6995222273738,0,0,0,Normal
73.91408031646279,62.45651396778275,480.3333233037886,High,DNS,1758.1306734256561,0,0,0,Normal
67.92317172687035,49.413388794947956,648.6440306687584,High,HTTPS,3061.132220567715,0,0,0,Normal
84.92301040227176,60.22582081111398,740.6241623915115,Critical,DNS,3094.619910078639,0,0,0,Normal
74.20527561247582,57.29024370676649,627.123753689617,High,DNS,2832.6792503120587,0,0,0,Normal
84.13388120970922,74.10277831915712,830.4226775515442,Critical,DNS,3477.5245064280934,1,0,0,Normal
83.49641245771636,63.45238443579501,783.3759488446824,Critical,FTP,3496.366541908519,3,1,1,Attack
48.24682595939521,42.553068051235385,636.0159066830211,Medium,FTP,2345.969582070943,1,0,0,Attack
32.75442495207244,27.803429436472815,315.03089125069584,Low,HTTP,1031.489631757682,0,0,0,Normal
51.6152452796814,43.256056649544455,367.4291228422387,Medium,HTTPS,1672.0344253582616,0,0,0,Normal
84.23164100007853,75.37132415593075,595.6092595272811,Critical,DNS,2126.2237329547374,1,0,0,Normal
47.982433860597666,37.401037571624606,245.59851681358424,Medium,HTTP,920.0544031060867,1,0,0,Normal
94.59606744108896,81.4933527234459,920.6725525312341,Critical,SSH,3430.918332189431,2,0,1,Attack
74.65349622674694,66.04733470368026,645.3318605770161,High,DNS,2014.8712098190229,0,0,0,Normal
71.41442076943349,56.042084578895114,499.71605999592856,High,DNS,1986.9311331385393,0,0,0,Normal
88.44303373785806,69.23705222334667,554.2435151395663,Critical,DNS,2247.1287105493,0,0,0,Normal
63.842061953037046,44.99207757789787,618.4004352829943,High,SSH,2642.844536502626,4,1,1,Attack
78.44632317573996,63.128642434611535,428.50221590914185,High,DNS,1539.965342359653,1,0,0,Normal
85.41557211094187,72.24231175547717,781.0358215809708,Critical,DNS,2752.5860699537266,1,0,0,Normal
55.42339477833593,43.22450848352513,351.26513057111464,Medium,HTTPS,1293.2990311445049,1,0,0,Normal
64.85304369554797,48.683032908603586,657.8857305434954,High,FTP,2989.3902269998857,4,0,0,Attack
31.42210731380146,23.948270924271945,208.97511953083236,Low,HTTP,933.083600785209,0,0,0,Normal
61.421037515756325,44.13067644709384,571.1049536111909,High,HTTPS,2380.091144821955,1,0,0,Normal
73.7323463512439,63.834372198975174,585.8762061494549,High,DNS,1830.789326620587,0,0,0,Normal
53.96893309982261,40.66634540840596,474.51350847760636,Medium,HTTPS,1762.5594440206391,0,0,0,Normal
55.20006834442029,43.18932477734537,639.8970723543246,Medium,SSH,2029.3474144177032,3,0,0,Attack
58.64415825242759,44.92277688744038,707.7416849203253,Medium,SSH,3471.7475683176917,4,0,0,Attack
35.54834417656821,30.99559345988214,238.93278902288642,Low,HTTP,1061.4445712731065,1,0,0,Normal
79.72741418623627,65.20422438902557,453.3000123017578,High,DNS,2190.5056950878416,1,0,0,Normal
46.054193066156586,39.22407170137106,408.8036354633346,Medium,HTTP,1791.9487417862836,0,0,0,Normal
54.724300563539146,44.80637477390995,351.5803572178629,Medium,HTTPS,1713.7414144408917,1,0,0,Normal
59.8069145817135,50.61581090595747,610.6002563041384,Medium,SSH,2104.735679624649,3,0,0,Attack
81.57837315229699,62.721851708918436,556.0656890278799,Critical,DNS,2298.1653198499343,1,0,0,Normal
75.35183432657504,54.81280177234244,599.7838494117445,High,FTP,2045.3773698354062,3,0,0,Attack
75.50814653310226,64.56423126062448,561.8033052109912,High,DNS,2243.083822975877,0,0,0,Normal
75.62967993653729,57.250381118758064,777.5095332685138,High,FTP,3404.5022533902666,4,0,0,Attack
73.89611515639217,57.24120530889143,604.7802762418213,High,DNS,2941.976531934558,1,0,0,Normal
50.65617498337815,39.13967002622306,328.48412756509424,Medium,HTTPS,1548.3805934706786,0,0,0,Normal
38.22747486723529,27.226467371672587,241.24177626258717,Low,HTTP,1013.3515122215762,1,0,0,Normal
86.5189356051269,69.00854321655915,780.0730223993511,Critical,SSH,2519.5289455210373,1,0,0,Attack
47.09489647502778,37.93214572952738,417.25317100648095,Medium,HTTP,1918.04758462765,0,0,0,Normal
52.38517419114942,43.341808026200994,453.79264537521385,Medium,HTTPS,1990.747100708356,0,0,0,Normal
51.796044839938986,39.33305071111286,410.16248100420574,Medium,HTTPS,1731.41209734847,0,0,0,Normal
33.666747277165996,25.33179101230113,178.84399028759185,Low,HTTP,779.6835650282738,0,0,0,Normal
59.28360676389275,45.54066793165222,402.3068225262503,Medium,HTTPS,1551.3881886144736,0,0,0,Normal
61.632205835558125,52.658158211092534,334.5650932784661,High,HTTPS,1559.9050067008154,1,0,0,Normal
78.21034975306247,66.20542379860831,963.6044035062257,High,SSH,4487.211290991872,2,0,0,Attack
47.81498567695962,39.05298374617161,411.500544235242,Medium,HTTP,1285.1809545616193,1,0,0,Normal
45.72829032535083,32.58083070225172,438.1173817639851,Medium,HTTP,1816.9916790709492,1,0,0,Normal
50.45494573074393,38.92324476974463,426.77281476577986,Medium,HTTPS,1478.229822160255,1,0,0,Normal
76.31806048735598,54.73046959401364,739.2157143057399,High,DNS,2864.0656436639206,0,0,0,Normal
73.95139137329807,65.85658333200905,452.396606101517,High,DNS,1532.5410196766081,0,0,0,Normal
75.02559099368227,63.339904791865,787.6196686438032,High,SSH,2913.6642938915215,0,0,0,Attack
33.74622014365741,29.805853026860063,203.33707395717332,Low,HTTP,653.7177614476439,0,0,0,Normal
51.43367338532698,43.11889173126367,384.80742378044647,Medium,HTTPS,1231.299845286806,0,0,0,Normal
35.14096104321652,31.185475689497874,296.8293149105698,Low,HTTP,1264.6525533596441,0,0,0,Normal
97.16164000041317,72.35621914452372,1138.7120832423238,Critical,SSH,4444.345339697559,1,0,1,Attack
83.2731989963213,67.72528148148463,973.1323421413583,Critical,FTP,4817.141396022588,3,0,1,Attack
84.97059137269389,62.96482951097476,679.8845320807769,Critical,DNS,2736.4478682142685,0,0,0,Normal
71.50191825632646,57.14897886783549,398.59869414205104,High,DNS,1609.7198963357205,0,0,0,Normal
86.23183968542435,72.25130730786924,775.40610994033,Critical,DNS,2357.720809801138,1,0,0,Normal
53.40983276182669,47.34534829509892,652.235625998376,Medium,FTP,2023.3747857145258,1,0,0,Attack
63.98707734697382,55.75651623280058,515.3012849242848,High,HTTPS,1674.3281962348733,0,0,0,Normal
42.30572422922705,34.693079762748994,355.32300126649693,Medium,HTTP,1344.6863247221756,1,0,0,Normal
59.779492333182134,43.2197536190123,426.86015292340284,Medium,HTTPS,1442.8136900098416,0,0,0,Normal
71.3618203140868,61.348641097200975,653.404139299613,High,DNS,2478.1204089677567,1,0,0,Normal
95.93613486618779,80.46076457412212,1077.0228330818,Critical,FTP,3818.454314807901,1,0,1,Attack
81.41145311477885,66.93066330211026,432.12331526058193,Critical,DNS,1955.7308510423738,0,0,0,Normal
66.01691895004478,55.187330257233384,519.4328992444048,High,HTTPS,1727.8903834907678,1,0,0,Normal
36.89588819921482,28.986263422349143,227.25463553951178,Low,HTTP,877.7084168170137,1,0,0,Normal
87.90530914367991,76.1478494859217,831.701904834313,Critical,FTP,3935.147591928221,0,1,0,Attack
81.60727400478208,70.64492370737865,687.1148453287519,Critical,FTP,2518.991430964158,3,0,0,Attack
66.63850382727105,47.467654918921234,449.6981174317002,High,HTTPS,1630.9783480812162,0,0,0,Normal
80.78721243713517,65.8195343869807,647.3483311451973,Critical,FTP,2607.197843491823,2,0,0,Attack
55.686941042113176,41.56328170706839,306.2478181028764,Medium,HTTPS,992.6028616499212,0,0,0,Normal
89.87457490693487,70.77142225963198,932.5986498913542,Critical,FTP,4634.30185930474,4,0,1,Attack
79.70083391061053,58.87982817208703,578.420416844877,High,DNS,2172.6686540993815,1,0,0,Normal
33.69472088670591,25.942674221353634,332.74716743944134,Low,HTTP,1028.3511523086734,1,0,0,Normal
64.41814144112868,46.47734274026721,487.14149836676535,High,HTTPS,1973.9580228914406,1,0,0,Normal
43.91218261909671,31.615813940075594,333.56215277536273,Medium,HTTP,1400.3169540037004,1,0,0,Normal
56.233959380333545,46.45227541211573,286.8813497153273,Medium,HTTPS,960.8003092519803,1,0,0,Normal
41.62815098568899,32.89855253740306,218.7782516314002,Medium,HTTP,985.8309500004115,0,0,0,Normal
50.979870484006824,45.62769813610197,286.6625969833073,Medium,HTTPS,1007.6571114325457,0,0,0,Normal
46.448387211275985,37.27423381892126,523.3278634981887,Medium,SSH,2128.8637595404125,3,0,0,Attack
35.9934582230926,28.93315239514196,214.16663597717988,Low,HTTP,764.6923500847323,0,0,0,Normal
67.81613774306607,47.74681353230135,473.4635214374047,High,HTTPS,2257.410134346497,1,0,0,Normal
57.0887374895392,40.545645650005305,363.28120769268156,Medium,HTTPS,1624.5163389441486,1,0,0,Normal
88.50420196977211,64.15865950668477,780.1341903305018,Critical,DNS,3492.1563838436496,0,0,0,Normal
70.74614463603439,55.071667829509835,611.4761891832189,High,SSH,2797.1805602603845,0,0,1,Attack
61.153424734657165,45.13160528451144,437.5870734417971,High,HTTPS,1996.4829978757077,1,0,0,Normal
41.21881216473412,32.12029691541356,584.5138026504267,Medium,FTP,2826.627478680118,0,0,0,Attack
33.0664335891197,24.949877913083537,220.39119760756623,Low,HTTP,750.784041740787,0,0,0,Normal
47.47665561211761,40.47794534340896,511.78268552829667,Medium,FTP,1591.1849483244523,0,0,0,Attack
53.532165375945624,39.2203084388983,405.1720810854071,Medium,HTTPS,1741.6968364751376,1,0,0,Normal
41.40185352007393,32.55106663071394,231.97202801093044,Medium,HTTP,798.2448177077935,1,0,0,Normal
53.77891231102694,46.95673416679888,533.652853571258,Medium,HTTPS,2181.311986102094,1,0,0,Normal
46.36137501045596,35.540821758895945,319.4542336103962,Medium,HTTP,1587.1967805102927,1,0,0,Normal
85.77588493666553,65.41980400265192,648.2836610358845,Critical,SSH,2466.9271729764,1,0,0,Attack
49.794817733200034,39.97280870259837,579.9499636637154,Medium,SSH,1904.1086761831937,1,1,0,Attack
55.866734432056546,40.4540817084543,446.6641875320893,Medium,HTTPS,2136.170733338897,0,0,0,Normal
81.94319752263254,73.49677958743705,481.23618414334777,Critical,DNS,1617.1899801223233,0,0,0,Normal
49.98124031619227,38.76650046061541,438.0947942320834,Medium,HTTP,1659.6693380872591,0,0,0,Normal
48.8048816434457,34.60504311988685,306.87690261626386,Medium,HTTP,942.3966950695941,0,0,0,Normal
60.825113067621714,48.97713859430558,466.51874103408795,High,HTTPS,1870.7176265689275,0,0,0,Normal
37.235258797809365,30.52572231863495,239.28759195045387,Low,HTTP,957.949885629373,1,0,0,Normal
89.07705023520975,65.46380069675119,839.0757411077782,Critical,DNS,3807.066137535043,0,0,0,Normal
52.686305193929,44.81536007862269,457.28913056406464,Medium,HTTPS,2144.748969047299,0,0,0,Normal
32.714642191131134,24.585488219631863,284.31914911203296,Low,HTTP,1031.8475426640712,1,0,0,Normal
61.56373637903016,49.66922266559784,550.144593051234,High,HTTPS,1880.649949516927,1,0,0,Normal
65.94207187648863,49.921765002039116,587.2935544487639,High,HTTPS,2108.3579115107714,1,0,0,Normal
50.47362544188218,44.254593198500466,684.0245233256068,Medium,FTP,2565.624931894834,1,0,0,Attack
75.18221431735583,63.69277383848631,452.333270485467,High,DNS,1373.9832880341055,1,0,0,Normal
45.45398549060337,38.5284047282731,239.66781301430032,Medium,HTTP,779.5268103120258,1,0,0,Normal
62.03805155586451,53.19435212054708,511.6060283474924,High,HTTPS,1571.863919127984,0,0,0,Normal
47.11645349365426,40.3433768993046,287.5429183127299,Medium,HTTP,1166.8703175284622,0,0,0,Normal
83.03594884098857,73.3694098621012,640.9360435376618,Critical,DNS,2425.0648718586945,1,0,0,Normal
74.1536229684425,54.922601795251566,735.6899123030483,High,DNS,2834.006214217261,1,0,0,Normal
74.29060386511992,52.81395352707928,521.0224043806522,High,DNS,2320.141985643191,1,0,0,Normal
77.23415284559451,64.09399402362577,440.85818950864075,High,DNS,2179.6414969586217,0,0,0,Normal
76.87444984418107,57.20324147285534,726.9436964190812,High,DNS,3328.9635285158824,1,0,0,Normal
95.07582879290567,76.89268249058644,761.0641519787374,Critical,FTP,2704.9385786172597,1,0,0,Attack
52.19791668961989,46.81351238251664,563.8690022674276,Medium,FTP,2321.6837280188447,1,1,0,Attack
43.273082109953975,33.776027941810746,424.03853081542064,Medium,FTP,2038.5176845404699,0,0,0,Attack
68.95978655360523,50.22499335433072,518.9140698327133,High,HTTPS,1958.143484362558,1,0,0,Normal
43.23375941734412,37.97004201143491,324.6143317960303,Medium,HTTP,1288.2786056264047,1,0,0,Normal
62.62533432574401,46.09532245684523,553.7980117458193,High,HTTPS,2299.4293155562787,0,0,0,Normal
89.05391259700991,69.35856673795269,821.5529898003853,Critical,DNS,3370.8107481466627,1,0,0,Normal
54.15961813851027,38.29587289983209,355.98949691671476,Medium,HTTPS,1544.3960486744395,1,0,0,Normal
48.49687708338024,38.845764385760916,493.2199804665107,Medium,SSH,1846.8881079883922,0,0,0,Attack
93.47495006091776,74.81119229458305,805.2399764086684,Critical,SSH,3274.2946033550215,4,1,0,Attack
40.814737133769086,34.84441422450294,280.68082154851663,Medium,HTTP,1025.7449677470897,0,0,0,Normal
53.65138503846538,46.62379211974944,273.29296333398435,Medium,HTTPS,1030.0563029762718,1,0,0,Normal
32.127822625479894,24.510918737514693,180.9222303342403,Low,HTTP,590.0008644998229,1,0,0,Normal
60.29855150656658,44.73226843919666,312.40843293018867,High,HTTPS,1368.5201459652353,0,0,0,Normal
60.10023726943473,45.61581454079803,459.4773681133014,High,HTTPS,2034.5652717173764,0,0,0,Normal
76.11641778043122,58.996154520903175,529.6998688084203,High,DNS,1599.32478263891,0,0,0,Normal
80.70412955596112,56.7959054757187,575.4557315763271,Critical,DNS,2353.0921487871165,0,0,0,Normal
48.87562929405249,35.44719796434643,421.92572224406695,Medium,HTTP,1938.7008375154162,0,0,0,Normal
42.553945268446114,30.09589847847954,419.59121697037205,Medium,HTTP,1304.0562905426175,0,0,0,Normal
47.69867448092555,38.435942823888546,426.83118918107755,Medium,HTTP,1974.8169458626185,1,0,0,Normal
52.52337501386137,40.88225198723679,335.38186375201354,Medium,HTTPS,1021.3581131988672,0,0,0,Normal
31.126391381258145,24.440986912557914,242.58484199991548,Low,HTTP,1145.197665101192,1,0,0,Normal
37.57590731620439,31.763125180073704,357.6651332112293,Low,HTTP,1460.571920899992,1,0,0,Normal
32.172325893334346,28.775210027207823,223.07815711401966,Low,HTTP,843.0281141528543,1,0,0,Normal
61.742207150382455,52.97108852232078,458.2265275308577,High,HTTPS,1649.8057767943612,1,0,0,Normal
63.508901378372684,47.97559695292151,700.4673363091733,High,FTP,2101.5099436522287,2,0,0,Attack
55.56524699430156,45.10462719195118,431.0438241758073,Medium,HTTPS,1560.8298662284417,1,0,0,Normal
73.59168239998326,64.81504900496472,614.1813050419479,High,DNS,2368.633483523239,0,0,0,Normal
98.32262724128668,76.43149677160947,874.6290295501402,Critical,FTP,3360.538839068369,1,0,1,Attack
77.38189951633103,61.66287819781183,593.177632259435,High,DNS,2912.514715459452,0,0,0,Normal
46.624595505563775,38.008875153888276,309.4111867935557,Medium,HTTP,1168.6400459258784,1,0,0,Normal
63.52250533454935,51.47212239377138,439.74333159715894,High,HTTPS,2156.214097661015,1,0,0,Normal
84.22163575232844,70.22668775286344,476.0784738434833,Critical,DNS,2233.3133191769475,1,0,0,Normal
53.206228055860265,41.205842619086404,449.66552382378103,Medium,HTTPS,2003.5858297720426,0,0,0,Normal
59.05930941175029,47.63862413604321,506.1381163974964,Medium,HTTPS,2134.748146901803,1,0,0,Normal
64.56324870005119,49.41986753426641,325.9320201586906,High,HTTPS,1302.3663293874283,1,0,0,Normal
63.08922698823153,49.01436958612249,487.2212634008792,High,HTTPS,2192.0982363389726,1,0,0,Normal
70.14957424733439,50.93612819125279,630.4494070622693,High,DNS,2502.58206925295,1,0,0,Normal
52.336574822547846,43.86091791160979,275.8033928544595,Medium,HTTPS,1046.82565303764,1,0,0,Normal
61.987036136415554,52.242667117625416,562.0199007842863,High,HTTPS,2024.828502328189,0,0,0,Normal
59.6346692397492,41.85938554398887,504.9357401473472,Medium,FTP,2187.3683105805253,3,0,0,Attack
63.071660215136944,51.019254103581126,786.6946262504836,High,SSH,3601.2560434872266,2,0,1,Attack
37.83223378517505,32.516375832782636,291.65148878556994,Low,HTTP,1298.7531239870689,0,0,0,Normal
71.4164409516161,50.76224094759482,496.1783357972519,High,DNS,1733.9641264898705,1,0,0,Normal
72.8399664213066,62.836804051154104,473.53539837801316,High,DNS,2228.445706596304,0,0,0,Normal
40.579111501574516,28.5894400684194,402.9111895545142,Medium,FTP,1786.9673099734061,4,0,0,Attack
62.67279755862546,54.655774495321154,410.6708409145766,High,HTTPS,1952.5307065337843,0,0,0,Normal
87.84659730183193,71.01193532334571,827.3499890958149,Critical,FTP,3713.9754061731037,0,0,1,Attack
43.23762541731412,33.63485424616378,507.2297898128879,Medium,FTP,2050.832778554429,3,1,0,Attack
78.80079496895632,59.891876364245334,770.2819358721474,High,DNS,2985.085616736066,0,0,0,Normal
31.36076427383159,21.95301822841323,217.72058395630097,Low,HTTP,925.7143619216621,0,0,0,Normal
81.62438868726895,62.206328735023625,796.5207594545114,Critical,DNS,3176.7823058250237,0,0,0,Normal
72.50888766706339,56.96711855716986,869.0868785574569,High,SSH,3359.086828476424,0,0,1,Attack
63.372119223931804,49.697967232932825,747.4915113329502,High,FTP,3387.804794235618,0,0,0,Attack
48.012457442237064,42.77920108981355,386.2264431700051,Medium,HTTP,1234.7826241150353,0,0,0,Normal
40.00462268770207,31.11151740332929,499.6168196438947,Medium,SSH,2361.690760640691,4,1,0,Attack
48.631404420157196,43.29822633310448,425.4256114503161,Medium,HTTP,1281.2759425609233,1,0,0,Normal
55.69711406446004,48.40670342948945,413.4843544215461,Medium,HTTPS,1341.9976114978233,0,0,0,Normal
55.267343943414744,46.732545125068064,386.2566011294433,Medium,HTTPS,1647.7906220872162,1,0,0,Normal
87.30063426526613,71.74120458560255,568.058704617316,Critical,DNS,2218.827332507843,0,0,0,Normal
53.30941761058057,42.625261294925934,444.06393411908294,Medium,HTTPS,1513.8656238652306,0,0,0,Normal
97.1004067188187,82.52742478080485,1068.4915634016463,Critical,FTP,3977.7284216038097,4,0,1,Attack
80.73183993052226,64.33940819756148,696.9377076164386,Critical,DNS,2099.968112505201,1,0,0,Normal
83.67174423787219,65.22672916680294,721.8269754446965,Critical,SSH,2299.1824954981153,2,0,0,Attack
66.53155795276689,50.58241404777719,616.4107122353325,High,HTTPS,1902.6773293196095,1,0,0,Normal
59.87465933110798,49.88740825829749,514.1945101899668,Medium,HTTPS,2374.5195638584796,1,0,0,Normal
74.97552760964027,64.31179694368028,703.737308616071,High,DNS,3219.9925176862826,0,0,0,Normal
59.08562564509339,49.945667768309384,515.3746027042253,Medium,HTTPS,2042.3326780297266,1,0,0,Normal
63.86650927714072,47.865642649296746,685.8968093980178,High,SSH,3315.1166856355526,2,0,0,Attack
48.08310343651101,41.86102924008155,345.6352457427396,Medium,HTTP,1289.18619668983,0,0,0,Normal
69.95920886540262,59.011568230202954,568.7414080014772,High,HTTPS,2227.2676625309923,0,0,0,Normal
77.33115455426741,67.69948757465656,577.7262279015014,High,DNS,2668.1810517365366,1,0,0,Normal
73.59298758203295,62.47309876748038,527.1237545831112,High,DNS,2393.0344591654575,1,0,0,Normal
44.83916777848208,36.06505085226793,395.95583523320477,Medium,HTTP,1569.7363688056646,0,0,0,Normal
81.17924747944926,63.93121955732278,445.8857843067971,Critical,DNS,1825.0910633515941,1,0,0,Normal
73.05418337593437,60.283186010625826,680.6831045144093,High,DNS,3374.111621973283,1,0,0,Normal
82.63472192367772,66.01128747351608,415.6011780679546,Critical,DNS,1560.6937734245828,1,0,0,Normal
74.6700473241799,58.72855964623297,419.19439094622993,High,DNS,2032.7843031521772,1,0,0,Normal
61.29607643772033,52.2992332297213,500.49038353844384,High,HTTPS,2090.404560998549,0,0,0,Normal
56.25946855509028,40.49018256463744,408.72257109017124,Medium,HTTPS,1456.9800727928216,1,0,0,Normal
67.5553755781948,58.955604042611,406.871901724898,High,HTTPS,1354.8627024841012,0,0,0,Normal
69.64969907377963,48.83663359728836,674.0970323224748,High,SSH,2956.4026938252055,4,0,0,Attack
65.95227973244619,47.786268813338665,531.9272752970223,High,SSH,2511.7072987499073,2,0,0,Attack
75.96695385320345,62.79467665085676,415.0125240476499,High,DNS,1512.6154997295073,1,0,0,Normal
35.91129602471483,28.391407623580164,187.34060073889117,Low,HTTP,903.0865125328243,0,0,0,Normal
81.81012334556726,60.6140723509529,739.960360755519,Critical,DNS,3239.899651976348,0,0,0,Normal
40.35252519421192,31.16325188533152,560.7072215581052,Medium,FTP,2544.461757682247,2,0,0,Attack
37.367476941799396,26.206319862374357,276.7820259837586,Low,HTTP,1351.06842464038,1,0,0,Normal
77.98155039439735,56.031511157661626,947.3086310778842,High,SSH,3211.3529747863104,2,0,1,Attack
57.17947358993115,40.52139966215815,390.23614739069825,Medium,HTTPS,1724.912480570296,1,0,0,Normal
42.27349087930634,36.431042175677604,308.1879282375087,Medium,HTTP,988.0870588053981,0,0,0,Normal
51.68254082251224,44.32067472454627,467.52255459696715,Medium,HTTPS,2168.554725760208,0,0,0,Normal
30.394080685655354,24.202235147060467,268.9721342199634,Low,HTTP,1093.9947292753511,0,0,0,Normal
35.55679852841422,31.408239809511496,263.5134668758541,Low,HTTP,1101.3497069032871,1,0,0,Normal
42.601116019859546,32.93025261632544,529.43236909389,Medium,SSH,1651.1628810496034,1,1,0,Attack
88.53820977092255,70.08803478369286,1075.8530125846194,Critical,SSH,4231.186537716764,2,0,1,Attack
77.26681014049973,66.59176461491849,532.2269090407016,High,DNS,2228.653221108994,0,0,0,Normal
58.884361044183606,50.286044728463914,566.6536398132241,Medium,HTTPS,2730.96209906594,1,0,0,Normal
84.99775943899294,67.69580991955382,675.0336631294037,Critical,DNS,2713.4270966458535,0,0,0,Normal
51.89711227969383,42.00127047668368,332.7534439729527,Medium,HTTPS,1470.242456552387,0,0,0,Normal
57.48402514022018,51.488149734987275,334.8371243658971,Medium,HTTPS,1152.374381813485,0,0,0,Normal
78.55253178109706,60.91959301180679,664.892735811684,High,DNS,2314.2883374457565,0,0,0,Normal
76.19388834362326,67.42598393436586,708.9650458686932,High,DNS,2257.0013012062327,0,0,0,Normal
58.932686107364134,48.187564527602206,389.65505790941455,Medium,HTTPS,1731.3362323595213,0,0,0,Normal
62.79541942712967,47.50295423467809,599.7840905426176,High,HTTPS,2206.1190263655576,1,0,0,Normal
88.70847827405669,65.02286260221251,749.2489532658711,Critical,DNS,3125.552835366011,0,0,0,Normal
62.65803773800144,52.54329328516248,754.2026293240688,High,SSH,2987.733267970371,2,0,0,Attack
85.47792244287848,74.55298752873306,829.4231637642387,Critical,DNS,3431.4899611443097,1,0,0,Normal
65.3013821895729,49.9212521632481,390.17174586074634,High,HTTPS,1211.5138585200295,1,0,0,Normal
56.94149351037822,50.225583149835764,686.8748338176949,Medium,SSH,2421.382246632163,3,1,0,Attack
49.898471489941585,41.807321132436854,475.20486912560443,Medium,FTP,1502.5405960844246,1,0,0,Attack
71.57168265403016,61.107550173288004,651.0153015170765,High,DNS,2151.9945495677434,0,0,0,Normal
81.65699422053876,72.52238978068962,626.1695609437922,Critical,DNS,1947.469743323419,0,0,0,Normal
49.34239899390377,36.46391157432844,392.2081339628663,Medium,HTTP,1228.2756158564405,0,0,0,Normal
84.61678498482797,71.24882280983584,448.202806826517,Critical,DNS,2182.0751415891227,1,0,0,Normal
81.35431938550028,58.62488766979037,796.5034451004678,Critical,SSH,2697.827429922178,4,0,1,Attack
76.13852255790334,65.77147052262777,606.7120566209232,High,DNS,2338.376746450985,0,0,0,Normal
86.4403354775277,69.73415220780447,825.3875743051825,Critical,DNS,4005.95392747997,1,0,0,Normal
41.69926260881766,34.107835452490505,314.7972750360361,Medium,HTTP,1330.9761933401849,1,0,0,Normal
72.60528211729252,51.68582596279334,620.4872718790201,High,DNS,2704.4346838971555,1,0,0,Normal
36.183558952761814,28.70393515998687,220.86415602029078,Low,HTTP,831.5568027286663,0,0,0,Normal
79.15187862730818,64.80490223757361,490.879029944509,High,DNS,1507.994300887711,0,0,0,Normal
62.01948716152401,54.69781178878503,338.5512982020198,High,HTTPS,1299.4052036417786,0,0,0,Normal
65.3844503615619,52.436312261300436,562.8381075209157,High,HTTPS,1966.61402737599,0,0,0,Normal
33.562255206015834,28.25409571970547,224.7151262950924,Low,HTTP,988.3568147458057,1,0,0,Normal
67.98600240617816,50.592441918400894,739.057814969488,High,FTP,3567.5586322328586,1,0,0,Attack
65.62235298057203,49.09007600975525,485.84269751727277,High,HTTPS,1720.3383185338757,0,0,0,Normal
84.58367019222351,60.76081164581406,663.3898395388071,Critical,DNS,3047.741629354634,0,0,0,Normal
60.590745833324036,51.15830318802035,318.87067501874924,High,HTTPS,1370.3253770698805,1,0,0,Normal
72.55241830091109,55.70711537702077,458.0263432462084,High,DNS,2282.979348614159,0,0,0,Normal
43.247904544259654,35.34037630092023,233.74190975871,Medium,HTTP,832.363814593219,0,0,0,Normal
44.420828178572265,35.36540412423242,256.04137537891785,Medium,HTTP,996.4161793959211,0,0,0,Normal
45.50546875441796,37.02871249285568,440.0563198642934,Medium,FTP,1723.191889048971,3,0,0,Attack
73.29760750304558,52.078524749544215,390.62006130969826,High,DNS,1229.9375519865039,0,0,0,Normal
50.34565910391393,37.886196619638184,486.90539286076694,Medium,HTTPS,2291.560557869872,1,0,0,Normal
65.14743551160791,46.657809138110544,388.78168842139064,High,HTTPS,1475.5156806414248,1,0,0,Normal
58.84339109165012,42.98861305262955,419.873898463407,Medium,HTTPS,1269.3637395339103,0,0,0,Normal
64.11601620471629,45.587331338233426,617.6651133014568,High,HTTPS,1952.9776193996195,0,0,0,Normal
33.15235185833444,23.64324082070557,267.5429849796535,Low,HTTP,1175.2117681297664,0,0,0,Normal
55.756484038320195,49.44763508971608,668.1545693234734,Medium,SSH,2045.2956612686469,4,0,0,Attack
34.85638892016141,25.74872197139826,240.94607277962152,Low,HTTP,892.2327011793051,0,0,0,Normal
39.16792483461904,30.76318848836906,202.89262756320028,Low,HTTP,628.1938518582585,1,0,0,Normal
33.30394823351526,29.48538965109764,236.30265853862983,Low,HTTP,1038.3698378370013,0,0,0,Normal
33.95080133443116,27.934862934362567,211.69194452281693,Low,HTTP,636.7262259750934,0,0,0,Normal
86.05498504388379,71.92962661896922,731.0942432088011,Critical,DNS,3018.108681793835,1,0,0,Normal
41.61264636772103,32.31228123732962,398.1468089355426,Medium,HTTP,1787.2156081911226,0,0,0,Normal
55.62536400584577,39.338415173581204,353.3513451657356,Medium,HTTPS,1336.1039325233914,1,0,0,Normal
95.60264967105468,74.93463662451575,1059.0361777804255,Critical,FTP,3319.2304315191805,1,0,0,Attack
66.8412688630633,50.091531875880726,551.011522406375,High,HTTPS,1653.7602619839347,1,0,0,Normal
70.75697793319705,59.423589529887344,704.8074932478823,High,DNS,3359.0028366689726,1,0,0,Normal
52.9504421693855,46.74026204860529,339.0202316091703,Medium,HTTPS,1342.4332970235669,0,0,0,Normal
32.16085077365278,24.252294522892036,232.4925371273006,Low,HTTP,1049.1675549322242,0,0,0,Normal
55.144016036210814,47.39183724928259,401.9783673688222,Medium,HTTPS,1290.4675741666942,1,0,0,Normal
44.82307440259319,37.191645889003034,240.77610226844632,Medium,HTTP,776.7806129659209,0,0,0,Normal
81.94796866249817,73.62520492142257,959.3252563905719,Critical,SSH,4239.088739557212,3,0,0,Attack
84.81513732644089,64.1290473306816,592.6944062213084,Critical,DNS,2028.1022391333972,0,0,0,Normal
46.22810596876661,36.48147254540203,233.82202689970524,Medium,HTTP,1054.5544502847288,0,0,0,Normal
87.82582040177658,69.52154913262717,674.6703100729699,Critical,FTP,2523.6984762117345,2,0,1,Attack
68.92299145940342,49.270840658809455,584.5719314391658,High,HTTPS,2903.8617833942776,0,0,0,Normal
89.53153124995879,77.9495304118309,461.3361801668667,Critical,DNS,1982.5812793260436,1,0,0,Normal
46.831138941124664,36.505946949076154,316.46598586584065,Medium,HTTP,1263.9056183067398,1,0,0,Normal
56.74865180535562,39.855726242046195,297.389700401924,Medium,HTTPS,1128.8138498479893,1,0,0,Normal
57.4753192668868,41.163084180871465,487.7121092157449,Medium,HTTPS,2013.3077306246657,0,0,0,Normal
34.46039825983462,28.92126543006757,172.97364155665113,Low,HTTP,529.0725767854085,1,0,0,Normal
81.19132329215063,57.33009896770267,634.9582505327628,Critical,DNS,2804.8579102822837,1,0,0,Normal
53.8568809631397,41.48616537575746,469.7445219461157,Medium,HTTPS,1797.9782020824155,0,0,0,Normal
30.69606928504072,21.782509864596697,213.43233812676092,Low,HTTP,814.1255907063447,1,0,0,Normal
34.856140196789056,29.259069470878053,185.9748737418232,Low,HTTP,760.2298369549716,0,0,0,Normal
81.77827498102488,57.30854845266181,609.1606345467819,Critical,SSH,2236.881812575498,2,1,0,Attack
31.833346137536864,25.874804037695952,299.6985697981438,Low,HTTP,1448.4497504693393,0,0,0,Normal
51.09116959902167,43.3704544241637,378.0419450162871,Medium,HTTPS,1653.2607987016265,1,0,0,Normal
32.885659681633115,25.58909957524467,288.79310533867766,Low,HTTP,1328.1242771481245,1,0,0,Normal
81.82710396809853,58.377086664837606,652.1542985948611,Critical,SSH,2586.3382886992645,4,1,1,Attack
40.233885953057325,28.169019061848637,423.9169933243895,Medium,FTP,1756.3063227872678,1,1,0,Attack
63.846222692736774,55.96660529181205,545.6973751364201,High,HTTPS,2301.8704709822528,0,0,0,Normal
74.66507087945502,59.43148431216719,452.0661341676625,High,DNS,1500.4703885852505,0,0,0,Normal
53.43700405866912,45.489283569371715,468.9194856983995,Medium,HTTPS,2073.3303074641394,1,0,0,Normal
34.025978559366195,24.533721029159192,233.13236034462946,Low,HTTP,812.8685624154092,1,0,0,Normal
30.039510685455753,21.707010877995895,297.9544883336782,Low,HTTP,1235.9202700349515,1,0,0,Normal
82.9753316550341,69.8554650648411,684.0229644771828,Critical,DNS,2329.875167411685,0,0,0,Normal
58.79231725950376,43.63468557104264,440.03284667618897,Medium,HTTPS,2117.991787150726,0,0,0,Normal
75.38080420505139,64.14961594659223,526.8627405054859,High,DNS,2477.742130281071,1,0,0,Normal
36.308732926117955,28.1052815774266,283.9402740074678,Low,HTTP,1359.8251825074567,1,0,0,Normal
46.784598510512296,41.954094428365195,440.7873472046026,Medium,SSH,1556.239290641854,4,0,0,Attack
72.56469725940406,60.2103852380404,619.9545866239723,High,DNS,2479.269633792717,0,0,0,Normal
42.655038642769796,34.09763552293791,301.52485183925774,Medium,HTTP,1088.2688817144212,1,0,0,Normal
75.30219512686017,58.7036301327007,529.8344303648962,High,DNS,2334.4967837687204,1,0,0,Normal
52.21918788476614,42.44410007523944,403.1072479637228,Medium,HTTPS,1816.9786076627022,0,0,0,Normal
89.02503664066899,62.84000479234739,594.7033068814904,Critical,DNS,2865.7168997143017,1,0,0,Normal
68.92428761660994,58.01625750353965,660.4707592517856,High,HTTPS,2274.697059730084,1,0,0,Normal
59.81435681140283,46.82008309343478,504.41754236872305,Medium,HTTPS,1640.588276489928,1,0,0,Normal
53.87218672896779,42.098115836719955,484.6985776832587,Medium,HTTPS,2174.6823661989024,0,0,0,Normal
63.8419772186171,51.6341743432193,473.3624024978261,High,HTTPS,2309.1488788002976,1,0,0,Normal
41.760670358344214,32.0390876815439,528.1389543995977,Medium,FTP,2493.696116622127,1,0,0,Attack
82.52168506805901,72.89158512207653,863.9319233675926,Critical,FTP,2904.2990917297825,3,0,0,Attack
54.826982630911516,45.90784170787181,317.87849997301674,Medium,HTTPS,1316.7824185204788,1,0,0,Normal
64.43330441652506,55.40541279319638,751.1473400067318,High,SSH,3282.4058284646776,0,0,0,Attack
62.6342819853744,49.89345425303353,389.3856767026433,High,HTTPS,1200.404884215165,0,0,0,Normal
50.162165070289575,40.847266607710495,394.778365608063,Medium,HTTPS,1814.1453490776182,1,0,0,Normal
94.99065692354634,78.06539231889728,771.4010715828439,Critical,FTP,3723.2676566239393,2,1,1,Attack
71.19661618213286,52.10979383704372,678.7277333767752,High,DNS,3227.6756590812893,1,0,0,Normal
87.9663419170538,74.08090739885927,1014.3094502909978,Critical,SSH,3205.4869475423548,0,1,0,Attack
58.975139515532646,44.15306851082987,558.6602922325677,Medium,HTTPS,2748.67594760148,0,0,0,Normal
64.29128936404595,52.38465159283579,406.73719494223565,High,HTTPS,1488.8926685009856,1,0,0,Normal
66.54653893507202,49.285271021850555,498.9517936014078,High,HTTPS,2225.689557880633,0,0,0,Normal
49.57417345680369,43.690999969608626,523.3745474479836,Medium,SSH,2225.6605057451934,2,0,0,Attack
72.64517922791129,63.22181250952684,618.58956588852,High,DNS,2033.7245360236873,1,0,0,Normal
44.60176715241687,39.20104623874561,391.09419073531546,Medium,HTTP,1233.187644310647,1,0,0,Normal
64.4405087112682,48.52750344840449,615.2028646845671,High,HTTPS,3026.9457719633583,0,0,0,Normal
52.184076635167,41.742642572121184,518.8517727343806,Medium,SSH,1976.4832777213085,4,0,0,Attack
84.39775142804137,64.22008778522236,475.25238093366175,Critical,DNS,2285.328569196198,1,0,0,Normal
81.08468523911142,68.16049472564771,706.7887645037597,Critical,DNS,2357.736295302011,1,0,0,Normal
93.67372017874004,79.69228275572107,1108.2097975127135,Critical,SSH,3758.3267164737526,3,0,1,Attack
45.91769254570863,40.49359052535306,427.22586879883073,Medium,HTTP,1932.7655239588669,1,0,0,Normal
59.973447440424934,44.644559034278274,354.1015496161739,Medium,HTTPS,1176.7557669360795,1,0,0,Normal
58.276535921613686,42.26471362111664,657.8216212830787,Medium,SSH,2584.71733969288,1,0,1,Attack
82.18262064401642,69.74567470037431,892.3590254177743,Critical,FTP,3784.8461189754416,0,0,0,Attack
75.22296734983684,66.784334209622,391.68923651365805,High,DNS,1917.867339710744,1,0,0,Normal
84.56201268199948,73.75216905195903,760.07539490984,Critical,DNS,2878.9204537992155,1,0,0,Normal
53.321624517047894,39.253898482752945,710.1053377752473,Medium,FTP,3405.3992569824172,3,0,0,Attack
37.57322884444875,30.593655643441384,352.76370411666096,Low,HTTP,1614.8162076441938,0,0,0,Normal
74.6000875385289,62.43920019893572,402.88994906956117,High,DNS,1899.0839521655746,0,0,0,Normal
86.34551877898048,61.15695305716423,846.2120922413661,Critical,DNS,3760.264038747515,1,0,0,Normal
91.65000115113799,78.77639735956113,809.6046269597686,Critical,SSH,3746.692213344185,4,0,0,Attack
40.851664807414636,36.0582535566712,353.44152111111094,Medium,HTTP,1474.5403826229506,0,0,0,Normal
64.272237848636,56.27342454605903,522.6167786127648,High,HTTPS,1840.9365281242476,1,0,0,Normal
81.09568470688828,58.066661625308875,663.8024373678782,Critical,SSH,2226.2587928695334,0,0,0,Attack
32.484517744487675,28.976581215654868,174.86196665151996,Low,HTTP,816.2575326703042,1,0,0,Normal
77.86054458303624,59.64566678765311,763.0800624249449,High,DNS,3593.5886184586693,0,0,0,Normal
84.79890398586576,71.74606859190153,595.572572619106,Critical,DNS,2669.8525236744867,0,0,0,Normal
82.6643777920981,68.21893955158218,787.1019055446939,Critical,DNS,2884.0153626166516,1,0,0,Normal
34.80795865471009,25.36692636810361,203.26480937154017,Low,HTTP,641.466679137076,0,0,0,Normal
87.60361453023506,62.66438105245717,523.727144331743,Critical,DNS,2249.9020400845848,1,0,0,Normal
59.81729876308236,53.35846639408203,726.988894689225,Medium,SSH,3526.519207062357,2,0,0,Attack
73.82191945733211,57.65005347648714,428.7605733302528,High,DNS,1342.7569626054083,1,0,0,Normal
67.57558711620732,59.525057810543274,494.85721231415334,High,HTTPS,2184.5957302356956,1,0,0,Normal
38.630399614121416,28.338654346757792,313.04085328914874,Low,HTTP,1054.314765003413,0,0,0,Normal
34.595190124819055,25.570514041309373,336.9917827866956,Low,HTTP,1433.9962132497585,0,0,0,Normal
87.60720141552156,74.67629017750038,610.5515554296528,Critical,DNS,2148.533087486623,0,0,0,Normal
54.28022693100502,39.750580053484136,515.06853208104,Medium,HTTPS,1938.5357748229897,0,0,0,Normal
84.25989185197977,66.8114126930095,753.6235036214416,Critical,DNS,3506.014560040583,1,0,0,Normal
50.0752875701437,41.269016907007696,664.9057710348936,Medium,FTP,2199.6028788210792,4,0,0,Attack
41.74048429031245,37.134006170873974,359.34826685152274,Medium,HTTP,1534.9189990860054,0,0,0,Normal
75.7196975964689,58.96805835051275,686.7407140770398,High,DNS,2851.1944311898956,0,0,0,Normal
39.69646573517821,34.915524580287894,314.78801925878906,Low,HTTP,1315.3976789772457,0,0,0,Normal
57.87621093928465,49.64398196946956,364.9870948971475,Medium,HTTPS,1767.5018432227923,1,0,0,Normal
67.24181672965642,58.59219473733158,395.68400924123074,High,HTTPS,1392.773999754621,0,0,0,Normal
86.89201241126284,73.36850911293496,796.8020798099136,Critical,DNS,2536.6223768358873,0,0,0,Normal
53.63032429726445,46.271197168932744,497.33015990442425,Medium,HTTPS,1550.727470066613,0,0,0,Normal
83.86876463926455,68.53713579859473,730.2523026117775,Critical,DNS,2501.4696127079546,0,0,0,Normal
77.32843164983024,58.17059273713736,515.0255252799369,High,DNS,2064.4792034265033,1,0,0,Normal
81.4096298419463,59.86699125312975,438.7607983393491,Critical,DNS,2056.2862791197904,0,0,0,Normal
73.30927576753311,63.54455873147727,604.0580139167896,High,DNS,2146.62109503977,0,0,0,Normal
78.83414528201683,68.6591841462218,758.9475608887334,High,DNS,2351.0870075173666,0,0,0,Normal
65.15850242954912,55.27287100925856,347.2487890421794,High,HTTPS,1310.597206970335,0,0,0,Normal
45.67608638652018,35.006581921926255,389.9136993188747,Medium,HTTP,1620.7250146305234,0,0,0,Normal
40.613917675436824,29.062579015606318,240.43217769330482,Medium,HTTP,747.2964390620474,0,0,0,Normal
80.04032122611534,66.40099548935673,651.3852227690119,Critical,DNS,2500.0188308073625,1,0,0,Normal
81.27961646798212,71.93942666591356,511.8591048894365,Critical,DNS,1706.3685185271056,1,0,0,Normal
74.48499711463228,53.120595251040456,514.6254666346304,High,DNS,1575.4282417555396,0,0,0,Normal
49.922819737839745,42.00804662294359,455.82151398331763,Medium,HTTP,2113.2646036851042,0,0,0,Normal
34.674530400079675,25.548118357528725,200.08437224127275,Low,HTTP,610.7714458346579,0,0,0,Normal
68.87829461018555,56.860997988004065,563.3205632199025,High,HTTPS,2182.9731209865813,0,0,0,Normal
85.52571158201317,64.30681285071843,673.8949670080423,Critical,DNS,2403.4259236960106,1,0,0,Normal
33.95152302666247,26.35876161127724,269.80237353556424,Low,HTTP,817.0162333191761,1,0,0,Normal
72.43794427202374,62.67482827659439,695.8827216105667,High,DNS,2638.61825051254,1,0,0,Normal
41.03934556071181,29.9921375537376,258.5391355230307,Medium,HTTP,789.1417595556338,0,0,0,Normal
67.65856200334383,55.96308060868845,369.3318027893762,High,HTTPS,1788.8780814016093,1,0,0,Normal
45.5701063266315,37.14773532356417,241.30563204483593,Medium,HTTP,1140.8587578478298,0,0,0,Normal
52.90938898891909,43.272884029363716,320.82755955925603,Medium,HTTPS,1041.098836709705,1,0,0,Normal
79.5662904564233,70.357622352161,598.4377246990488,High,DNS,2101.2109787387844,1,0,0,Normal
39.24426774327003,29.511354976849354,361.6925400444117,Low,HTTP,1293.6059722534324,0,0,0,Normal
78.14190082515779,56.13326344472276,698.8710046245089,High,FTP,2203.905304001801,3,0,0,Attack
64.55331565808592,45.94972545264064,338.55395802825535,High,HTTPS,1386.6663919147186,0,0,0,Normal
75.36033125477843,55.95871438863933,722.6674518367738,High,FTP,3224.8980347963147,0,0,0,Attack
85.27926065886277,68.2958857209818,672.9866068036023,Critical,DNS,2996.6570505272207,0,0,0,Normal
55.59744396232418,48.29514796445324,493.0177403698056,Medium,FTP,1763.2687724194066,3,0,0,Attack
45.50511128589278,34.3730462340505,522.8591742649085,Medium,SSH,2610.5657652455175,2,0,1,Attack
33.54313864845608,23.808334043967346,195.69640598260463,Low,HTTP,778.8648470086879,0,0,0,Normal
42.76460356624739,33.24619144635447,220.37779453804464,Medium,HTTP,1060.022025352112,1,0,0,Normal
60.25496419644696,49.14771448970826,547.7427620456975,High,HTTPS,2471.748383131565,0,0,0,Normal
90.5973108971375,64.39782075598785,664.8931856970454,Critical,FTP,2596.381499060445,0,0,1,Attack
46.61001322310767,36.532945149837765,335.03138383071666,Medium,HTTP,1420.891601186627,0,0,0,Normal
32.93476105638547,24.153261611866633,211.31515884084436,Low,HTTP,772.1200778704657,0,0,0,Normal
53.22693541296758,37.58519072798454,269.88751423960014,Medium,HTTPS,819.4216913918351,0,0,0,Normal
64.69874878428527,55.874919105416105,451.5579782173231,High,HTTPS,1637.4622508747054,0,0,0,Normal
33.244146382348845,23.445665178365456,170.56829006286884,Low,HTTP,739.2387273474642,0,0,0,Normal
55.14010803836868,43.42387204943648,529.8347893207363,Medium,HTTPS,2131.7590260459388,0,0,0,Normal
40.010051724821096,30.273484067996034,372.8794764093501,Medium,HTTP,1311.560441812953,0,0,0,Normal
41.83930900609994,29.405513790306845,434.82749248782903,Medium,SSH,1872.0000213411604,1,1,0,Attack
89.08500622652355,69.41287297790892,759.2669009983777,Critical,SSH,2956.238711988359,4,0,1,Attack
31.57708405604353,22.269140652109854,203.3986433491755,Low,HTTP,615.9531542560221,0,0,0,Normal
56.25564182366361,49.74997378320686,302.8694491467254,Medium,HTTPS,1068.0608220883155,1,0,0,Normal
46.994088457140606,41.015772990785244,363.7166784133315,Medium,HTTP,1110.4376902518163,0,0,0,Normal
30.846076253455976,22.348111137500105,267.0107639742327,Low,HTTP,877.4872392031756,0,0,0,Normal
53.75271300337772,40.37452616907954,463.9898818683239,Medium,HTTPS,1559.9301714653552,1,0,0,Normal
31.569319819900556,23.91860516142142,203.34441237476284,Low,HTTP,782.1212777378482,0,0,0,Normal
85.30658350224257,61.02425481640819,851.5443803871985,Critical,DNS,3013.075772663575,1,0,0,Normal
81.83573937087203,66.25299099680595,609.6690982839317,Critical,DNS,1837.9623985172707,1,0,0,Normal
47.351253564993385,40.07096249474625,651.0232866360445,Medium,SSH,2464.2213218662077,4,0,0,Attack
45.33481891347037,38.320496415052006,398.1086217126035,Medium,HTTP,1894.724236528795,1,0,0,Normal
47.29604531748919,35.83376070771252,343.4828359056908,Medium,HTTP,1263.906124330469,1,0,0,Normal
34.60566926163665,31.120414460872134,280.3985041381544,Low,HTTP,1161.8468165637548,1,0,0,Normal
72.87551443710981,58.15440547781872,683.5070422459199,High,FTP,2596.469477574708,2,0,1,Attack
73.87477296506404,65.08383701437398,376.0521553585449,High,DNS,1135.6529977518549,0,0,0,Normal
73.5832104338624,62.63850275758444,483.11981992801515,High,DNS,2278.941224143461,1,0,0,Normal
47.29444164200686,37.38606839586879,394.19623072638166,Medium,HTTP,1370.8462803317254,1,0,0,Normal
89.78597835157416,73.99325460573118,678.6565252909577,Critical,DNS,3328.0707711028745,1,0,0,Normal
59.39895008770691,45.46323926082092,373.8249712024847,Medium,HTTPS,1681.8600792073705,1,0,0,Normal
94.30065800061129,66.35145234433494,979.1958734938149,Critical,FTP,4647.036173253455,1,0,0,Attack
75.37824072198418,57.48533304014798,545.275547407835,High,DNS,2234.7605885936296,1,0,0,Normal
57.14880923340388,47.627675494351664,289.7880567684129,Medium,HTTPS,1373.5063822647016,0,0,0,Normal
67.2321044918499,53.94328251512098,424.6501792010415,High,HTTPS,1809.204948710963,0,0,0,Normal
49.61637803542544,37.29853846858837,254.65969949465796,Medium,HTTP,979.7055667512,0,0,0,Normal
31.084801796096144,25.816411621381192,177.67579807664958,Low,HTTP,685.3884837049624,0,0,0,Normal
48.78750879383006,38.51063232317926,288.0892375332099,Medium,HTTP,1273.4771438667638,0,0,0,Normal
70.019253943683,49.211668140429026,498.2374956767726,High,DNS,2226.6043173366334,0,0,0,Normal
60.703230649251054,45.688120387566975,385.21755789547746,High,HTTPS,1914.9119034540415,0,0,0,Normal
55.52153106757032,39.159498756154306,479.6464706057384,Medium,SSH,1990.111328791332,0,0,0,Attack
69.15466848455253,50.38841902167106,481.5154526618493,High,HTTPS,1670.209176898261,0,0,0,Normal
56.8063051912759,41.820755219121885,533.8819528923184,Medium,HTTPS,2569.555241746201,0,0,0,Normal
40.84915377708967,32.05142460947729,473.65641393505945,Medium,SSH,1494.0613717058884,2,0,0,Attack
45.79417882167036,34.5213285446252,359.89137821317763,Medium,HTTP,1104.2282276163744,0,0,0,Normal
31.590880167714204,22.16001827351738,221.03710468453195,Low,HTTP,699.2522238393212,1,0,0,Normal
38.59009720909853,30.04297266121916,194.87370255944,Low,HTTP,658.5206466564683,1,0,0,Normal
40.8597535694571,35.79034422362179,379.70301053852785,Medium,HTTP,1203.6999058914564,1,0,0,Normal
55.388655425122124,42.53670207266316,343.0736321909893,Medium,HTTPS,1305.0456554794935,1,0,0,Normal
56.1509831569856,45.72686582419032,748.0210133862719,Medium,SSH,2778.166793272229,3,0,0,Attack
30.44065397232771,23.739892104990187,266.28400437209996,Low,HTTP,820.4738159084122,0,0,0,Normal
63.55452435193001,44.61486184072523,795.1512152985414,High,FTP,2615.365565632182,1,1,1,Attack
82.77944258363277,72.15995440766355,641.210809046892,Critical,DNS,2098.1268777402493,0,0,0,Normal
50.39033036377077,37.6797388062249,471.11089611494697,Medium,HTTPS,1878.8763266298718,0,0,0,Normal
74.30667062239081,66.1619935012,805.6847509766789,High,FTP,2897.501713261434,0,0,0,Attack
53.962372752284864,45.86293144635129,384.0929231150481,Medium,HTTPS,1796.9108856350038,0,0,0,Normal
30.59804457196151,26.76033906772381,218.58654291654807,Low,HTTP,1065.6311814600242,0,0,0,Normal
91.51403834868688,74.11178395035658,982.5424807664488,Critical,FTP,4110.073103993581,0,0,0,Attack
54.32719849748537,47.48030285659709,671.1474357687557,Medium,FTP,3010.256492758228,2,0,0,Attack
87.11731105846411,71.96290317603962,864.8545178888097,Critical,DNS,3945.2083272594527,1,0,0,Normal
74.97172811628843,58.83118950212413,590.2376417681477,High,DNS,1853.9580164397735,1,0,0,Normal
82.37303176143769,64.72479944644333,508.3757196153299,Critical,DNS,1733.245475030101,1,0,0,Normal
62.9521807396668,53.00841768249147,600.086180627503,High,HTTPS,2300.8001355151955,1,0,0,Normal
92.19078566398821,78.07602387381415,696.5199033767288,Critical,FTP,2577.706928623413,2,0,1,Attack
67.8137891368533,60.835669663795464,350.6356723716722,High,HTTPS,1061.6773089534813,1,0,0,Normal
65.41349911611178,53.30625309262003,553.8062570850823,High,SSH,1953.0123167993895,2,0,0,Attack
55.72569102674606,41.619575195888295,331.45886300853294,Medium,HTTPS,1233.3146990665477,0,0,0,Normal
72.61277874567895,63.99338896539722,393.94409965652255,High,DNS,1191.2561115060143,1,0,0,Normal
74.06885290591163,52.99118804173753,519.2191821732039,High,DNS,1987.3927885506882,1,0,0,Normal
89.12964356419252,62.99884996259458,604.7496210214949,Critical,DNS,2792.394463370896,0,0,0,Normal
64.47363531799056,46.18572783855071,335.4560471083426,High,HTTPS,1440.3899396422873,0,0,0,Normal
44.059537508001085,32.512491489605246,252.14638705864402,Medium,HTTP,1201.09097588448,1,0,0,Normal
84.38895496423356,60.50779999014331,479.3572674265411,Critical,DNS,2364.6336298829215,1,0,0,Normal
34.62943989041378,27.024749872013928,258.6977331549792,Low,HTTP,1070.573917685747,0,0,0,Normal
32.04679198752274,24.720967097790783,208.00946953832707,Low,HTTP,960.2689071238748,1,0,0,Normal
34.90518230013549,24.71705168203483,320.98136655783765,Low,HTTP,1250.593798500088,1,0,0,Normal
51.37652818326387,37.44908292335399,697.72291747651,Medium,FTP,2246.730688949253,4,0,0,Attack
45.103268013408524,32.79969517351351,558.9204911769266,Medium,FTP,2387.3885900041814,0,0,0,Attack
54.119436735345516,43.23159483736278,471.54789648348054,Medium,HTTPS,2176.459203628918,0,0,0,Normal
51.42067175474949,39.06079748885125,457.8627354193459,Medium,HTTPS,1458.2623767718026,0,0,0,Normal
32.43594836007105,28.148964759820746,173.61637886913962,Low,HTTP,668.3975307816883,1,0,0,Normal
38.67427158431383,34.323801466069874,232.95243925185318,Low,HTTP,1007.6851767144323,0,0,0,Normal
38.163982022961136,31.229966780222156,270.4028975165766,Low,HTTP,1168.6279833782482,0,0,0,Normal
59.64548106130678,50.61061477756737,402.7318693376909,Medium,HTTPS,1511.5238109074578,1,0,0,Normal
47.88965695635852,41.00169575281352,242.784339562976,Medium,HTTP,974.9378688470814,0,0,0,Normal
80.34970009823155,57.37801466069706,507.5140711907878,Critical,DNS,2336.2886073160225,1,0,0,Normal
96.25298985585687,71.31748765116325,854.7292162564885,Critical,FTP,4192.158454346791,1,0,0,Attack
65.49298939586151,51.30796880093035,331.3817060769576,High,HTTPS,1083.8374329023054,1,0,0,Normal
74.5571628077596,57.41525899675273,527.0551549279359,High,DNS,1620.9938611338216,0,0,0,Normal
76.85105109550932,54.00987746904476,695.0099665802254,High,DNS,2259.62970828019,0,0,0,Normal
34.23109703166119,25.764125122651123,281.87820442453375,Low,HTTP,1236.5432318239368,0,0,0,Normal
42.2813683750428,32.644886693812346,397.8113289237513,Medium,HTTP,1386.3511273127772,0,0,0,Normal
55.023485448837164,38.648065344920916,541.0081558456399,Medium,HTTPS,2000.624333861592,0,0,0,Normal
51.025122877035756,39.94071456581157,400.33286696605956,Medium,HTTPS,1733.7334748620262,1,0,0,Normal
40.83593535469845,35.19011804435944,569.2045587081436,Medium,SSH,1733.6142378396867,0,0,0,Attack
45.795788246177835,37.982230507749996,331.5794818619992,Medium,HTTP,1506.7117468640392,0,0,0,Normal
61.626042025745846,54.005778122449875,542.0384210978707,High,SSH,2021.1879344216206,0,0,0,Attack
30.71765099753975,27.43984841655028,251.22645262853308,Low,HTTP,1164.0653410621308,1,0,0,Normal
54.82970141236365,44.62216375015167,495.60065161175936,Medium,HTTPS,1772.6166671221356,1,0,0,Normal
78.52316891017836,67.65923145304075,428.91976098281134,High,DNS,1301.651047494477,0,0,0,Normal
68.81478381968918,54.337233702911576,490.28003908234547,High,HTTPS,1874.7253696903163,0,0,0,Normal
82.90400785379461,59.857440990112096,689.2871475982893,Critical,DNS,2254.531624248224,0,0,0,Normal
87.98776135663502,72.77844257352723,730.6949668919023,Critical,DNS,2568.907473109489,1,0,0,Normal
74.1495900983864,63.88404932043287,710.3672829952629,High,SSH,3277.4561914637247,0,0,1,Attack
78.49401797742757,56.39743014299537,591.7769695659933,High,DNS,1996.4114288092212,1,0,0,Normal
56.88471002955339,44.65366096296025,512.4454429057971,Medium,HTTPS,1634.8305069429023,1,0,0,Normal
46.602704283031926,38.80006972451511,654.9195958500916,Medium,FTP,2157.6700797159833,2,0,0,Attack
68.14283754261851,56.70712521703039,386.82331742209254,High,HTTPS,1729.3424568880448,1,0,0,Normal
78.46690144477179,60.83677408117367,407.15843419753196,High,DNS,1747.6813112343812,1,0,0,Normal
35.5480058080866,28.494050975616478,200.06587797247488,Low,HTTP,672.7559901159659,1,0,0,Normal
65.49558891885681,56.34845344456702,754.5511076087867,High,FTP,2934.0918801133625,4,0,1,Attack
69.7713619076967,62.129043972604784,433.44522276527545,High,HTTPS,1699.5203397573403,1,0,0,Normal
69.65408219857636,50.64312632244489,469.809115368045,High,HTTPS,1940.3129260623223,1,0,0,Normal
52.595296721356135,37.21415876948753,437.95180465828906,Medium,HTTPS,1325.613727158542,0,0,0,Normal
60.46961561878561,43.847843437600496,309.25352161480555,High,HTTPS,1256.578537164469,1,0,0,Normal
78.10190140153281,65.50250057978579,691.9914327897662,High,DNS,3249.512507114188,0,0,0,Normal
97.13987920200452,72.70867814866422,862.7039682673579,Critical,FTP,3449.220804343156,2,1,0,Attack
48.11984907675651,37.04244789541238,637.1123052850648,Medium,SSH,2622.205279201409,1,0,1,Attack
32.26703387554153,26.880794050118,207.85646113497097,Low,HTTP,933.8497622000393,0,0,0,Normal
37.53657430548628,26.44706445240978,190.94097407522213,Low,HTTP,933.2574244819228,1,0,0,Normal
71.60399198104642,61.178765628789044,505.48566354340466,High,DNS,2340.8383861845396,1,0,0,Normal
44.548389639639936,34.43084761232236,252.9030211503854,Medium,HTTP,1082.897010345971,0,0,0,Normal
50.93867877469165,43.978061866391215,320.36663935202284,Medium,HTTPS,1341.7507648462147,0,0,0,Normal
69.92189384807716,52.977746940023934,631.7003979957542,High,HTTPS,2317.4089233606414,1,0,0,Normal
31.37036297324812,22.068169571213126,186.15075905838486,Low,HTTP,890.9953716099596,1,0,0,Normal
76.32131925682188,59.712157884125276,417.9074572100918,High,DNS,1630.4314533561958,1,0,0,Normal
51.86594099701324,37.710772820034755,297.5234228113627,Medium,HTTPS,1239.1747311148622,1,0,0,Normal
79.00590430061129,59.37850185720523,685.49990316799,High,DNS,2442.699101198775,0,0,0,Normal
57.30110995762516,49.3577366489645,671.6434827709761,Medium,SSH,2431.173823129709,0,1,0,Attack
31.041576949864975,22.888778595434843,183.35268660307486,Low,HTTP,828.9771210096976,0,0,0,Normal
64.71354452034575,46.53067444157807,667.3169497503139,High,SSH,2940.717014261713,3,0,1,Attack
48.12448841257719,35.104683416544326,551.4239752627985,Medium,SSH,1851.9062909554887,4,0,0,Attack
55.47113047883613,46.987521107008526,634.0619737057798,Medium,SSH,2328.740859473841,2,0,0,Attack
78.41246366151609,65.02264444916575,397.32544484016205,High,DNS,1967.3049362743045,1,0,0,Normal
41.20762710350391,30.33982554646215,315.5745469182935,Medium,HTTP,1516.7373639938146,1,0,0,Normal
45.70758387503702,36.05654807474318,622.3249865449312,Medium,FTP,3054.96543616159,3,0,1,Attack
38.83671644831338,30.762398425405664,291.0958586211514,Low,HTTP,1381.232477014228,0,0,0,Normal
74.11878594182781,60.258593158017064,577.3420164224419,High,DNS,2185.900675524104,1,0,0,Normal
68.77159094190574,48.32475450242072,600.5071246617431,High,HTTPS,2041.4402073301503,1,0,0,Normal
40.88016961221001,32.96275782575015,397.32203296769404,Medium,HTTP,1534.5859609491306,0,0,0,Normal
56.65579112639534,49.267227023432696,514.2745284223496,Medium,HTTPS,2202.9241589260487,1,0,0,Normal
57.628727956544026,46.092327287122714,472.8244999935843,Medium,HTTPS,2315.5097384350356,0,0,0,Normal
63.900081709289225,51.85981220602898,509.31121610897594,High,HTTPS,2109.8297680180153,0,0,0,Normal
30.80545254468234,26.162339931497467,205.51282754868356,Low,HTTP,931.1527554504687,1,0,0,Normal
61.89790408236149,55.01284543471274,585.9283685085979,High,HTTPS,2783.5927364966933,0,0,0,Normal
80.87656377538224,69.80351066242595,586.6416871223254,Critical,DNS,2651.0310596928434,1,0,0,Normal
59.94453246588819,49.645262389934054,474.30591252922903,Medium,HTTPS,1773.4057015117878,0,0,0,Normal
63.47298541164491,51.97277568094903,406.76402194410394,High,HTTPS,2024.5136409143734,0,0,0,Normal
74.78288196107314,57.34744260299943,489.7790015288603,High,DNS,2355.787296411293,1,0,0,Normal
86.63024984583899,76.11695994991778,762.6095790500166,Critical,DNS,2567.879033684456,0,0,0,Normal
78.92609949264397,62.362806117248645,672.2090595231635,High,DNS,2843.5975175365234,1,0,0,Normal
68.45599930995377,55.894085875123565,403.617817230552,High,HTTPS,1520.291990493099,0,0,0,Normal
65.64517649778281,49.64996502362232,438.6302095721161,High,HTTPS,1590.338559554289,0,0,0,Normal
50.05576048613875,38.14118090694607,494.4719650599744,Medium,HTTPS,2096.733788822575,0,0,0,Normal
83.59254447044805,71.23101368582374,795.4400725847449,Critical,DNS,2401.3075622125707,1,0,0,Normal
57.04252402487327,47.95437814212009,557.4416675021217,Medium,HTTPS,2427.4911760366713,1,0,0,Normal
64.94895891613851,47.792089188918325,608.074937722984,High,HTTPS,2202.9071701282437,0,0,0,Normal
46.9015074944582,35.98627831070542,326.6860191149239,Medium,HTTP,1112.7616798181334,0,0,0,Normal
48.59215724536625,43.496633560829046,291.49548796991263,Medium,HTTP,1302.5693730258804,1,0,0,Normal
75.63648338640633,66.60755069968155,541.2400839706343,High,DNS,2117.428444465902,1,0,0,Normal
82.20331127638929,73.23456118222362,874.7981065623333,Critical,SSH,4292.959534115722,4,0,0,Attack
40.75221829480142,35.63757169597277,397.0474831919305,Medium,HTTP,1441.936217223523,1,0,0,Normal
50.18201482089353,39.07244513284055,394.2444381385329,Medium,HTTPS,1202.8226899532128,0,0,0,Normal
88.54107345672674,65.51620670948742,781.5684661370595,Critical,DNS,2782.050780043718,0,0,0,Normal
84.18818426314829,66.19146836052289,789.4197597552495,Critical,DNS,3278.7826993183585,0,0,0,Normal
87.26865394505694,72.28948527697605,767.7449698743616,Critical,DNS,3789.0194747761834,0,0,0,Normal
82.34820964717073,73.26673757230765,563.8689026944106,Critical,DNS,1878.1193716520384,0,0,0,Normal
53.584354508057004,43.63114540741501,532.7786161732437,Medium,HTTPS,1905.062074888856,0,0,0,Normal
41.98581116652349,35.817567066037995,399.9041999531484,Medium,HTTP,1917.247906845874,0,0,0,Normal
55.86968506278936,48.89010305679577,330.6404700867409,Medium,HTTPS,1503.3742950867381,1,0,0,Normal
68.50670432875631,58.360829602582385,553.2306689734127,High,HTTPS,2756.292661848796,0,0,0,Normal
96.91559374354256,75.00248544838622,870.3317835570223,Critical,FTP,4182.973346129864,3,0,1,Attack
64.27547448120094,57.70086936180486,421.9191875274515,High,HTTPS,1305.8402770111818,0,0,0,Normal
75.92622415209917,66.8902330070541,615.0686943727693,High,DNS,2183.2456402773387,0,0,0,Normal
92.52216923283413,68.16317588054989,666.9690048366997,Critical,SSH,2591.525392190412,3,0,1,Attack
75.56986067749676,62.195717566935045,633.7855109272008,High,DNS,2347.372797222869,1,0,0,Normal
52.168475323560415,40.5174927276804,342.06296296721956,Medium,HTTPS,1241.8887257373917,0,0,0,Normal
89.3136215370032,68.10782746697691,537.2686612799167,Critical,DNS,1718.6744733601045,0,0,0,Normal
94.29695571212505,77.70398411540023,1017.6900955208753,Critical,SSH,3519.1926965955395,0,1,0,Attack
51.016789097375295,35.80787603828107,571.4251380607634,Medium,SSH,2408.9837980802977,0,0,0,Attack
66.90683696915585,55.898654441270175,653.5747152742488,High,HTTPS,2371.350481963602,0,0,0,Normal
52.999867121179705,40.40050586744588,348.69232525346473,Medium,HTTPS,1546.0019051192196,1,0,0,Normal
48.770795411401195,36.12068265297334,250.06696784080683,Medium,HTTP,772.1957592311126,0,0,0,Normal
67.21047523300513,56.91769325125547,430.0754599191758,High,HTTPS,1521.6115188557233,0,0,0,Normal
30.565247275371803,24.18377276131855,240.9617724462682,Low,HTTP,1101.28495062627,1,0,0,Normal
70.64099712428288,62.922562371241405,694.976365808574,High,DNS,3129.017430789006,0,0,0,Normal
58.682682024882524,44.78455018168759,541.9400413924338,Medium,FTP,2036.294522346576,0,1,0,Attack
52.18634542422933,36.796365926699195,536.0422904679897,Medium,FTP,1619.892237234471,0,1,0,Attack
74.05724206204468,55.98412005391207,702.4825583592253,High,DNS,2232.143324720449,1,0,0,Normal
57.36538962148188,46.77234523722503,508.6668063937145,Medium,HTTPS,1616.4554012304836,0,0,0,Normal
87.22115315220435,77.9343503091969,868.324996519756,Critical,DNS,2821.812980630802,1,0,0,Normal
48.94940365556977,35.88369714604478,465.7759031558209,Medium,HTTP,2067.3986099818003,1,0,0,Normal
31.528699476330075,23.885229866003055,165.13163666744566,Low,HTTP,506.52716207287176,1,0,0,Normal
46.78721956865047,41.14593476211172,298.2213196745211,Medium,HTTP,1082.6973392156046,0,0,0,Normal
74.60225344504579,63.76146474868038,738.1668500989656,High,SSH,3099.3578079353724,4,0,0,Attack
88.05773883726943,79.0950124383121,595.2117046299185,Critical,DNS,1967.0336614589094,1,0,0,Normal
39.923192927162745,35.15709210096074,262.55339964522557,Low,HTTP,838.005872039712,1,0,0,Normal
47.27131403502426,33.53900169544232,259.86349647029454,Medium,HTTP,848.4038843605715,1,0,0,Normal
93.82803984583006,70.83638344292712,776.5779945218762,Critical,FTP,3757.210661630545,2,0,0,Attack
86.40565185734886,68.13540120272886,894.646784283669,Critical,FTP,2691.7210676157274,3,0,0,Attack
89.46528544576722,68.92167403734182,587.8490083348689,Critical,DNS,2724.775002698086,0,0,0,Normal
84.18547358000069,64.23844275044124,722.6720141431381,Critical,DNS,3262.1280334864473,1,0,0,Normal
32.85002784517019,23.64844171955099,171.47352051366863,Low,HTTP,847.6150845517776,1,0,0,Normal
46.487892828154145,34.67076341268295,294.96690729252583,Medium,HTTP,1157.5621808356238,1,0,0,Normal
56.565779222000856,46.47301296169694,504.90219322394597,Medium,HTTPS,2442.215279871026,0,0,0,Normal
51.11201298001106,38.98966223461814,447.52866654111244,Medium,HTTPS,1816.041317378369,1,0,0,Normal
48.917555554508,41.25566536187563,337.21520259133405,Medium,HTTP,1646.5182599652035,0,0,0,Normal
35.96732122430694,25.49347853114763,181.8101849774945,Low,HTTP,856.5997908900624,1,0,0,Normal
53.740599778393516,40.50972086383639,492.55134545167067,Medium,SSH,2057.1541734311068,1,0,0,Attack
66.47240929523832,56.969327891852245,361.9136139954373,High,HTTPS,1616.945330933418,1,0,0,Normal
48.848327201667416,41.532491338874934,274.7376288107668,Medium,HTTP,955.3161460538194,1,0,0,Normal
73.0114080367639,56.63799106625917,627.6447975127311,High,DNS,3102.3878697105824,0,0,0,Normal
32.63867585934349,22.918710352656042,168.69417209220123,Low,HTTP,829.8604168348209,1,0,0,Normal
46.14031680452172,33.11724519801055,303.4321297575242,Medium,HTTP,1504.6518405194342,1,0,0,Normal
77.11116158956429,55.34906216014886,616.6430308714441,High,DNS,2176.8947896820705,0,0,0,Normal
85.07009380737145,61.673434802912645,690.1660268383612,Critical,SSH,3031.501346553569,3,0,1,Attack
52.72249880898016,44.49047220904963,288.88687340783696,Medium,HTTPS,1074.5777565770643,1,0,0,Normal
30.65845732919115,21.667602315610484,173.58863993718217,Low,HTTP,768.7110894421498,1,0,0,Normal
35.32521333771001,26.954961346532304,338.95978765077933,Low,HTTP,1158.0099988461202,1,0,0,Normal
45.334827095794026,37.168766974878245,427.6598243696498,Medium,SSH,1869.9282115987305,1,1,0,Attack
37.491595610190416,27.386722312215085,340.7199982207471,Low,HTTP,1629.1904002318167,0,0,0,Normal
73.15836624271469,52.61369754303227,642.692846424473,High,DNS,2530.9246654487033,1,0,0,Normal
32.022432338562794,23.263675635777595,315.6711517445991,Low,HTTP,1473.8957778065417,1,0,0,Normal
48.915486699334,43.232302841701035,357.6186564215211,Medium,HTTP,1530.9671391588695,1,0,0,Normal
65.96167685611363,46.23054046085325,632.7384863124126,High,HTTPS,2048.7766677777986,0,0,0,Normal
39.14289215877943,33.800518947197155,299.2408482101509,Low,HTTP,1286.2598289407106,1,0,0,Normal
35.7526209721982,30.439715012397187,347.0411149045805,Low,HTTP,1507.2469379503716,1,0,0,Normal
37.94417791083106,33.93395345899321,352.07511700039674,Low,HTTP,1629.1683667384427,1,0,0,Normal
95.14488003012957,75.39641680254303,955.5757878724112,Critical,FTP,3879.7680975662884,3,0,0,Attack
40.26090905041201,35.57859221017652,549.0385264400381,Medium,SSH,1920.6205983282152,4,1,0,Attack
79.05484048103972,63.701860314803994,489.58552154254045,High,DNS,1948.4709142835923,1,0,0,Normal
75.41944213880925,66.9927739741826,743.4290170239921,High,DNS,3345.9540776524764,0,0,0,Normal
98.29375672919923,85.62866588116398,1163.111428395541,Critical,SSH,5504.762716875455,4,0,1,Attack
57.73139483280829,47.20423297268802,571.3640926750604,Medium,HTTPS,2413.245315829425,1,0,0,Normal
85.11020031088265,72.06932584202993,538.3720121676997,Critical,DNS,1982.7507093239285,0,0,0,Normal
61.73798818839714,46.16269399279134,523.6034761658459,High,HTTPS,2195.4464662431046,1,0,0,Normal
86.48078562109731,77.33893484294668,588.0084133823201,Critical,DNS,2799.290973877904,1,0,0,Normal
81.34518222883344,72.55436153666136,697.199196343867,Critical,DNS,2818.246221540182,1,0,0,Normal
65.29582097951788,58.49706076058091,394.44616966295416,High,HTTPS,1707.9329221345802,0,0,0,Normal
74.03297928608481,55.74857293243998,624.1843373649101,High,DNS,2935.7835063749876,1,0,0,Normal
44.3158321838564,37.19172231822849,418.9630665030308,Medium,HTTP,1961.5737893148512,0,0,0,Normal
88.28711471862334,68.15516450416447,648.468938735643,Critical,DNS,2241.416283666585,1,0,0,Normal
87.57956482004374,73.81511422962987,803.3424035880271,Critical,DNS,3833.0277202028233,1,0,0,Normal
88.76326792305917,65.8300700260673,728.0817420328423,Critical,DNS,3049.7216426377854,1,0,0,Normal
45.90704900721903,38.4355225219361,256.84439779963145,Medium,HTTP,1003.7850367864135,0,0,0,Normal
71.77269940861152,63.027990741917804,591.839458401902,High,DNS,2777.8865458581568,1,0,0,Normal
51.59154556600697,40.953370766602774,431.1939494695843,Medium,HTTPS,1870.9192409772181,0,0,0,Normal
72.85047161847615,63.154700881489276,660.6320714798211,High,DNS,3085.1838807078702,0,0,0,Normal
42.49091848374519,35.186749450807696,325.0700222811297,Medium,HTTP,1220.7647877480779,0,0,0,Normal
71.17399192371522,51.51539170061901,444.5087485037497,High,DNS,2218.7129570133966,0,0,0,Normal
83.44832197166397,69.24883824456772,621.6561387969606,Critical,DNS,1970.7911883812037,1,0,0,Normal
58.14001102684415,48.507004891388505,508.82744773767416,Medium,HTTPS,2406.1375730013347,1,0,0,Normal
90.07258214704052,77.7086047622867,1040.555197009082,Critical,SSH,4771.197243730678,3,0,0,Attack
68.43014017878886,55.15562678847293,551.4880612422926,High,HTTPS,2222.336376726842,1,0,0,Normal
47.1385514915346,35.34520566816913,516.1657647981809,Medium,FTP,1634.5578521604773,4,0,0,Attack
68.95229745212418,55.02281424670482,550.4041722048411,High,HTTPS,2432.2373420074086,1,0,0,Normal
70.29409541559289,59.75493100856172,660.8753538244306,High,DNS,2536.780673066223,0,0,0,Normal
78.81995245377766,68.83181318716447,599.4729574951507,High,DNS,2143.7274557225783,1,0,0,Normal
61.80409382926882,50.825560029579165,514.511641491053,High,HTTPS,1676.424629965226,1,0,0,Normal
44.944580708106514,34.53030850139829,416.1184813406614,Medium,HTTP,1380.9307404035828,0,0,0,Normal
59.395130894263275,48.6621708690489,546.7281791988181,Medium,HTTPS,2630.932294054166,1,0,0,Normal
75.02112512556778,65.72323807616338,460.71868266932853,High,DNS,2277.931627439298,1,0,0,Normal
81.98371495160245,65.93326814072024,772.9731938741917,Critical,DNS,3468.5452454596725,0,0,0,Normal
66.70967672456754,55.56883950577455,531.7941595671367,High,HTTPS,2212.2306135011067,0,0,0,Normal
50.48590925114695,43.9398649588814,367.05080623656977,Medium,HTTPS,1757.7365458389775,0,0,0,Normal
65.78868740441976,57.11756115114907,607.5007607482784,High,HTTPS,2851.3935132430192,0,0,0,Normal
82.81892453422188,61.75371903352581,691.3159403909497,Critical,DNS,2414.251333767681,1,0,0,Normal
71.26718890322081,62.510945231568535,853.8851171986246,High,FTP,4097.661311990164,1,0,1,Attack
79.89855550586071,65.42659214694213,750.3792493135422,High,FTP,3398.7687960238172,3,0,1,Attack
81.10175459234597,64.13643996256765,809.2702044650702,Critical,DNS,2563.870625479553,0,0,0,Normal
80.45919171498099,69.94839530735383,436.53681203071284,Critical,DNS,1873.1406903257116,0,0,0,Normal
43.69423189506051,36.43630274611624,407.31641423192514,Medium,HTTP,1878.9585294498966,0,0,0,Normal
83.14049786553369,72.0832157144829,745.1969823755056,Critical,DNS,2336.21338912994,1,0,0,Normal
65.6612327946641,50.92284837110191,497.33606182003564,High,HTTPS,1503.1715488811221,1,0,0,Normal
57.24433688868885,51.47056991296007,310.0826216537408,Medium,HTTPS,1170.0933621337017,0,0,0,Normal
90.80946309455612,65.11244805626066,976.1944240845037,Critical,SSH,3399.663843574653,2,0,1,Attack
80.16782192412393,69.9767991962264,768.8941292378903,Critical,FTP,3172.164657948032,3,0,0,Attack
80.10145800810278,68.76903900890973,515.8574515206083,Critical,DNS,1930.830803718121,0,0,0,Normal
62.661707085280796,50.31552702641128,553.769698637703,High,SSH,2343.0399209104503,0,0,0,Attack
89.74145938511356,64.31528509113086,520.1863414116896,Critical,DNS,1968.7410195089408,1,0,0,Normal
35.10681542669772,29.5564362317281,334.58019887969937,Low,HTTP,1288.1835818853033,1,0,0,Normal
81.86366618188913,64.1689663800818,807.2372550107148,Critical,DNS,2445.8459047320393,0,0,0,Normal
77.5572557067062,58.75753424067328,676.1591881111609,High,DNS,2725.188029016383,0,0,0,Normal
60.891268528321234,44.19660704734017,481.0315491456395,High,HTTPS,2186.7631189474523,0,0,0,Normal
35.00191393744899,25.616500298766976,331.53899776634887,Low,HTTP,1197.8961600465218,1,0,0,Normal
72.57007113141299,63.94975939411442,670.1203816569331,High,DNS,2799.45377769426,0,0,0,Normal
55.15548242430668,49.33272107443519,343.6537741118254,Medium,HTTPS,1560.5930141725325,0,0,0,Normal
47.28060852052295,40.1283646380214,449.0291179254009,Medium,HTTP,1539.8501495796465,1,0,0,Normal
37.748495550476946,30.80253748338775,333.0739792957326,Low,HTTP,1012.0330432290972,1,0,0,Normal
39.55799626739463,34.76677104185827,214.41687993177493,Low,HTTP,1011.6902222960847,0,0,0,Normal
84.36418649078405,73.34323720900005,694.0876127838214,Critical,DNS,3195.6180774016284,0,0,0,Normal
88.32901593493034,66.17834837310744,797.8361250842416,Critical,DNS,2920.9224470803383,1,0,0,Normal
74.61832595028682,65.65549956510804,398.28053400394026,High,DNS,1269.6597166001793,1,0,0,Normal
64.79813328347518,55.268928647021816,327.6268651890858,High,HTTPS,1087.8696533264429,1,0,0,Normal
83.6642979097087,59.97162962846811,580.1050250198422,Critical,DNS,2823.214282666939,1,0,0,Normal
90.80937987950165,75.28925035370224,763.6012399559296,Critical,SSH,2937.5376458118944,4,0,0,Attack
44.76764064209419,38.55845582943505,349.81653293955685,Medium,HTTP,1299.5585152212593,0,0,0,Normal
83.965314400848,59.909486746108776,575.7825249779281,Critical,DNS,2636.699293658532,1,0,0,Normal
75.88204094661705,53.28775590516396,612.9510002311057,High,DNS,2752.9524616625918,0,0,0,Normal
35.04380408423458,27.241262559318876,243.96481752471874,Low,HTTP,951.1936982552954,0,0,0,Normal
68.72733561314817,51.425698897122786,489.7078485599837,High,HTTPS,1547.5552451541787,1,0,0,Normal
88.39058263780316,71.8228247063008,648.5594921603604,Critical,FTP,2648.2477187372615,3,0,1,Attack
34.050839350529714,26.365408883317073,257.9686600176592,Low,HTTP,1118.6418393838235,0,0,0,Normal
30.67338954147999,25.247490297789764,271.91859342000424,Low,HTTP,1257.018114780003,1,0,0,Normal
63.20467002246005,49.20283951316737,612.9063166959895,High,SSH,3009.152980885662,2,0,0,Attack
54.477051692738314,42.76529669662058,632.75733980878,Medium,FTP,2978.3733555994722,1,0,1,Attack
63.76858675298536,44.82866099398569,564.5398170257788,High,HTTPS,1788.909685124076,0,0,0,Normal
52.28862535725057,41.98982706224119,317.5603205840111,Medium,HTTPS,1476.5851459322191,0,0,0,Normal
66.93218462518416,57.20015727231346,341.0969952998098,High,HTTPS,1110.8886204628704,1,0,0,Normal
53.540525545104174,40.7611410978028,497.70374616575504,Medium,HTTPS,1527.344787706163,1,0,0,Normal
55.5044667495531,45.38899206980945,500.1029838995909,Medium,HTTPS,2017.3518640459374,1,0,0,Normal
30.896916224446613,26.38960661192301,205.5460330937499,Low,HTTP,901.9140420627155,0,0,0,Normal
70.91182417985692,52.682436188351595,587.8615831977909,High,SSH,2238.3197184603523,4,1,0,Attack
76.37960687805389,53.7595055512046,443.0882465659088,High,DNS,2038.4621842108743,1,0,0,Normal
48.3941407904058,42.19162305873042,467.81763879361006,Medium,HTTP,1889.049631126696,0,0,0,Normal
75.32615874653857,64.8110470673407,736.1249767674448,High,SSH,2663.968814467269,2,0,0,Attack
76.23534485013806,58.40432187791173,517.4420068820019,High,DNS,1786.4317557693462,1,0,0,Normal
42.8786389195011,30.820534493509772,383.69220206356607,Medium,HTTP,1393.170290830239,1,0,0,Normal
41.1538972845301,30.126517660743644,559.2024497035252,Medium,FTP,2683.2157613236295,0,1,0,Attack
81.54998747551872,72.3081685902068,591.0125376998265,Critical,DNS,2552.151912337558,1,0,0,Normal
78.12167305153707,61.301705220915615,421.88831922013196,High,DNS,2037.467809037504,0,0,0,Normal
49.831669258092006,38.44499174002907,384.1120341718865,Medium,HTTP,1528.1553065269607,1,0,0,Normal
35.63558408211975,30.572950388281942,297.23175916435673,Low,HTTP,1463.154323756847,1,0,0,Normal
49.61359420558438,42.12843685324336,649.3470572402098,Medium,SSH,2774.1675911282814,3,0,0,Attack
86.00188729120418,67.93200506125596,840.5923137099262,Critical,DNS,2981.875567280731,1,0,0,Normal
55.40857290834538,39.67342576293614,513.4955687167432,Medium,HTTPS,2020.243833516135,1,0,0,Normal
51.44915058481274,41.58777087206398,278.95636328703876,Medium,HTTPS,1237.491829953959,0,0,0,Normal
87.37995749834226,72.84297191812055,997.2937219627961,Critical,FTP,4242.680746145637,1,0,0,Attack
74.73927576386814,64.44598593734551,421.68114456130394,High,DNS,1291.0486042597913,1,0,0,Normal
56.96691038152494,50.755499914790086,294.63043723523543,Medium,HTTPS,1408.2002642973405,0,0,0,Normal
44.80480554098904,39.0114348353128,539.8302110805305,Medium,SSH,1794.472144619973,0,0,0,Attack
62.49829433145351,44.8037319937932,529.3438668273919,High,HTTPS,2466.8264326829467,0,0,0,Normal
70.09043493584613,60.626673602209756,491.95819156393384,High,DNS,2448.380982356704,0,0,0,Normal
78.68321018104325,57.09892253187691,708.2626532410465,High,DNS,2998.6084909765646,1,0,0,Normal
87.28937680592935,61.702966151980796,662.9637524320457,Critical,DNS,2669.795843918652,0,0,0,Normal
81.2092678292538,65.24249344321126,531.6990711150713,Critical,DNS,2334.790496379701,0,0,0,Normal
35.06378281068464,29.411126560252814,214.97858867359943,Low,HTTP,645.7112233637312,0,0,0,Normal
79.49335451135994,62.06493335584791,522.8592029639735,High,DNS,1913.7262844492793,0,0,0,Normal
37.70434531266801,32.42791751393294,358.030134669862,Low,HTTP,1767.2080774482752,0,0,0,Normal
32.06348954408895,25.772646642142803,265.98831590750075,Low,HTTP,948.7558567845055,1,0,0,Normal
71.016186405177,54.10658145649463,879.8736121287733,High,FTP,2890.0811758852724,0,0,1,Attack
71.63679616984155,53.38681324519041,533.4094445118623,High,DNS,2070.1492080139546,1,0,0,Normal
54.22687495334685,41.38030080964912,531.7764266947162,Medium,HTTPS,1996.3471159043117,0,0,0,Normal
78.01734981753725,68.64193020613482,638.2290681210726,High,DNS,2645.236297957096,1,0,0,Normal
61.14012861922674,50.858011849988536,389.36334355625866,High,HTTPS,1451.0399699760915,1,0,0,Normal
58.567250068008434,51.71137277534637,629.6341964282972,Medium,SSH,2217.1563741122395,2,0,0,Attack
43.57286799349822,34.76422225913672,374.30710366326787,Medium,HTTP,1330.1373018034067,0,0,0,Normal
48.92874158016639,43.657179804104516,398.0590159570642,Medium,HTTP,1556.1954925332914,0,0,0,Normal
93.94871281838277,77.71664620677295,684.2281594653215,Critical,SSH,2172.704366774831,3,1,0,Attack
69.54811021118076,52.49039646201259,657.1510210138838,High,HTTPS,2709.689210562789,0,0,0,Normal
84.88202561311482,67.3479161172983,493.19464968817755,Critical,DNS,1512.2741124734061,0,0,0,Normal
59.35231161045522,50.07049097540206,543.097201058062,Medium,HTTPS,2507.4077206465586,0,0,0,Normal
87.67812778860389,72.37122568007473,871.6974856865106,Critical,DNS,2854.9664489032334,0,0,0,Normal
68.16725171214784,48.13746516569517,551.0899823474522,High,HTTPS,2257.02705389379,0,0,0,Normal
56.42051510512829,49.53466104527255,626.970931351115,Medium,FTP,2817.615020137355,1,0,0,Attack
58.02889586164383,42.50118591076629,491.96721524391955,Medium,HTTPS,2008.3200654052864,1,0,0,Normal
73.08445256872801,63.29229586308277,366.08132702938434,High,DNS,1270.4503259623884,1,0,0,Normal
67.62581331993715,60.70638758858693,449.73157722085654,High,HTTPS,1600.963812072291,1,0,0,Normal
41.85010671531927,34.458340378456036,611.7966727893629,Medium,FTP,2649.635111532132,4,0,0,Attack
83.3864346309565,66.93480441555221,535.1132691790708,Critical,DNS,1846.3162579517384,0,0,0,Normal
39.72425261425087,33.3333665546564,226.89052145950143,Low,HTTP,682.7437620944684,1,0,0,Normal
89.8047613624658,62.8957267665511,846.8133867774462,Critical,SSH,3255.275169505069,4,0,1,Attack
89.30421066310373,68.40807752162125,614.8840132550027,Critical,DNS,2343.06247418198,1,0,0,Normal
77.01256280794041,68.81780948968753,805.4439466333433,High,SSH,2715.4474975782155,3,0,0,Attack
60.81184683738684,46.015765144143735,414.5389997874047,High,HTTPS,1486.9353049492013,0,0,0,Normal
71.73563524287601,52.25693471374624,452.17489982407744,High,DNS,2104.349702855384,1,0,0,Normal
40.108214126958046,31.609186960565864,456.0507260002847,Medium,FTP,2064.378264674242,0,0,0,Attack
49.803534504171694,38.618207694400276,362.25338241004323,Medium,HTTP,1754.9959430717072,0,0,0,Normal
88.07759791598073,71.7361234193121,479.0120337832849,Critical,DNS,2312.163399758712,0,0,0,Normal
47.00724054899183,36.32107969621168,367.0547306738458,Medium,HTTP,1394.89991169534,1,0,0,Normal
38.539647150901146,28.986980762788445,199.08449401926913,Low,HTTP,923.9543617925851,1,0,0,Normal
56.42927750792296,42.624412699856244,510.24302466319165,Medium,HTTPS,2438.056490437084,0,0,0,Normal
52.62329518700426,41.62218076335791,299.31871377483475,Medium,HTTPS,1336.7658426511236,1,0,0,Normal
64.33950896711394,46.166230215038425,497.91847533025265,High,HTTPS,2211.412106949965,1,0,0,Normal
61.80096899130149,50.203330409222566,739.8333504485827,High,FTP,2662.0038462792118,0,0,0,Attack
45.640213953884086,32.25066441444338,351.6833356295589,Medium,HTTP,1480.6175327557464,0,0,0,Normal
46.60796619558823,40.16146608909961,287.85133670054756,Medium,HTTP,900.2369780535802,1,0,0,Normal
57.2837767880992,41.67498054644902,366.59050482966535,Medium,HTTPS,1420.002963481219,1,0,0,Normal
45.26227487360302,36.64238698274541,576.911184976834,Medium,SSH,2301.2604348141435,1,0,0,Attack
63.701666310225846,54.10827313683682,390.22493024657234,High,HTTPS,1628.6025984360463,1,0,0,Normal
31.988474333381873,25.853799496202654,160.67275082757695,Low,HTTP,795.1322969552274,0,0,0,Normal
78.50601968275441,58.647173156625584,558.2066576660914,High,DNS,2041.7101428231715,1,0,0,Normal
38.25540955833276,28.920403996141424,268.79937267629384,Low,HTTP,1080.737410049818,0,0,0,Normal
62.86707032559207,52.3739779828806,372.70230927082554,High,HTTPS,1636.7431565207921,0,0,0,Normal
74.82036626795889,55.74362644816187,483.89345982984,High,DNS,1487.4963177405753,1,0,0,Normal
62.46670122578507,43.78374187753296,570.6083521767798,High,HTTPS,2085.8721043097717,0,0,0,Normal
44.1121383823338,34.60220994746143,388.91927424570974,Medium,HTTP,1675.6322735975907,1,0,0,Normal
46.794623270543525,36.54929774648127,449.774015948621,Medium,HTTP,2220.227154723714,1,0,0,Normal
69.92724034204002,51.545938272651,669.0187673338143,High,HTTPS,2517.3776697261665,1,0,0,Normal
43.50983787699079,33.01074514577699,304.59610959645676,Medium,HTTP,1522.5651560945137,1,0,0,Normal
30.27399087048252,26.19862776442869,275.57022794971215,Low,HTTP,891.1780811207132,1,0,0,Normal
65.32441103321617,55.699785159078125,817.0259716764896,High,FTP,3998.9638019039467,1,0,0,Attack
64.31729026968242,56.886482580848046,757.3138686007784,High,SSH,2317.864489164659,0,0,0,Attack
41.14102324296255,36.3149434178616,353.9479092354326,Medium,HTTP,1247.7915210402252,1,0,0,Normal
47.60883577022469,37.136084345488506,309.23281372381086,Medium,HTTP,1328.086227801613,0,0,0,Normal
79.61520444903726,68.79562713625958,638.9293848172653,High,DNS,2307.9953415299556,0,0,0,Normal
75.799253042278,66.53829743819144,403.1453763637145,High,DNS,1626.5614130446336,1,0,0,Normal
85.33992185766692,72.24901924871024,613.0691856502608,Critical,DNS,3033.4809926911403,1,0,0,Normal
84.80826597384294,71.58931707925822,633.7156984478961,Critical,DNS,2663.427790820088,0,0,0,Normal
54.00751401306479,41.03551833847672,428.4817171083151,Medium,HTTPS,1731.5172899788722,1,0,0,Normal
79.23048598197056,65.04892039848984,782.1571784368555,High,DNS,3341.365759222404,1,0,0,Normal
83.346780215943,59.40489416916261,553.7610364768117,Critical,DNS,1996.108322633134,1,0,0,Normal
73.98084862044925,58.24911666904792,558.6682032964889,High,DNS,1805.2773329422082,1,0,0,Normal
73.23940864916949,58.51047757554794,620.9889357950749,High,DNS,2591.2123002689727,0,0,0,Normal
47.94338392552163,39.18651074773302,248.58838318710193,Medium,HTTP,934.6868505879036,1,0,0,Normal
66.30261795929982,59.33267992205388,440.170360642231,High,HTTPS,1731.1806553852452,1,0,0,Normal
43.82311595691135,33.558095037748444,562.4645055405397,Medium,SSH,2550.3925659290744,0,0,1,Attack
66.20619831446675,53.101408746350685,851.5214722052981,High,SSH,3450.3807742402923,1,0,1,Attack
59.668009291926865,50.07074564352989,412.12556937036294,Medium,HTTPS,1529.957192375879,1,0,0,Normal
65.20491174720519,46.126059974869875,651.826810041579,High,HTTPS,3191.116901399811,0,0,0,Normal
88.46306412127888,67.72310451208195,494.05334344179454,Critical,DNS,1997.5066886303262,0,0,0,Normal
59.72872401915083,49.62520461096009,781.5393056532021,Medium,FTP,3650.528201253219,0,0,0,Attack
60.618296012689825,54.17043137028296,312.2810877440694,High,HTTPS,1308.3605695307485,0,0,0,Normal
71.74668756866595,55.695452693654104,452.96438174995234,High,DNS,1721.7619871556005,0,0,0,Normal
42.22048495532363,37.992678655802436,547.7677928382127,Medium,FTP,2516.266738631788,0,1,0,Attack
49.66569783035084,35.927876794297894,324.35245363118685,Medium,HTTP,1351.5419278665995,0,0,0,Normal
79.25296208428335,70.49183991146977,801.2678704325581,High,SSH,2695.4447111033946,1,0,0,Attack
88.08951224367775,62.19682604907109,869.4487526922527,Critical,DNS,3076.3458872424953,1,0,0,Normal
52.88372431277821,39.79687228980977,423.44988056244506,Medium,HTTPS,1804.145693013294,1,0,0,Normal
89.95908760407474,74.61906440433566,683.9258629409406,Critical,DNS,2299.600457141072,1,0,0,Normal
47.018254230642924,35.79163741227281,584.6078607917939,Medium,SSH,2308.7808561811917,1,0,0,Attack
86.83610829524696,69.77000897086825,565.4416656726562,Critical,DNS,1881.216063191326,0,0,0,Normal
31.819175058044493,28.471873940319192,177.50282677222006,Low,HTTP,565.6352282206453,1,0,0,Normal
45.760606729018036,37.53685314853063,362.9638603567849,Medium,HTTP,1239.5035736993784,0,0,0,Normal
68.843334425801,55.357289464705126,475.01522028839554,High,HTTPS,1581.1110827341013,1,0,0,Normal
48.36856449433981,40.01041652130378,354.659924245153,Medium,HTTP,1152.5783467529448,1,0,0,Normal
71.04031263232173,54.023589274325765,827.6975236190606,High,FTP,2864.406042618086,3,0,1,Attack
98.44071747662383,71.18636582644172,951.1072317723138,Critical,FTP,4430.585783056056,3,0,1,Attack
76.08624643558869,62.18315080952339,715.9326347515388,High,SSH,3462.7336855498984,3,0,1,Attack
61.2315873123589,47.51557701407996,596.3423126554553,High,HTTPS,2879.4510799035534,0,0,0,Normal
68.15962768123427,54.07088749990111,518.541274967757,High,HTTPS,1883.496409288022,0,0,0,Normal
48.13915341532265,41.08348121808044,441.79062906092383,Medium,HTTP,1570.530873632951,0,0,0,Normal
46.94183357617021,37.797651324568534,574.3245996775556,Medium,FTP,2354.609334170375,1,0,0,Attack
65.1815685065958,50.270351824193895,456.44989633758144,High,HTTPS,1573.0789445153493,0,0,0,Normal
52.79933984900708,46.96845268142746,474.35905410226115,Medium,HTTPS,2250.5300012714506,0,0,0,Normal
57.98936117775156,46.641418578881485,459.11523677845497,Medium,HTTPS,2182.476496076353,0,0,0,Normal
86.02952048386214,74.59573603888181,708.4289890051969,Critical,FTP,3137.4953044489694,1,1,0,Attack
61.56055555373314,50.416179110961075,390.6435348609399,High,HTTPS,1717.050218678827,0,0,0,Normal
51.37070636359567,40.07479125865469,418.74683648894813,Medium,HTTPS,1894.8037610567044,1,0,0,Normal
86.86954504968526,74.6528561886954,513.0414148361438,Critical,DNS,1655.123535186917,1,0,0,Normal
61.29297666815546,50.05731744088501,451.9255652632404,High,HTTPS,1683.4892208868716,0,0,0,Normal
90.12839181013987,66.37031820865272,724.3185886038259,Critical,FTP,2228.9625133390896,4,0,0,Attack
65.69066340030986,49.519406667303954,359.1023788457884,High,HTTPS,1277.1678325627447,0,0,0,Normal
54.03293878232944,44.634387292590084,326.21716542774544,Medium,HTTPS,999.0792486672672,0,0,0,Normal
87.81022386843688,64.64899010914142,711.1758589669025,Critical,SSH,2199.439055752933,3,0,0,Attack
65.00678623538988,51.6757226160197,365.6327426593394,High,HTTPS,1340.9997646805273,0,0,0,Normal
40.919236022091354,29.98146374553753,251.72407255951236,Medium,HTTP,890.7354674097613,1,0,0,Normal
56.1481499990623,40.35157879612597,713.5232839412591,Medium,SSH,2385.936565091665,3,0,0,Attack
67.81765511070262,50.28645476922027,650.4858043850973,High,HTTPS,2663.6140857393843,1,0,0,Normal
40.870602286595386,29.952218108067957,391.1848464505501,Medium,HTTP,1714.3405179630322,1,0,0,Normal
58.478437138401205,42.395771966516634,384.83167528008664,Medium,HTTPS,1414.6585407189452,1,0,0,Normal
39.809556532418355,29.700683245195943,254.27569996346196,Low,HTTP,1232.7530909598192,1,0,0,Normal
35.59879780616029,30.822667918415913,275.87185163313984,Low,HTTP,862.7260773276528,1,0,0,Normal
42.44851147006557,37.5103712508127,259.6081264323852,Medium,HTTP,999.4025051278063,0,0,0,Normal
39.85644765914003,35.18734650975488,373.09219554958065,Low,HTTP,1631.3302509802484,1,0,0,Normal
37.49438275604916,28.616830058999547,351.85265869450313,Low,HTTP,1169.0524590490238,0,0,0,Normal
43.820754353364464,33.10623461061761,375.6322792019202,Medium,HTTP,1832.0060093104082,0,0,0,Normal
79.75035521914833,64.59610024578734,676.9688652161159,High,DNS,2927.5783237960536,1,0,0,Normal
85.10025877301814,63.368497780467045,749.932986345896,Critical,DNS,3251.4539640525713,1,0,0,Normal
84.85561491092085,74.20080232201626,472.24297005381703,Critical,DNS,1906.8957291592828,1,0,0,Normal
48.96893845558225,42.86573055021076,333.61890481476024,Medium,HTTP,1360.2997611150302,0,0,0,Normal
46.64763602871972,39.31839236563801,242.25556011605096,Medium,HTTP,1015.6626147937745,1,0,0,Normal
62.993652134646254,52.885942684660066,402.6170476380874,High,HTTPS,1615.2911753098995,1,0,0,Normal
43.390029692454846,36.9897342814246,223.74286874517986,Medium,HTTP,811.2565611131363,1,0,0,Normal
82.33079236975755,59.493063932684855,430.72991968588724,Critical,DNS,1879.3312409896414,1,0,0,Normal
82.60971894924296,63.81722329717017,550.9271063601249,Critical,DNS,2163.6348722987177,0,0,0,Normal
72.86421164899366,51.56835872663637,462.42162149072254,High,DNS,1578.0489598696474,1,0,0,Normal
71.86319998538238,54.30383175350181,421.09687513510556,High,DNS,1797.035721136917,0,0,0,Normal
75.74816065076448,53.49804821505614,586.0649203973448,High,DNS,2928.243777213152,1,0,0,Normal
36.78303665107819,26.089029289051574,311.0401898356636,Low,HTTP,1422.665975424327,1,0,0,Normal
51.75441379862605,39.68328676406136,346.24284562902386,Medium,HTTPS,1085.7688622783712,1,0,0,Normal
32.319700822627055,24.364332761298932,310.92330630936374,Low,HTTP,1495.266397795242,1,0,0,Normal
46.69668939546682,34.29349046779959,248.34129810130523,Medium,HTTP,1141.426256332663,1,0,0,Normal
41.87860307938536,33.89992261310974,498.3492424862052,Medium,FTP,2305.4706419537265,3,1,0,Attack
32.7803873551602,27.47793284664813,276.37626392361545,Low,HTTP,1294.2771705680389,0,0,0,Normal
50.028419905211194,38.402040051659974,290.48533347937314,Medium,HTTPS,1038.4144882275157,0,0,0,Normal
46.15617231433134,40.83942594346647,447.38325593165126,Medium,HTTP,1806.3213841718803,0,0,0,Normal
40.316413722866855,28.73460116119549,335.0837339902603,Medium,HTTP,1101.0706603809379,1,0,0,Normal
62.84422201606503,49.33056511533516,524.0672918884424,High,HTTPS,2420.885420263717,1,0,0,Normal
71.47292387613561,59.84041099585561,542.8287658180889,High,DNS,2414.4754626910685,1,0,0,Normal
50.28134882784798,36.81883207688762,386.8403253344622,Medium,HTTPS,1784.1048805138835,0,0,0,Normal
95.4428902726795,84.72585764691581,961.7596539410802,Critical,SSH,4547.456438502102,0,0,1,Attack
43.81813391475589,36.47657688479377,529.9482574881442,Medium,SSH,2146.386070776394,4,1,0,Attack
55.489740501798224,46.25435742376024,364.26839560951976,Medium,HTTPS,1549.3804030216988,1,0,0,Normal
71.17376378596418,57.20914904495637,598.4168010530657,High,DNS,2112.0080077012753,1,0,0,Normal
39.676875830919016,32.04862392875678,290.3614881261524,Low,HTTP,982.0945331577083,1,0,0,Normal
96.31378431076882,78.90531345600324,780.9108281606412,Critical,SSH,2601.5699010072294,0,0,0,Attack
69.73617285315413,55.87247585270164,569.6593519565188,High,HTTPS,2371.8244999454255,0,0,0,Normal
80.06978049714235,61.059959181849216,999.9870851472442,Critical,SSH,4037.117228456489,3,0,0,Attack
61.13864155195188,51.13104934116618,546.2581096105316,High,HTTPS,2448.994403972278,1,0,0,Normal
62.322183319047326,49.40442510029604,332.778543734927,High,HTTPS,1294.4132868695367,0,0,0,Normal
65.77576518457136,48.75678630101347,626.3688786169195,High,HTTPS,2107.794079787226,0,0,0,Normal
60.35937261865911,49.902180208070774,542.6609285904632,High,HTTPS,2666.1032204353623,1,0,0,Normal
48.77529625809984,43.88044895275303,442.17425310835216,Medium,HTTP,2173.463021365174,1,0,0,Normal
70.89394224298303,60.78374007117961,652.7605433644815,High,DNS,2696.0948980159383,0,0,0,Normal
57.81784816834261,41.25800320217951,372.1672777067726,Medium,HTTPS,1761.4538610666057,0,0,0,Normal
42.37728210777277,37.330641438492904,321.80520651985944,Medium,HTTP,1007.2814755292852,1,0,0,Normal
68.02534242699039,58.475944364020464,388.75747818184357,High,HTTPS,1540.9168674970815,0,0,0,Normal
89.89348493480065,77.54405103116045,813.4050459089524,Critical,DNS,3633.4304399106013,0,0,0,Normal
87.21692777155113,75.73068328083167,951.7991172088012,Critical,SSH,4474.6848097732045,4,0,0,Attack
44.0757802783628,33.38633265557494,598.0035268530087,Medium,FTP,1967.3782944465559,0,0,0,Attack
94.27349453573697,75.77256331786211,1078.691897816999,Critical,FTP,3597.2251858175414,4,0,0,Attack
77.88599782550591,56.747401225210275,593.9158692943276,High,DNS,2939.824867689809,1,0,0,Normal
88.78644404787337,76.52873958640895,922.1452794477243,Critical,SSH,4455.187393923813,4,0,1,Attack
80.4907735773304,67.99820682717561,508.9685269889166,Critical,DNS,1734.3368150573644,0,0,0,Normal
47.24271092687559,40.68538967746087,281.3677572729198,Medium,HTTP,1092.3583178750591,1,0,0,Normal
61.125770369544625,53.35220446737542,356.28007832270464,High,HTTPS,1555.7917945606482,1,0,0,Normal
38.57870275609457,31.05655186251231,305.11740623089065,Low,HTTP,1015.4188345766609,1,0,0,Normal
78.58251360470604,64.85731786283505,596.6710079328649,High,DNS,2212.1206360956317,0,0,0,Normal
83.43851402489236,62.823577763739934,926.586416703119,Critical,SSH,4340.528085736829,2,0,1,Attack
78.35979061681428,57.84767970406164,566.0934166319362,High,DNS,1803.7222429639064,0,0,0,Normal
91.84801015100675,67.33796259459879,743.0743830037253,Critical,FTP,3436.314584779225,0,0,1,Attack
71.50541343129589,58.37404410541055,899.505026878659,High,SSH,4183.422958034715,1,0,0,Attack
77.60209958065388,62.370121763470024,959.6080190823064,High,SSH,4718.179059220232,1,0,0,Attack
45.87978164974629,38.92082075277938,359.04335434260554,Medium,HTTP,1144.6611208201882,0,0,0,Normal
41.469503358966904,32.718251205307745,387.0102779468501,Medium,HTTP,1930.8503418787016,1,0,0,Normal
39.94367374063586,29.418916207555,212.70973784393328,Low,HTTP,866.3604114989292,1,0,0,Normal
64.90751666584401,57.852190150167644,480.91553835465334,High,HTTPS,2400.3728692918453,0,0,0,Normal
71.11508103713277,63.401934484917845,816.3790581022762,High,FTP,2830.758624392892,0,1,0,Attack
74.49655177028035,60.56790895467282,689.3335779364106,High,DNS,2772.9895280523906,0,0,0,Normal
56.691413365333574,49.50840009985083,324.54570715594434,Medium,HTTPS,1187.728663919028,0,0,0,Normal
40.95300796751417,29.19989146709554,239.043034481552,Medium,HTTP,780.1169623931573,0,0,0,Normal
87.39055715843278,69.59519218048762,862.9601641068664,Critical,DNS,3255.285456478904,1,0,0,Normal
87.46197948566987,74.05352147530321,837.7390846792074,Critical,DNS,3041.4464116935123,1,0,0,Normal
73.90890926646534,64.31029414813233,644.8488895602529,High,FTP,2067.442934981067,1,0,0,Attack
81.98888241226086,59.76916439035365,590.7945028520674,Critical,DNS,2805.0126453454127,1,0,0,Normal
33.902906645525945,24.867114793803115,285.3578982529798,Low,HTTP,1376.557550875902,1,0,0,Normal
58.91091135046736,52.724683555092206,342.85576324776383,Medium,HTTPS,1303.9255774580695,1,0,0,Normal
84.00815958242674,74.19037108168104,768.6171623715767,Critical,FTP,2451.045785067131,4,0,0,Attack
81.03873586987902,60.02986647746868,746.4536286220995,Critical,DNS,2685.4047091154075,1,0,0,Normal
48.69732565624872,38.38476697046174,466.1628462137496,Medium,FTP,1589.6085197931097,2,0,0,Attack
40.04409580986248,33.50395862983516,362.8451308027759,Medium,HTTP,1125.2544476612366,1,0,0,Normal
88.49703567524557,64.85028278476119,807.7136692513994,Critical,DNS,3575.8839000159164,1,0,0,Normal
84.9398753065907,65.46688038319294,831.7264683385679,Critical,DNS,3863.1213309722702,0,0,0,Normal
52.22656548045052,45.35578887997961,485.6905525982462,Medium,FTP,1740.4935005705213,2,0,0,Attack
56.46945568274532,40.580433356913275,563.162098264863,Medium,HTTPS,2644.9014456628297,1,0,0,Normal
71.00298522597768,61.236210244307884,545.4751342711005,High,DNS,2419.239369654349,1,0,0,Normal
39.83883061147935,34.46379763735438,397.5174920256823,Low,HTTP,1752.7441432388753,0,0,0,Normal
61.22313335246872,54.59130542676625,577.6634995273486,High,FTP,2797.0165633996485,0,0,0,Attack
80.53286366470275,57.88771564531841,608.5688624699357,Critical,DNS,2826.59432914245,1,0,0,Normal
35.587875956698554,31.9904572500503,236.62959727934782,Low,HTTP,958.6770837691151,0,0,0,Normal
78.73367175794556,63.56145814007123,445.5341810039472,High,DNS,2171.8838870451345,1,0,0,Normal
79.52416605890903,71.50221853239019,551.1484820809247,High,DNS,2232.6188020572977,1,0,0,Normal
87.50332319228619,65.34272330598212,575.4527811328697,Critical,DNS,1753.458751059566,0,0,0,Normal
35.64258246049576,28.595012603815206,196.57677322783033,Low,HTTP,771.2026081100903,0,0,0,Normal
89.67434602425783,68.68754768672642,840.2183962638189,Critical,DNS,3515.8032994755085,0,0,0,Normal
72.18910430907272,52.43455649963053,890.122176637505,High,SSH,3758.400587827643,0,0,1,Attack
89.73769890057156,69.74621641209588,628.8664422107768,Critical,DNS,2200.9789770234684,1,0,0,Normal
44.02368592011044,33.592455706740374,240.90897554258166,Medium,HTTP,808.3059648504774,1,0,0,Normal
60.6813196168514,43.72749901258069,394.0569973986271,High,HTTPS,1627.3280490416169,0,0,0,Normal
59.78995910874801,52.30345010689614,560.232327767977,Medium,SSH,2217.8524884612757,1,0,0,Attack
47.905002430015884,42.27122388943376,451.64468995329764,Medium,SSH,2054.4589488892866,1,0,0,Attack
53.16694299028313,41.486865137346754,455.5300796842401,Medium,HTTPS,2020.4103611883531,1,0,0,Normal
48.9162413685699,35.1654127696236,445.71276864688934,Medium,HTTP,1379.4386889380664,1,0,0,Normal
36.182670162816066,27.48996678701431,233.69880751708706,Low,HTTP,894.289526823238,1,0,0,Normal
92.43595523337717,68.4949082716246,1054.2281419351525,Critical,SSH,3750.073402929078,2,0,0,Attack
84.71905904516461,60.160677849586776,727.54710948591,Critical,DNS,2456.7354470169016,1,0,0,Normal
54.093947125729755,45.58587661705947,461.0461192571242,Medium,HTTPS,2235.1392763187387,1,0,0,Normal
35.6670982015703,30.83314240088432,342.57783180803875,Low,HTTP,1474.3260109567143,0,0,0,Normal
57.92651838557504,43.92883051122214,727.8058938696781,Medium,SSH,2491.2669959660307,1,1,0,Attack
42.29956329880224,36.785895224546806,322.6804012544861,Medium,HTTP,1147.0939819537527,0,0,0,Normal
43.03592790442053,36.301256072682534,616.887551251359,Medium,SSH,2122.8498534116998,3,0,0,Attack
72.81503221296589,61.23180038164713,555.369013500469,High,DNS,2533.9970151843877,1,0,0,Normal
79.34105062289746,70.15294352462132,406.0464835621713,High,DNS,2007.8255646098785,1,0,0,Normal
47.50632215880614,41.06759152011367,347.17173835500756,Medium,HTTP,1592.747137877637,1,0,0,Normal
90.8955673941091,73.18350092117616,923.6178384392853,Critical,FTP,3721.759033641217,3,0,0,Attack
73.05314308527159,64.83310277363152,588.505596986156,High,DNS,2758.15038165446,1,0,0,Normal
72.27675599686336,58.1889186393212,451.71433253303934,High,DNS,1890.8523617780504,1,0,0,Normal
95.25843673807685,67.1295163678466,760.8897519242491,Critical,SSH,2895.197404924866,0,0,1,Attack
79.33974461018806,62.86216823984086,620.7693995946902,High,DNS,2154.4535959794225,1,0,0,Normal
61.54148442859878,50.367964483007604,455.2236645922679,High,HTTPS,1599.1757036028548,0,0,0,Normal
86.24358666384069,70.91242974387434,765.1614948737663,Critical,DNS,3287.6753744073167,1,0,0,Normal
61.52544412139832,46.14355897944651,528.3951522098046,High,HTTPS,2300.543413197392,0,0,0,Normal
31.41282179265545,23.104865217373877,164.51719582958066,Low,HTTP,771.5433922657414,1,0,0,Normal
57.69487240737362,46.90406670079004,407.7117216470703,Medium,HTTPS,1835.530460111081,1,0,0,Normal
65.53176585191977,52.15547735988965,418.94039200133676,High,HTTPS,1797.0959628851176,0,0,0,Normal
66.67027133371448,56.995341115494035,396.14429824258184,High,HTTPS,1951.9448880007926,1,0,0,Normal
44.99744441534858,37.95667254378961,432.87241171858506,Medium,HTTP,1773.3759119428119,0,0,0,Normal
50.657017410412664,35.940672755237486,618.3792841524428,Medium,FTP,1967.0977965749655,1,1,0,Attack
63.89030468570127,50.004868940219524,387.01276007560404,High,HTTPS,1888.2417793753327,1,0,0,Normal
58.76425432092219,44.409172087956925,375.3408103923408,Medium,HTTPS,1214.7875063826843,0,0,0,Normal
76.46516794662602,56.40634549565399,466.6720057909595,High,DNS,2086.3944184326297,1,0,0,Normal
73.05885503250465,64.64227986706847,650.7218300997166,High,DNS,2106.213331837342,1,0,0,Normal
42.84715085406788,35.57866091662049,622.5604253387954,Medium,SSH,2558.0040437517896,3,0,1,Attack
54.800268301478354,40.67814444827669,491.5281008110365,Medium,HTTPS,2060.9126866937213,1,0,0,Normal
46.71523327138857,35.29285428407363,353.8146764278118,Medium,HTTP,1382.0083645739223,0,0,0,Normal
41.3021183777164,30.733842209853332,380.67151014739335,Medium,HTTP,1856.023181778561,1,0,0,Normal
85.43919900595938,73.1592508852391,680.5119498212691,Critical,DNS,2253.3293026384736,1,0,0,Normal
79.1087052984949,70.7612893931031,754.7528886759055,High,FTP,2812.6132745393097,4,0,0,Attack
42.68948150667711,36.66078238594407,263.67352829165213,Medium,HTTP,1212.5362007467727,1,0,0,Normal
46.64676046275417,37.4552231475021,293.0518605200409,Medium,HTTP,1056.2301140660038,1,0,0,Normal
43.236798137950245,37.558518256654956,356.3477257424039,Medium,HTTP,1776.8210750707551,0,0,0,Normal
76.88180040218867,62.93503615094742,644.6214935665972,High,DNS,3053.45527847948,1,0,0,Normal
88.34451073154924,68.95302877980691,814.9213833692081,Critical,DNS,3527.7795606856957,1,0,0,Normal
77.63336371426703,57.99692223600829,679.6859493849371,High,DNS,2739.944809343336,1,0,0,Normal
60.88633021413443,45.74356511125321,500.7325432051626,High,HTTPS,1893.2917471531555,0,0,0,Normal
80.60106118511612,66.8723454194569,791.3731125454203,Critical,DNS,3312.8113440093803,1,0,0,Normal
65.5784170833067,54.78310407731044,507.702126882637,High,HTTPS,2283.830776430794,0,0,0,Normal
54.15046914233244,47.05536683208425,295.2627216835423,Medium,HTTPS,1451.0714607332472,0,0,0,Normal
44.1185469541233,37.509721602620026,427.84146809480484,Medium,HTTP,1927.3589466876467,1,0,0,Normal
45.388350473949686,37.62522730385209,253.77669964786153,Medium,HTTP,1118.529910015627,0,0,0,Normal
68.90123443612538,61.5106005742159,597.8549832109529,High,HTTPS,2110.243690208251,1,0,0,Normal
70.61494244844653,57.17524910927224,394.86706867378155,High,DNS,1943.4983426947408,1,0,0,Normal
90.69229451217325,65.12662497863751,904.8706258404345,Critical,SSH,4159.462171984953,4,0,0,Attack
75.06090426068113,66.64670340562154,599.1489904379638,High,DNS,2441.6788420585817,1,0,0,Normal
68.68866291217273,49.706495531276005,499.027134533673,High,HTTPS,1542.5316349481343,1,0,0,Normal
97.82074839851703,82.86194117485128,1147.798829324555,Critical,SSH,4636.096092031664,1,0,0,Attack
72.90290607124916,52.75789233587354,621.2378481001645,High,SSH,2053.575272278391,4,0,0,Attack
35.431615207053255,28.730946175053596,241.51387306932057,Low,HTTP,780.9742865745364,1,0,0,Normal
86.37050563964294,70.7622194270388,777.0380793771013,Critical,DNS,3337.4044129421086,1,0,0,Normal
37.09475810367195,29.327202130566867,241.5094094184593,Low,HTTP,934.0805798761814,1,0,0,Normal
84.12382096263173,74.66540629668812,1038.335964345882,Critical,FTP,5088.393754981522,4,0,1,Attack
37.102013536932645,27.126123007155865,346.60876416628986,Low,HTTP,1492.3664616191816,1,0,0,Normal
63.265338092751335,48.88218673788499,526.5228440687945,High,HTTPS,2603.14030235806,0,0,0,Normal
75.7860547520977,65.16560149936564,774.3052762293938,High,SSH,3717.6724858759962,0,0,1,Attack
57.18069853915949,43.48159260453534,397.55508763815624,Medium,HTTPS,1712.9619389682553,0,0,0,Normal
86.26966812356841,77.5236502579944,687.1715628637448,Critical,DNS,2573.9286995200982,1,0,0,Normal
39.33679944475443,34.367849312336844,344.0364574812449,Low,HTTP,1623.8091088355216,1,0,0,Normal
51.796058686450124,43.14084125464585,506.89041387261705,Medium,HTTPS,2036.789711986358,1,0,0,Normal
77.95880935824243,62.61021944548075,683.0836066658917,High,DNS,2810.4557956872063,0,0,0,Normal
58.12728970820899,45.22909952289609,695.177063683341,Medium,FTP,3236.6142044775956,3,0,1,Attack
89.58600378624396,73.33650070168758,566.5623948789826,Critical,DNS,2613.0479275551847,0,0,0,Normal
92.10456720509683,78.2738465831231,1103.063490031227,Critical,SSH,5357.092925243,3,0,1,Attack
69.86944382661022,62.28518231239714,628.256942810751,High,HTTPS,2141.9730390305986,1,0,0,Normal
60.93577093168278,51.82492081598666,468.48104046320077,High,HTTPS,1529.1740514863686,1,0,0,Normal
53.431318146467675,44.92257246025987,279.3225913507597,Medium,HTTPS,1070.7549160444225,1,0,0,Normal
75.5846815424593,56.912933891127935,774.2771097839207,High,FTP,3546.538573487832,0,0,0,Attack
74.95102672430221,66.87059672402225,432.02116905026037,High,DNS,1943.922367008498,1,0,0,Normal
87.43528601844446,75.1659113675917,488.25223734578697,Critical,DNS,2327.586047257254,0,0,0,Normal
75.14531131848344,60.6816788777272,619.0157546054246,High,DNS,2067.431728258872,0,0,0,Normal
82.22607649571728,58.307149536994345,789.4947341587143,Critical,SSH,3513.1077311063596,3,1,0,Attack
45.89074689356494,36.89211765688154,447.49527936137906,Medium,HTTP,1777.402905810895,1,0,0,Normal
87.65716086851171,64.03897688597637,724.4036878549565,Critical,DNS,3218.6554443087593,1,0,0,Normal
77.9024377586029,56.35199207391538,768.1222387364766,High,DNS,3164.187555865095,1,0,0,Normal
62.25734571999055,51.64267548472671,591.6472339055983,High,HTTPS,2733.311439914901,1,0,0,Normal
32.732330260332674,25.752742793866513,270.7570147085491,Low,HTTP,1208.132015769321,0,0,0,Normal
61.17357084498508,54.44770382358169,419.9084973973759,High,HTTPS,1399.7000126708356,0,0,0,Normal
39.16855252260575,32.531920749984295,364.25530798794097,Low,HTTP,1720.9922362920204,0,0,0,Normal
37.00986655334418,33.10170450500434,279.25843196885546,Low,HTTP,875.5003750451374,1,0,0,Normal
68.85099848455866,60.59783430342389,536.0679788427447,High,HTTPS,2143.0999916037795,1,0,0,Normal
56.030333823273395,46.55415365465847,512.0910154712428,Medium,HTTPS,2189.992941826807,1,0,0,Normal
87.01581943721976,67.3997188675471,785.7767176299797,Critical,DNS,3302.7780867626166,1,0,0,Normal
69.16867222404107,60.31421825616557,666.8826642681641,High,HTTPS,3002.9596792348607,1,0,0,Normal
88.32064733840525,70.81730763929875,531.9972466463162,Critical,DNS,2567.8747920579012,0,0,0,Normal
94.03902181758895,76.30670178049084,732.2869262048978,Critical,SSH,3084.326961709205,0,0,1,Attack
79.26223249800387,68.60790389866668,761.4538070743681,High,SSH,2392.060841353133,2,0,0,Attack
52.3705711333605,45.10211046207502,468.77569526011456,Medium,HTTPS,1642.6324755795151,0,0,0,Normal
81.5962529718854,72.26620290061581,713.8855769978767,Critical,DNS,2787.5244613974655,0,0,0,Normal
60.54615689565253,44.861009915351495,570.2205997240933,High,HTTPS,2462.051743374179,0,0,0,Normal
73.43097250151914,53.34107247469425,629.5471994889002,High,FTP,2596.353499010191,0,0,1,Attack
89.67438111358206,70.24551988918847,973.4006932752026,Critical,SSH,4754.078140917454,2,0,0,Attack
78.36329155485146,67.23924048110172,582.2180918936763,High,DNS,2875.904523643324,1,0,0,Normal
85.69677014034824,72.83882505744958,737.6733547489176,Critical,DNS,3382.733258939426,1,0,0,Normal
42.2817048124125,37.069129483836676,329.7317840215814,Medium,HTTP,1172.353140361833,0,0,0,Normal
47.92332577479101,35.175094863299044,633.6860952060548,Medium,SSH,1994.0899760407592,1,0,0,Attack
55.001967173484445,46.475660195702915,476.04924560391834,Medium,HTTPS,1992.0354711423931,1,0,0,Normal
77.41353820252698,61.71323634107564,451.58128716287183,High,DNS,1744.9097820459065,1,0,0,Normal
74.98799408014747,63.31370766319317,698.266974542976,High,DNS,2365.6675076033994,1,0,0,Normal
83.01538441955927,67.40334701115644,443.1133355810608,Critical,DNS,1531.209358955748,1,0,0,Normal
50.196079641464166,43.26818258307769,576.1962572035986,Medium,SSH,1904.2336060654209,0,1,0,Attack
73.49453438153432,62.191460877866646,602.0249188608675,High,DNS,2455.9620226713814,0,0,0,Normal
59.15675903983356,43.3816940366636,473.72758748123823,Medium,HTTPS,2069.140652263202,1,0,0,Normal
73.29537790618815,63.94792142702155,641.8807115710697,High,DNS,3121.298443208776,0,0,0,Normal
63.58140656375326,45.3659071265087,608.2924241847031,High,HTTPS,1947.3047882410183,1,0,0,Normal
78.59499123514979,62.85881096236069,631.1001854601526,High,DNS,2336.4737882137247,1,0,0,Normal
73.86157515473315,61.13204780094935,395.42518170919965,High,DNS,1766.5229693259,1,0,0,Normal
50.00035874574678,41.0163031134384,513.0135623793889,Medium,FTP,2201.4821085326575,0,0,0,Attack
81.74060324323364,69.50387611040355,593.5842478855424,Critical,DNS,2684.5149555758303,1,0,0,Normal
34.052706183938426,30.057837806864498,282.44319003694255,Low,HTTP,1352.1916765818394,1,0,0,Normal
59.934415569659905,49.217605392631725,468.11178810832126,Medium,HTTPS,1441.9791786088567,1,0,0,Normal
78.29709225487022,55.915392416496424,960.262584948309,High,SSH,2937.755285104612,2,0,0,Attack
66.09605296238442,49.59907652639421,650.9743598783291,High,HTTPS,3175.466779096688,1,0,0,Normal
75.08941708045313,59.35609401739658,673.1163768825145,High,DNS,2649.530306576521,0,0,0,Normal
94.80571891559521,78.85672340579288,805.6841297428797,Critical,FTP,3934.3499208398744,2,0,1,Attack
66.35731369780842,53.90974463805117,356.14142301367133,High,HTTPS,1515.7583200907343,1,0,0,Normal
34.24317611112201,30.42159950545617,272.6198170805474,Low,HTTP,1159.561793284608,0,0,0,Normal
45.122715971956495,40.33774845367093,323.07856853243015,Medium,HTTP,1032.8842643291327,0,0,0,Normal
67.1416492172284,57.64566520064868,600.8209817191932,High,SSH,2938.9370550344165,4,0,1,Attack
79.53153978822229,60.08985667483663,688.2382520882154,High,SSH,3037.9936239623407,0,0,0,Attack
63.724805754900444,45.542910262769276,367.1879200595406,High,HTTPS,1796.1898681212922,1,0,0,Normal
86.5196657582419,70.8121549842204,666.093767605153,Critical,DNS,2597.2152663405186,0,0,0,Normal
88.18697136099217,69.35022819415768,742.4870852515631,Critical,DNS,3264.474356946553,0,0,0,Normal
77.57037191986456,57.30831310246005,749.0852744160894,High,DNS,2322.000708210969,0,0,0,Normal
46.66425232622714,34.79086218227185,256.80087545069046,Medium,HTTP,1035.2915393590492,1,0,0,Normal
34.4043111152223,25.131781887469888,232.42032465115622,Low,HTTP,933.2298031547388,0,0,0,Normal
65.53546652186924,52.94939504834385,568.0944039158593,High,HTTPS,1727.7171728718433,0,0,0,Normal
55.9199793026346,46.79264114119778,460.12002936198473,Medium,HTTPS,1783.7624508135332,1,0,0,Normal
41.63737913360819,36.902122868625554,366.67446503310714,Medium,HTTP,1720.2967076611403,0,0,0,Normal
43.66711421229411,31.445842827326256,413.4710181388593,Medium,HTTP,1338.0450054465964,0,0,0,Normal
39.14505251945229,30.15039341665018,203.59501254059396,Low,HTTP,895.573888204259,1,0,0,Normal
62.38506807916565,52.823940631833054,321.17781807552376,High,HTTPS,1235.984365662904,0,0,0,Normal
71.03357543084712,58.89588850946714,688.6742924816027,High,DNS,2141.96141010467,1,0,0,Normal
85.88217344477016,73.1935191847572,630.421163925516,Critical,DNS,2050.8007279279145,1,0,0,Normal
36.037927359575406,31.668263649129617,349.85990895689,Low,HTTP,1590.6477865752938,1,0,0,Normal
51.06669790518936,36.157347983120665,415.69024228974774,Medium,HTTPS,1505.188052425867,1,0,0,Normal
74.02203888661461,52.254562599458275,602.0587035438264,High,DNS,2399.4852270526085,1,0,0,Normal
78.73824027119554,69.90397725414523,632.4710524391675,High,FTP,2810.845654763564,1,0,1,Attack
75.67652604353498,60.05851279729767,736.2446855998124,High,DNS,2536.003469614681,1,0,0,Normal
93.62445875274716,83.16886474949082,999.1221580084348,Critical,FTP,3683.604899987531,0,0,1,Attack
32.412488762738576,26.759936599347885,315.3528959774367,Low,HTTP,1307.0463541689578,1,0,0,Normal
41.77974851314502,34.48250780331464,502.8168648671317,Medium,FTP,1523.1002327005413,1,0,0,Attack
86.34063834819244,62.13941302537051,733.1777052741108,Critical,DNS,3591.1658790896863,0,0,0,Normal
68.08642892545322,60.53928878252116,557.4165670667576,High,FTP,2231.7902768079925,0,0,0,Attack
86.49723541515414,72.78015608870265,655.5399208277884,Critical,DNS,2967.5780327555203,0,0,0,Normal
67.68172041862272,60.18086352714918,510.1962496394385,High,HTTPS,2397.92448834774,0,0,0,Normal
67.60207299332251,53.400051359966305,344.9818486651209,High,HTTPS,1428.8236921522168,1,0,0,Normal
45.910193209747376,38.54929685642572,530.1784068915779,Medium,SSH,1900.3103233402358,1,0,0,Attack
86.74605969776167,61.58780736214316,800.5833993418888,Critical,DNS,3818.7619132221807,1,0,0,Normal
82.42479394648399,66.1994350623037,660.7809075419032,Critical,FTP,2001.6866608328603,4,0,0,Attack
96.75236602255609,77.5496106269674,1022.1050287852551,Critical,SSH,4235.224617243285,1,0,1,Attack
56.97520946690929,40.117670037468834,405.7043461375888,Medium,HTTPS,1476.21711039742,0,0,0,Normal
71.9002480362542,56.63390484497789,379.3219282531258,High,DNS,1457.9962195928185,1,0,0,Normal
32.99344630773703,28.67664486700831,185.84090907462357,Low,HTTP,619.6742232720914,0,0,0,Normal
60.94486097939807,44.10047953054232,540.356602531543,High,HTTPS,1875.581243418054,1,0,0,Normal
60.45802851649569,50.777493356843166,396.141663748488,High,HTTPS,1492.7784891097115,1,0,0,Normal
31.23750353617652,24.51608874372542,233.14635704803771,Low,HTTP,1118.4763575241848,0,0,0,Normal
56.30198667640798,40.032219750556976,484.79221840785425,Medium,HTTPS,1682.3063082485228,1,0,0,Normal
80.74855533006485,58.567448259015215,493.4769805278709,Critical,DNS,2005.51757125383,0,0,0,Normal
37.083830310730264,31.693798502731408,249.09592305027297,Low,HTTP,1154.8243843400096,1,0,0,Normal
81.96402166664484,62.46426204611721,844.3827306702104,Critical,SSH,3116.2971691689913,1,1,0,Attack
55.4486047388491,44.27830154965683,281.2817803931749,Medium,HTTPS,955.0536604147959,0,0,0,Normal
33.30803110362467,28.126061383751143,324.5937454946574,Low,HTTP,1404.195889135928,1,0,0,Normal
37.59193592857628,27.98536086842301,282.2976250432599,Low,HTTP,1044.6954179505658,1,0,0,Normal
76.39583266209229,58.72426465558989,673.6053407859957,High,DNS,2717.514665007765,0,0,0,Normal
48.628100876376266,39.606178761255805,449.8104370816382,Medium,HTTP,2241.0519228834196,0,0,0,Normal
59.564016578224255,41.86835218137091,467.8360164704341,Medium,HTTPS,1811.9570113482753,1,0,0,Normal
73.32684447406791,65.24684107568369,473.7435957427301,High,DNS,2025.459008569179,0,0,0,Normal
43.33535246703832,34.68479469754375,408.432868502401,Medium,HTTP,1344.5484967437076,0,0,0,Normal
50.60524092459673,43.150693777682164,256.72979473216554,Medium,HTTPS,1166.0763565952561,1,0,0,Normal
64.34130501174877,55.976962033209894,505.6630719396408,High,HTTPS,1729.7605037583407,1,0,0,Normal
30.87405410136853,25.13683932852681,203.6647457355239,Low,HTTP,633.0771690541538,0,0,0,Normal
86.94251556982636,65.93967859008455,618.0940870032593,Critical,DNS,2897.5570403227093,0,0,0,Normal
60.114313531375956,52.720096020512585,350.8322252603485,High,HTTPS,1730.3915997181205,1,0,0,Normal
75.80765740436618,53.287282248860855,468.30302276302723,High,DNS,1538.0717387274942,0,0,0,Normal
81.000124366401,65.96350076725047,560.5805155566228,Critical,DNS,1899.6032577606302,1,0,0,Normal
64.25207566840982,49.07992748021194,609.9633177024743,High,HTTPS,2892.3391408001035,0,0,0,Normal
47.528539373097374,37.27991687383044,293.507679206124,Medium,HTTP,922.6724095462232,0,0,0,Normal
83.09921675972873,60.94857106983414,636.5514185881475,Critical,DNS,2302.487125333131,1,0,0,Normal
30.8782308017544,23.069146095482537,280.6879788411667,Low,HTTP,1229.5466482381207,0,0,0,Normal
64.30888699207571,49.95703790284058,432.57720573322285,High,HTTPS,2110.385894986343,0,0,0,Normal
49.15957330391393,43.24722182341619,294.38751844983045,Medium,HTTP,1121.4902926109464,1,0,0,Normal
55.310725085728336,41.317993685540586,459.91010453625756,Medium,HTTPS,1723.6558532185047,0,0,0,Normal
40.03301636184915,32.28284442290327,270.29171174410993,Medium,HTTP,1266.1239306617872,0,0,0,Normal
44.13019298539439,38.111112541307335,334.75875064064263,Medium,HTTP,1213.013202109597,0,0,0,Normal
53.0488377554866,40.79785390484377,528.1295804167237,Medium,HTTPS,2112.5321089550116,1,0,0,Normal
83.91942962596659,62.0614618192752,602.7639133549035,Critical,DNS,2303.5469633124285,1,0,0,Normal
44.10478413454257,36.72168873653547,361.1556648784701,Medium,HTTP,1185.480084672145,1,0,0,Normal
61.92164885433158,47.683929487822674,354.806307775579,High,HTTPS,1616.2371090465522,0,0,0,Normal
79.08188904082635,63.53662872906438,700.2775425806853,High,DNS,2799.005383086,0,0,0,Normal
50.71864887722768,45.55657654377464,306.94632098495225,Medium,HTTPS,986.8787943904239,1,0,0,Normal
51.86088047506928,40.830382910887195,473.36231265518626,Medium,FTP,1925.5343887480105,2,0,0,Attack
69.7803092597519,57.74622748514996,643.3552479039483,High,HTTPS,2455.644863370646,0,0,0,Normal
51.02063835540321,37.20409326166958,501.5645290407946,Medium,HTTPS,1647.9477841803111,1,0,0,Normal
61.02849400675041,52.1307684743705,348.526330695302,High,HTTPS,1201.080435250286,1,0,0,Normal
89.46642439579591,66.39103662965083,534.2567820551805,Critical,DNS,2539.6839474791045,0,0,0,Normal
66.19180316760321,47.05196575159857,819.1953140970078,High,FTP,3841.2284589405836,2,0,1,Attack
68.26299036678392,59.30613459440867,365.82233591377764,High,HTTPS,1705.582545897278,0,0,0,Normal
38.75908138885279,34.62057336629222,253.59356589582148,Low,HTTP,970.9350748684583,1,0,0,Normal
76.26112518164518,55.55128421722482,644.4970502951022,High,DNS,2018.3878223646573,0,0,0,Normal
52.623303919936006,38.881443232278144,710.2663490117379,Medium,FTP,3475.5010151257015,1,0,1,Attack
43.25283569836756,37.81087085042493,503.8048333777393,Medium,SSH,2013.0783251022976,2,0,0,Attack
80.63669761206256,57.60367716467373,553.9358821968774,Critical,DNS,2040.211066135402,0,0,0,Normal
87.96744498889893,67.00591730208515,810.24326800989,Critical,DNS,3870.148034277552,1,0,0,Normal
38.53054522172897,32.29042674150048,252.7164920539712,Low,HTTP,1025.8380310380558,0,0,0,Normal
51.65907688788138,45.86620402237056,587.4464481734286,Medium,SSH,2293.359784482802,2,1,0,Attack
82.25474172912072,64.23742846153557,580.2332696597238,Critical,DNS,2259.0455720303435,0,0,0,Normal
34.30817061160269,26.581319960538103,195.76781969561836,Low,HTTP,776.8451377517706,1,0,0,Normal
48.51380068117578,42.13077648304344,431.19866477024317,Medium,HTTP,1962.6200686417696,0,0,0,Normal
71.41424723435193,54.442968583691176,535.0702391766159,High,DNS,1652.3761148519086,1,0,0,Normal
86.35902218258707,69.08744319390755,478.2457024168326,Critical,DNS,1757.4293270766257,0,0,0,Normal
54.28714422232588,42.46145240861328,416.35272191552355,Medium,HTTPS,1621.4384390797368,0,0,0,Normal
62.434310719690984,45.467555385149204,639.6834149358256,High,FTP,2485.9789881161205,4,0,0,Attack
80.52860768373648,68.89436590378159,460.1434215497841,Critical,DNS,1887.961152599076,1,0,0,Normal
48.70633252647167,38.950426615967736,297.8597315045204,Medium,HTTP,984.0772466123187,0,0,0,Normal
60.000783176437835,43.291471533568966,563.0588350505548,High,HTTPS,2309.027442121499,1,0,0,Normal
54.649214009405114,44.08979097546103,504.00598378091775,Medium,HTTPS,2009.3277211497243,1,0,0,Normal
38.47388812835561,30.074786476874845,352.2596857636686,Low,HTTP,1434.0591897200559,1,0,0,Normal
76.65797988593113,55.85005042986169,542.1071190421906,High,DNS,1808.857785281054,1,0,0,Normal
59.90983058392885,44.6098688691091,319.2782781465887,Medium,HTTPS,1425.2094598638437,1,0,0,Normal
46.454532299685525,40.66479509846552,652.1461677437513,Medium,FTP,2220.506976083811,3,0,0,Attack
62.03344059736992,53.90102033653129,464.59174908253925,High,HTTPS,1509.2499816522254,0,0,0,Normal
54.50803602074302,47.21663117408798,365.62869398151724,Medium,HTTPS,1803.7512666566886,1,0,0,Normal
38.56844067493512,30.19409627802881,364.1367972689685,Low,HTTP,1539.6908866137412,0,0,0,Normal
53.385052674857434,38.07275394325723,608.2948222658706,Medium,FTP,2170.2869749329298,2,0,0,Attack
82.61029711458832,73.46728853155595,599.7398060812308,Critical,DNS,2898.088274610259,1,0,0,Normal
80.67079216052662,64.50235123788008,583.5201349299508,Critical,DNS,2906.835727096117,0,0,0,Normal
79.86974373532576,61.36486437700411,592.672694568938,High,DNS,2864.086482378194,0,0,0,Normal
54.86116433261486,48.149043504058724,487.10471625095255,Medium,HTTPS,1977.638940409231,0,0,0,Normal
33.951763849368035,27.362556615009254,177.24077355158917,Low,HTTP,766.9978543194726,0,0,0,Normal
86.79708619005396,68.60395668545758,580.3994200126127,Critical,DNS,2529.2100348813647,0,0,0,Normal
59.87250965452404,47.259409330409554,433.23546621416506,Medium,HTTPS,1533.275003125856,0,0,0,Normal
60.49353174472344,48.20243358149919,636.5008426767224,High,SSH,2816.536248774952,1,0,0,Attack
93.29577993717976,79.78230478938099,923.738309556414,Critical,SSH,3570.8859463182657,1,0,1,Attack
61.77733507225639,43.788689702565655,355.8108471824619,High,HTTPS,1370.0610142408295,1,0,0,Normal
67.11840925825527,51.51164405565964,720.3125687164281,High,SSH,3444.444014604619,0,0,1,Attack
56.80020899293595,44.84028057467732,424.1149511893696,Medium,HTTPS,1504.5601808104946,0,0,0,Normal
59.045888996406575,46.56515020858539,453.32900703992914,Medium,HTTPS,1647.6226052164989,1,0,0,Normal
76.54634596474352,62.025382597231896,447.1677798675196,High,DNS,1784.719665413205,0,0,0,Normal
42.64444145097514,31.146765486149196,569.2845767751858,Medium,SSH,1983.8428402217432,3,0,0,Attack
50.24224482491263,40.70055687869534,302.071727182875,Medium,HTTPS,1064.7273316575208,1,0,0,Normal
66.83159641324892,53.376484797927525,575.6856289782692,High,FTP,2140.792308511987,3,0,0,Attack
66.58793694216001,53.74331310651357,854.7736594575921,High,SSH,3031.033452758653,3,0,0,Attack
63.08952366896847,46.286995118850776,509.1846532684244,High,HTTPS,1805.6677482875814,1,0,0,Normal
49.1148325060567,41.57004394213463,515.2952324509778,Medium,FTP,2303.3647924903516,1,0,0,Attack
73.02590591163607,54.075115319139854,899.6324794231725,High,SSH,2924.314148208681,0,0,1,Attack
59.60142056705081,43.20239354440402,593.2653452279991,Medium,HTTPS,2296.670752087039,1,0,0,Normal
62.130852408881765,55.503273337215205,595.2900990002531,High,HTTPS,2713.915548861078,1,0,0,Normal
50.10149590787478,41.225168896429636,583.2748474854623,Medium,FTP,2254.683413926332,2,0,0,Attack
73.9154171217524,55.937863788110235,614.871789260963,High,DNS,2728.6994494451783,1,0,0,Normal
52.14766654687992,46.05808449873724,637.741332102758,Medium,FTP,2617.984418602023,0,0,0,Attack
37.45652939162028,33.641775567963414,237.76714084800105,Low,HTTP,1060.6286173062017,0,0,0,Normal
87.9986086716599,77.72470705414091,753.4950063256888,Critical,DNS,3356.9193064909377,1,0,0,Normal
66.84992822709319,53.88095695876308,478.9279271340046,High,HTTPS,2047.9297911134645,1,0,0,Normal
57.0346267381683,47.49521235573999,606.4475560214889,Medium,SSH,2254.9101997657262,2,0,0,Attack
84.96727973819361,71.01315436563368,803.3388859882351,Critical,DNS,2532.881255229193,1,0,0,Normal
89.44655135739595,67.4348841703484,569.669257409698,Critical,DNS,2354.928832081052,0,0,0,Normal
84.97478162687912,71.5915207927535,559.6643724945609,Critical,DNS,2684.6373622949905,0,0,0,Normal
61.79961768571957,48.609663486443516,462.131882500714,High,HTTPS,1766.958212893417,1,0,0,Normal
69.82303771590523,54.814798431541234,433.74069406318563,High,HTTPS,1825.1593715029246,0,0,0,Normal
70.73117999461829,62.11523174956515,446.4463733256227,High,DNS,1487.5307391767699,0,0,0,Normal
56.17378696100786,42.39732983309426,581.7967861357547,Medium,SSH,2183.5437720442396,3,0,0,Attack
72.7509435932734,55.54168107190116,463.0610446256074,High,DNS,1921.9590712683043,1,0,0,Normal
55.97070001458633,44.72710080203991,356.2807024893083,Medium,HTTPS,1669.2012183960178,0,0,0,Normal
55.515956730087055,41.55258277722285,481.59960578994543,Medium,HTTPS,1901.1482585492345,1,0,0,Normal
93.45622293149063,70.32347169903957,725.8233382276413,Critical,FTP,3149.5262779368763,3,0,0,Attack
46.42587651705071,35.83466195327932,333.2492354113576,Medium,HTTP,1261.8057218757317,0,0,0,Normal
49.03488942665717,37.001762304012566,436.2854549609399,Medium,HTTP,1359.747883787874,1,0,0,Normal
59.734901245028595,45.07711751834509,427.9347295998764,Medium,HTTPS,1790.799039879376,0,0,0,Normal
44.54399721100344,37.72872331002365,382.837263980512,Medium,HTTP,1292.50197597248,0,0,0,Normal
45.74250111923902,33.16589927660516,355.0862514347855,Medium,HTTP,1144.2293642590878,0,0,0,Normal
51.560487221722724,40.58448144815075,446.09968487291553,Medium,HTTPS,2039.031664364303,0,0,0,Normal
46.38021255879721,39.69673033749177,400.62432865749673,Medium,HTTP,1674.2408639367418,1,0,0,Normal
46.38583095722424,36.485049634168185,379.90818195572245,Medium,HTTP,1403.2678775761428,0,0,0,Normal
74.09971492659679,62.52411563537515,503.5497742374601,High,DNS,2192.939038816585,0,0,0,Normal
37.5169599284709,30.407826930640603,201.92963671111238,Low,HTTP,854.0013297284484,0,0,0,Normal
56.13710983932833,47.496414009754346,439.8135915335259,Medium,HTTPS,1573.4408591833776,0,0,0,Normal
86.76939462384325,73.36466381175269,1023.6303264006388,Critical,FTP,4873.89481507423,3,1,1,Attack
55.96677399924374,46.318499184708685,395.05454561035464,Medium,HTTPS,1376.9213778819828,0,0,0,Normal
73.13504524536256,56.44729439164408,586.5340128483174,High,DNS,2065.9473302530164,1,0,0,Normal
63.15264607219433,45.1727241336457,368.1698207006074,High,HTTPS,1188.1443490015745,1,0,0,Normal
73.82361585248276,60.04704215614826,508.1102070276337,High,DNS,1687.1356940718938,0,0,0,Normal
73.65394375447067,64.79241844888597,580.1264997616431,High,DNS,2644.718530030877,0,0,0,Normal
68.28212817126769,53.42047805962681,629.0616241593883,High,HTTPS,2136.0409118264565,0,0,0,Normal
51.54683586617466,42.309387734589905,379.84479497138386,Medium,HTTPS,1425.52479855753,0,0,0,Normal
34.58827274793293,25.35990018148301,288.74690962450694,Low,HTTP,968.8073286497427,0,0,0,Normal
64.01558280267636,49.631946303671434,445.9281397363748,High,HTTPS,1673.3540162960524,1,0,0,Normal
83.90610663649568,68.38811081573742,443.99908446917556,Critical,DNS,1871.4153513397514,1,0,0,Normal
54.704802663600276,47.511522281614745,435.55253870615775,Medium,HTTPS,1578.9787951943247,1,0,0,Normal
66.23851507258223,52.643524936350325,393.4755404279517,High,HTTPS,1648.0554072129971,1,0,0,Normal
39.95807971936301,33.322027082638776,222.00692989947387,Low,HTTP,1054.2727930466267,0,0,0,Normal
52.5931162260531,40.950959091559724,469.49852005305587,Medium,HTTPS,1607.268018541237,1,0,0,Normal
64.51656818739139,45.914166058232176,512.7582261309767,High,HTTPS,1973.3046996793541,1,0,0,Normal
80.55219999849214,65.92994646202052,542.4591966383317,Critical,DNS,1734.480365162409,0,0,0,Normal
58.42710639873985,43.09649561780682,490.05148726323483,Medium,HTTPS,1781.9142538108497,0,0,0,Normal
70.17739078055456,50.68490740543757,566.5425190072798,High,DNS,1795.8864111466053,1,0,0,Normal
63.59117331370726,54.5027117725418,609.7684191552036,High,FTP,2882.782545643028,0,0,1,Attack
33.49941890061018,27.399440577976787,315.0102621464787,Low,HTTP,1519.554692928129,1,0,0,Normal
75.54244252765784,58.120109406632075,669.3821370419691,High,FTP,2732.022075042102,3,0,1,Attack
41.28339878938277,34.49211384989336,260.32254148463363,Medium,HTTP,1118.232940724394,0,0,0,Normal
36.67195164292934,30.178091710706436,204.18611575132059,Low,HTTP,675.9345691089662,0,0,0,Normal
77.12394786460209,58.4408071405408,447.39851185912744,High,DNS,2170.9665192712982,0,0,0,Normal
65.37238086966681,57.27523885503522,581.6287335550657,High,HTTPS,2596.5328034435142,1,0,0,Normal
50.81108101059726,38.0341042594742,304.30741491052373,Medium,HTTPS,1181.107606727111,1,0,0,Normal
80.6487948765789,60.66642340088371,755.0479645384684,Critical,FTP,2698.6348043149815,3,0,0,Attack
66.87607579122414,48.33243597451421,393.7684751716152,High,HTTPS,1959.019211719567,0,0,0,Normal
47.32552764209686,34.644240379895685,325.6610879282645,Medium,HTTP,1013.1897298945148,0,0,0,Normal
92.84145426441683,79.46174950089457,946.1918655496099,Critical,SSH,4509.951456071301,1,1,1,Attack
54.561868216551375,40.35176884702453,558.0938416016287,Medium,SSH,2495.216201033969,4,0,0,Attack
45.66892720613396,35.40672590516942,364.03353400424817,Medium,HTTP,1455.9966369985777,0,0,0,Normal
36.81491655730497,27.078154568665685,345.0320032704578,Low,HTTP,1070.923304510339,1,0,0,Normal
39.612387474444404,30.70958042351331,239.98886208216902,Low,HTTP,819.0091956026372,1,0,0,Normal
76.76595696546428,63.062528406893676,546.6526036085273,High,DNS,2702.5558616191515,1,0,0,Normal
41.86796474896255,31.925292479548045,230.0057800340766,Medium,HTTP,1111.854096298692,0,0,0,Normal
52.58741602592636,43.06097982879717,346.57442390513256,Medium,HTTPS,1586.6603999403899,0,0,0,Normal
40.656384157628054,35.56957245766621,220.55130843589805,Medium,HTTP,664.495018013043,1,0,0,Normal
52.57558340803371,39.028810602249415,489.960778718117,Medium,HTTPS,1750.473876791375,1,0,0,Normal
76.44724393365323,59.99894352183745,930.80239752689,High,SSH,3386.6376985346146,4,1,0,Attack
48.75694582459346,35.09251590311845,375.6001921306493,Medium,HTTP,1746.200181749216,1,0,0,Normal
65.65371195021726,50.13434062897492,540.9155303028941,High,HTTPS,1670.1258872829276,1,0,0,Normal
82.46484920862713,59.12651997926522,476.3137900855253,Critical,DNS,2077.9876061913346,1,0,0,Normal
52.70115558785619,45.99581808029651,707.5677685394326,Medium,FTP,3007.4982669046067,3,0,1,Attack
55.452347663085675,48.93018670915453,480.25120899843915,Medium,HTTPS,2286.826937097958,0,0,0,Normal
35.9231796185486,29.030989615580307,258.7634184782057,Low,HTTP,935.5994339670152,1,0,0,Normal
59.08532879446284,49.01463087627037,580.2323589435207,Medium,SSH,2006.5535628147275,2,0,0,Attack
35.09717369281134,25.657383737852147,348.7828536139274,Low,HTTP,1525.9878147677532,0,0,0,Normal
91.83003522732179,81.29182523415218,684.6739582336961,Critical,FTP,3007.247939547758,3,0,1,Attack
84.71478001134528,71.70466003843899,797.6794155512056,Critical,DNS,3856.108728002103,1,0,0,Normal
62.44226087874267,49.212603414829736,541.8367427894887,High,HTTPS,2490.5056427272552,1,0,0,Normal
68.86701255454682,52.16072700788723,516.4375648023049,High,HTTPS,2212.987058307346,0,0,0,Normal
39.31153741112212,35.28231495479386,206.76272617189275,Low,HTTP,949.2985283645352,1,0,0,Normal
85.57266922391136,60.85225137076187,516.1522397787483,Critical,DNS,2183.0420002907135,1,0,0,Normal
73.92733131870045,64.80783189889605,728.891499802284,High,DNS,2709.9576468609343,0,0,0,Normal
66.43892480316936,56.28015886143388,836.8215394785515,High,FTP,3488.9696915069094,4,0,0,Attack
47.22371019030106,37.77718446662111,422.43062892153563,Medium,HTTP,1745.8385152835426,0,0,0,Normal
89.25160356215201,63.402889713030085,449.1323158779468,Critical,DNS,1717.1476773758488,1,0,0,Normal
33.335350840352476,24.71048448812124,214.40311239334076,Low,HTTP,917.4081901877921,0,0,0,Normal
82.99271491152467,74.22724783985633,547.4213419188802,Critical,DNS,2713.598159493889,1,0,0,Normal
84.12885154975811,74.31965261197789,967.4849845431645,Critical,SSH,4387.068917246743,4,0,1,Attack
59.9886687072285,51.459018892835225,313.07950230100846,Medium,HTTPS,1216.6873520729441,0,0,0,Normal
33.1151279614096,23.22324774135356,278.38598460092607,Low,HTTP,1284.1004262396539,0,0,0,Normal
42.38090074224601,32.09370687943184,344.3950194568773,Medium,HTTP,1435.9107509157598,1,0,0,Normal
88.31480782013386,67.45844215649367,830.5413148899847,Critical,DNS,2650.2970645070077,1,0,0,Normal
95.02080288599245,82.18437503984354,821.3542663036766,Critical,SSH,3780.170749152481,4,0,0,Attack
77.34369507670635,54.81804720076933,475.31368499733003,High,DNS,1522.7352274016469,1,0,0,Normal
30.386453300889116,25.4111098252351,256.3993843664634,Low,HTTP,1134.1991444055996,0,0,0,Normal
47.18044909866876,38.9261059494418,400.11775745777,Medium,HTTP,1538.2700878851085,1,0,0,Normal
49.15220161226898,43.06583550155881,471.14332917372883,Medium,HTTP,1919.2807334553113,0,0,0,Normal
79.47278662268218,60.523738197194426,714.5424786335441,High,DNS,3476.5516019223205,1,0,0,Normal
32.627728012230364,24.33437847427097,267.96344420917416,Low,HTTP,819.0976507666953,0,0,0,Normal
70.87932678696234,59.362713013694346,636.362737484863,High,DNS,2421.3690158982586,0,0,0,Normal
67.51421421213308,56.659505453813004,545.0850722233447,High,HTTPS,2448.9226408325026,1,0,0,Normal
82.85192171824747,73.19270085966332,562.961488024267,Critical,DNS,2436.3162132813272,0,0,0,Normal
48.46967157907784,41.66653322483857,384.03872224648785,Medium,HTTP,1785.6808559264252,0,0,0,Normal
43.74569076782791,36.243746064540694,342.62070617546595,Medium,HTTP,1396.3558694039189,0,0,0,Normal
71.25540423987331,61.21727028215402,502.93056172813795,High,DNS,1809.971403721421,1,0,0,Normal
81.76700691110454,67.28977975617543,870.2633699307468,Critical,FTP,4012.0314296799293,2,0,0,Attack
85.02475503912137,65.62139496806269,841.1192585227668,Critical,DNS,2855.830572564144,0,0,0,Normal
87.89240075740963,71.80204027395341,976.641100995228,Critical,SSH,4223.182365995364,4,0,0,Attack
68.5530261042004,55.753084391611374,494.6431502070933,High,HTTPS,1594.9799484950354,0,0,0,Normal
77.73737838637317,60.815938694441236,702.0971638567336,High,DNS,2240.80800458764,0,0,0,Normal
66.88361099972099,55.372232548779145,529.9475127290053,High,HTTPS,2248.6212855286567,1,0,0,Normal
61.537491420713195,55.11947468632391,537.0789683252681,High,SSH,1928.6160059378328,1,0,0,Attack
75.07934584287796,64.0765317692722,876.1577041570996,High,SSH,3042.10483231262,1,0,0,Attack
63.985222359988256,50.45998089565817,352.5014238531684,High,HTTPS,1148.889311558341,1,0,0,Normal
54.697670374880545,47.10925419663387,468.15246893441844,Medium,HTTPS,2043.457588736127,0,0,0,Normal
68.36681985820178,55.85139441468564,486.18096732266986,High,HTTPS,1978.2009505935976,1,0,0,Normal
88.71167517776485,63.792989969950796,681.6752305858745,Critical,DNS,2501.031281401859,1,0,0,Normal
76.03525596787222,65.40828970750829,734.7711191239231,High,DNS,3542.828410930822,0,0,0,Normal
56.58578825481527,40.76238017057839,290.95725728828535,Medium,HTTPS,1053.310909148246,0,0,0,Normal
78.37985716994126,66.02377609426884,549.6414580403457,High,DNS,1726.2949153137665,0,0,0,Normal
75.0811425653228,58.89772821686434,855.5962875983519,High,SSH,4126.562424208207,2,0,1,Attack
45.731435040943325,36.92203489429647,580.4487595919018,Medium,FTP,1986.2454741359768,1,0,0,Attack
78.0708996434987,69.21315702973381,712.3465422608601,High,DNS,2442.36240242869,0,0,0,Normal
46.10928164693178,32.538174083167505,554.5244825169264,Medium,FTP,2413.227825689322,4,1,0,Attack
72.7069267979823,56.74785690661363,472.38590201319033,High,DNS,1862.5126544175139,1,0,0,Normal
55.33630231700954,46.99565371316468,499.42877401021735,Medium,HTTPS,2076.0713083000664,0,0,0,Normal
72.20999096949527,60.13415745606216,632.4068326784422,High,FTP,3032.809298872788,1,0,0,Attack
85.96269805697375,74.35551328375887,714.3910035332312,Critical,DNS,2259.0325716466314,0,0,0,Normal
31.70254396274686,25.601437320252288,176.30627103067567,Low,HTTP,581.5548828877548,1,0,0,Normal
54.15041484680842,41.14808531184656,296.68910032750887,Medium,HTTPS,959.4583412536672,1,0,0,Normal
84.78204223298235,72.99848105693275,887.3920005769089,Critical,SSH,3618.638212433685,0,0,0,Attack
69.83034888398834,51.64145820431274,452.31484824512603,High,HTTPS,1608.1277949520484,0,0,0,Normal
79.49225058458978,66.17086530248037,491.2814526636839,High,DNS,1602.0187605040105,0,0,0,Normal
62.265453684121894,44.98371617084238,351.68264424626375,High,HTTPS,1687.0366728308813,1,0,0,Normal
47.96548518559575,34.494822093385935,403.50248797484676,Medium,HTTP,1993.4590027336928,0,0,0,Normal
88.30404340696987,72.7899225880822,877.4812581226639,Critical,SSH,2669.375515414937,1,0,0,Attack
41.85822796091088,31.774311422847447,279.29363170371334,Medium,HTTP,1049.2023372844876,1,0,0,Normal
69.72572099490208,52.09973742393665,666.1728195702481,High,HTTPS,2492.1930572793594,0,0,0,Normal
46.735188660386484,33.92622917821909,506.1338122106738,Medium,FTP,2389.9770632515156,3,0,0,Attack
45.74777338275453,38.26773942346166,444.8381345964073,Medium,FTP,1850.479725341357,3,0,0,Attack
67.29305628490692,54.29780646487717,643.1576186321672,High,HTTPS,2143.4186174015276,1,0,0,Normal
47.7280690371299,36.60241011156316,288.9831425047036,Medium,HTTP,1150.8428029804204,0,0,0,Normal
44.162920141388895,38.95909811373211,268.1368819221053,Medium,HTTP,984.4973741756318,0,0,0,Normal
37.77741879734094,28.78698567691457,316.5640870189081,Low,HTTP,1579.9802321725265,1,0,0,Normal
70.94820967540727,50.662452619831754,521.9620435572449,High,DNS,2021.9049256436397,0,0,0,Normal
62.06571730814176,54.76073855513871,489.83686424134646,High,HTTPS,1708.6894842163067,1,0,0,Normal
60.06845353258541,44.582286905696286,769.9988383641228,High,FTP,3304.1768074171264,0,0,0,Attack
84.65028573067684,62.883442540243145,457.57277683228057,Critical,DNS,1571.3692499859267,0,0,0,Normal
48.604705615362036,40.59410036247467,279.3007498428736,Medium,HTTP,1241.115011085803,0,0,0,Normal
34.22296426484536,27.182540131484277,191.12539037511402,Low,HTTP,853.4988047800811,0,0,0,Normal
84.69075488130329,69.08133126542,651.6604367023562,Critical,DNS,2941.6323663744424,0,0,0,Normal
42.65740642804303,37.520012083606964,272.50919803848444,Medium,HTTP,904.4287321628666,0,0,0,Normal
42.85846526370733,30.696002043065477,242.24655778816364,Medium,HTTP,779.6761621146792,0,0,0,Normal
70.5566067021573,51.49608548454582,669.7661268223584,High,DNS,3101.364751615792,0,0,0,Normal
58.283334439911414,42.16149210827969,574.1474343795276,Medium,HTTPS,2203.5562007805934,1,0,0,Normal
64.70674997137394,52.269045357516255,330.34225121177315,High,HTTPS,1534.4499733880214,0,0,0,Normal
83.86985444296442,63.36642874739921,577.9950179810362,Critical,DNS,1932.4028085903042,0,0,0,Normal
34.8653843822467,25.315400356795887,238.92035072280592,Low,HTTP,817.5376104040614,0,0,0,Normal
38.95647151199228,34.270174460981984,362.49250777027913,Low,HTTP,1270.6090352323256,1,0,0,Normal
37.016540903714485,33.09422521488388,292.42091332266455,Low,HTTP,1031.1145781926386,0,0,0,Normal
62.335051817499334,43.89689423950654,363.5144962480278,High,HTTPS,1149.558277902598,1,0,0,Normal
46.65984996012412,36.19231087345107,347.89436241792134,Medium,HTTP,1340.5385245938387,0,0,0,Normal
37.82694330213417,29.282067002185034,252.6482698884655,Low,HTTP,1001.5764348436878,0,0,0,Normal
83.91128198378283,73.18763902041606,837.2306964538668,Critical,DNS,3209.1287359776547,0,0,0,Normal
88.21165138822835,71.97977721404972,633.7263420302156,Critical,DNS,3056.1496467985553,0,0,0,Normal
31.262650593562284,22.92380447216963,194.4757855369922,Low,HTTP,659.2906265424075,0,0,0,Normal
52.69884646681021,42.066260392032,433.59888696203416,Medium,HTTPS,1470.9904388222124,0,0,0,Normal
52.23182561938302,40.070284190377315,317.8490182697694,Medium,HTTPS,1249.5104961545696,1,0,0,Normal
81.66078251990257,73.42143847351626,703.0280553855058,Critical,DNS,3211.5688936735883,1,0,0,Normal
64.79683606848994,51.01884345450663,561.4076374819674,High,HTTPS,2003.1568663897244,1,0,0,Normal
39.9794710646529,29.937758355769173,351.22535198115975,Low,HTTP,1479.931263823262,1,0,0,Normal
59.47161965978921,49.30878329644257,344.7707312225212,Medium,HTTPS,1067.9831082116907,0,0,0,Normal
60.14867113226501,44.7153678049344,533.6030532541828,High,FTP,1941.581832925659,2,0,0,Attack
89.73084095399827,75.76558904132592,814.4237993211127,Critical,DNS,2809.297146024466,0,0,0,Normal
56.20988253460382,47.58531053936673,398.8038170859212,Medium,HTTPS,1297.698288230052,1,0,0,Normal
44.64848252260708,38.01397258773121,406.8627491012147,Medium,HTTP,1563.3162122633507,0,0,0,Normal
78.73435553890886,57.6248283845006,661.2428360671306,High,FTP,2530.00465777021,1,0,1,Attack
43.02421797452553,31.057131485674006,260.490107153236,Medium,HTTP,1178.754021699402,1,0,0,Normal
83.30952513919328,71.90044365856956,721.767726588853,Critical,SSH,3281.721316891776,4,0,0,Attack
73.96945373478957,57.97697888217829,467.1414079701074,High,DNS,2162.268595750943,0,0,0,Normal
75.42171048131422,65.20230196815193,407.7194110378619,High,DNS,1884.731037762664,1,0,0,Normal
39.56677484718966,29.055015454145565,282.2388942667766,Low,HTTP,1005.8348654729926,0,0,0,Normal
36.55569547408959,27.130905367744635,270.9061687040049,Low,HTTP,1097.866984626846,0,0,0,Normal
78.91556891641812,59.227719248829644,558.9250489547433,High,DNS,1825.1129852326505,1,0,0,Normal
55.13886863373045,41.49823731697456,526.9217622744021,Medium,HTTPS,2438.539819953466,0,0,0,Normal
79.3509278113197,56.83387272247109,474.1398626107486,High,DNS,1670.6165444225194,0,0,0,Normal
40.29858814390536,31.647657536930357,241.03737434201855,Medium,HTTP,872.8742208175946,0,0,0,Normal
42.65399426178192,33.97096958500248,312.56257725714926,Medium,HTTP,1396.5067729127863,0,0,0,Normal
45.15602457948262,35.37084067341304,402.81369599915104,Medium,HTTP,1995.1000335409904,0,0,0,Normal
45.78394340642262,40.39291558643479,293.9440109802854,Medium,HTTP,1167.8453304274633,0,0,0,Normal
34.870352332654875,25.769507985865317,280.1504262425498,Low,HTTP,1156.688388639941,0,0,0,Normal
55.59875664068386,41.10146053671664,291.5684635204669,Medium,HTTPS,970.614170759674,0,0,0,Normal
58.92934417708602,46.73771580774954,388.73121881187245,Medium,HTTPS,1450.326069482214,0,0,0,Normal
54.990841218677815,47.11722231015804,336.7404155900775,Medium,HTTPS,1463.688242811251,0,0,0,Normal
84.67520650985534,64.08301702249692,477.139834887149,Critical,DNS,1856.0264292950424,1,0,0,Normal
41.70273251067556,34.25305279626102,296.33623096383246,Medium,HTTP,1146.1572680340678,1,0,0,Normal
41.775429992121644,29.650787173683472,295.1575593575923,Medium,HTTP,1082.4766337444635,1,0,0,Normal
67.93434218765469,51.89250184818407,798.6950490278878,High,SSH,3082.2851575171253,0,0,1,Attack
77.04583490252844,57.39474838863116,683.1621670338483,High,DNS,2558.085015664328,0,0,0,Normal
57.042907825816656,41.37879184845865,717.4824061615062,Medium,FTP,2208.374354061698,2,0,0,Attack
66.40869363291131,52.08013819954648,601.4333016530502,High,HTTPS,2134.2102331438587,0,0,0,Normal
32.929852637844306,25.77134871737433,211.0615261147886,Low,HTTP,754.5936522855044,0,0,0,Normal
49.158773797389586,41.90853945454443,375.151845782376,Medium,HTTP,1157.9188097820518,0,0,0,Normal
53.48287273896858,45.71065140143158,502.9000417238944,Medium,SSH,1880.639353708703,0,0,0,Attack
37.61929795800825,32.4606535069368,341.1973771178556,Low,HTTP,1527.1636111311846,0,0,0,Normal
55.271025601396104,47.65809333628244,348.68663514051843,Medium,HTTPS,1551.4871749379906,1,0,0,Normal
54.78406357418862,41.43741266614435,359.0168335960697,Medium,HTTPS,1772.1598920804931,1,0,0,Normal
75.75417906438815,61.00160457308222,656.7749041973893,High,DNS,1984.710780766118,0,0,0,Normal
86.40349364475696,62.77558082925523,1053.863112233401,Critical,FTP,3209.155852334983,0,0,0,Attack
78.86171674312209,68.04107958068553,586.1435829722199,High,DNS,2273.280241827547,0,0,0,Normal
88.67853627314616,66.71701132901255,893.6461291151952,Critical,FTP,3032.849293765237,0,0,1,Attack
46.91313839852228,35.75401871509224,273.14481183935726,Medium,HTTP,1021.8520640956209,1,0,0,Normal
61.57718554866733,52.14311110663393,420.40631118485885,High,HTTPS,1571.4568921609,1,0,0,Normal
37.96195332339266,33.98699562867966,317.6121638080081,Low,HTTP,1073.596925883344,1,0,0,Normal
78.83692008246726,62.8568312641944,569.5771150182392,High,DNS,2200.845249331373,0,0,0,Normal
45.70403436806373,37.151949436727584,327.6704451446405,Medium,HTTP,1598.2489740748035,0,0,0,Normal
58.63969413876475,42.976685020223776,591.0466482049965,Medium,SSH,2383.582467263211,2,0,0,Attack
84.03780950051441,64.9689796374858,800.69206247132,Critical,FTP,3049.4871805776806,3,0,0,Attack
98.58730376028689,82.28724059730452,876.4264669675316,Critical,FTP,2799.8674574833894,2,0,1,Attack
69.1905893778312,54.59068580415074,559.4363140057841,High,FTP,1928.3691265632174,4,1,0,Attack
63.86435432068538,50.24693794544891,406.9021817475437,High,HTTPS,1229.0285091006892,0,0,0,Normal
39.868225703175995,30.568776800696835,256.6746991030935,Low,HTTP,1178.3586390517028,1,0,0,Normal
51.92767644814012,40.81074737145127,270.8721155036474,Medium,HTTPS,1231.3287898172234,1,0,0,Normal
80.39910046850764,62.26489836853855,750.6511840005692,Critical,FTP,3284.9467842478025,3,0,1,Attack
56.697011667492916,40.12985648975693,492.6821388187299,Medium,HTTPS,1485.6814661753012,0,0,0,Normal
56.032784547423944,42.29657252402859,483.21513292900323,Medium,HTTPS,1930.9623560775628,0,0,0,Normal
50.02360597849474,37.89403568069017,492.25067555191384,Medium,HTTPS,1962.7925749930716,0,0,0,Normal
55.774543535808334,39.524818164868584,281.9269466871431,Medium,HTTPS,1185.1020759121827,0,0,0,Normal
52.334309733705595,40.50460364465622,267.5768715071559,Medium,HTTPS,1061.7283773649165,0,0,0,Normal
32.338474160351325,27.40975092516974,232.70503521813825,Low,HTTP,1145.912618879011,1,0,0,Normal
56.45620523229809,47.70276762616858,537.8610642465401,Medium,FTP,2066.4082639233684,4,0,0,Attack
57.25692164403881,51.16562727212921,592.3621337348752,Medium,SSH,2728.0502264091897,4,0,0,Attack
32.59601061276044,22.888606081328597,223.11544781270635,Low,HTTP,934.0546292358032,0,0,0,Normal
52.187663412914844,36.76691540879401,310.54445330003915,Medium,HTTPS,1373.606238990762,0,0,0,Normal
74.27684796683025,58.51803074693442,531.8219956995265,High,DNS,1844.6525741838018,0,0,0,Normal
73.48551552422578,54.333663406275264,712.3706119667764,High,DNS,2705.6821028148956,1,0,0,Normal
88.08441217057407,68.18670209776303,667.8595691049323,Critical,DNS,2345.5229218202558,0,0,0,Normal
30.657123228156706,23.72232226038493,215.2562523158937,Low,HTTP,653.5177908373747,0,0,0,Normal
31.354061502370314,23.139966817857058,172.02723042322404,Low,HTTP,664.990831984692,1,0,0,Normal
56.35102598753292,44.31443968262582,344.72542523764776,Medium,HTTPS,1640.1924814029474,0,0,0,Normal
41.81376704786089,37.12063591201902,211.20677326071728,Medium,HTTP,1038.887549899087,1,0,0,Normal
52.231902617641026,41.95692708019628,468.8941485454269,Medium,HTTPS,2225.181549801746,1,0,0,Normal
52.13843729405198,40.71263385594826,462.1803724078585,Medium,HTTPS,1813.4821999998096,0,0,0,Normal
51.406405190355144,36.985060303139655,633.8867015573268,Medium,SSH,2408.131049123539,4,0,0,Attack
65.91996191389626,49.09050316425981,532.1536985124683,High,FTP,1757.0336854271707,1,0,0,Attack
96.32833059166842,67.62684212623832,921.5164821065038,Critical,FTP,4279.458254627747,1,0,1,Attack
60.98448444816313,52.39094127713531,455.460215957508,High,HTTPS,1623.699926732989,1,0,0,Normal
54.2569281066244,46.36685211362089,434.54083256214795,Medium,HTTPS,1349.6842295226986,0,0,0,Normal
35.839214001753135,30.0193897357684,265.9213930555432,Low,HTTP,1143.7795637097443,0,0,0,Normal
43.40957915774197,30.45397683534859,425.88202757641744,Medium,HTTP,1285.3202083280228,0,0,0,Normal
30.6135600322159,24.47882234406297,217.50166804197664,Low,HTTP,962.2206260785483,0,0,0,Normal
87.72592037734285,70.0700631931073,990.7122725228124,Critical,SSH,4057.406967987764,2,0,0,Attack
76.37381472741254,62.653859102940544,608.3973326002679,High,DNS,2243.238877031903,1,0,0,Normal
71.28388474953681,56.79855583630287,610.0509364081172,High,DNS,2869.4006203040744,0,0,0,Normal
30.464907236382714,27.187839240900562,188.01056610117618,Low,HTTP,655.8805203770463,1,0,0,Normal
69.88215338205919,54.800883797381275,688.8498241002883,High,SSH,2606.6892998174303,2,1,0,Attack
59.62152653984958,51.30656407261639,374.4232123637284,Medium,HTTPS,1674.0688656981276,0,0,0,Normal
66.10735758018564,54.11824923774453,336.4863032893963,High,HTTPS,1262.9765378093177,1,0,0,Normal
59.0381333840196,49.72911482911979,422.9512210196519,Medium,HTTPS,1583.1917888862126,0,0,0,Normal
87.7294143383915,65.521174691654,824.2107907598717,Critical,DNS,2686.8696667807253,1,0,0,Normal
55.256991142392096,43.090165879257526,541.3551449765574,Medium,HTTPS,1887.69475337662,1,0,0,Normal
78.16127353762568,58.714750028786206,731.9011146018902,High,DNS,2901.413231140747,0,0,0,Normal
65.59255377331283,46.15091500887857,479.44126947954464,High,HTTPS,2337.629663624397,1,0,0,Normal
72.69658089790028,57.18032282688668,508.6930260116238,High,DNS,1789.3992324833507,0,0,0,Normal
44.05657846611575,38.58460966427318,253.5170825925306,Medium,HTTP,1129.7832085162572,1,0,0,Normal
53.94414890353801,48.11180135080233,491.4217881709059,Medium,HTTPS,2044.6495756122308,1,0,0,Normal
45.3600051713147,39.670021729729356,290.8671134464948,Medium,HTTP,1108.1363196332018,0,0,0,Normal
31.079973353571404,24.62700709164832,163.63613187123718,Low,HTTP,659.1822330371378,0,0,0,Normal
55.96841331724136,43.64972554810072,461.90650895497356,Medium,HTTPS,1670.8101411154523,1,0,0,Normal
82.73903472065285,60.41390022363445,417.42243669053664,Critical,DNS,1841.5709636001325,1,0,0,Normal
87.56452179921325,75.69016176192045,749.5455094934651,Critical,DNS,3394.3153314004826,0,0,0,Normal
82.36783867134363,62.310985247305524,637.4126498077322,Critical,DNS,2373.6614522956224,0,0,0,Normal
57.71262746740831,41.01059843846529,387.7030517982907,Medium,HTTPS,1852.2033640298052,0,0,0,Normal
53.969785603985656,44.80136733099714,499.6985119072227,Medium,HTTPS,1667.973033094438,1,0,0,Normal
39.05223004210711,27.40693068558859,242.95662556458194,Low,HTTP,1069.784513747267,0,0,0,Normal
79.3179070930546,66.81715865628357,552.0761130809917,High,DNS,2597.2605358380133,0,0,0,Normal
46.94896303859423,38.00727170482716,407.406737395278,Medium,HTTP,1528.7965996282046,0,0,0,Normal
33.18002786283614,25.50591232362937,228.39690275281205,Low,HTTP,755.7564951998695,1,0,0,Normal
79.03582715560333,68.78916954076388,742.0280662610961,High,FTP,3419.923751132317,4,0,0,Attack
30.540581083623692,22.870406094606903,172.54895553417902,Low,HTTP,691.6070036468241,0,0,0,Normal
72.71906851208769,56.60538398272635,452.127236308159,High,DNS,1727.7041644222834,1,0,0,Normal
62.86333016716526,53.25190782176926,465.85103425423677,High,HTTPS,1438.0516041783549,0,0,0,Normal
50.613841818358196,39.243069191539995,490.41488205662915,Medium,HTTPS,1861.1999016347013,0,0,0,Normal
81.10628059348528,62.80223011529588,510.49115885432076,Critical,DNS,2423.1745152021026,0,0,0,Normal
44.655903225793736,32.419874145671194,385.8759232231322,Medium,HTTP,1333.335891741487,0,0,0,Normal
53.52355224400526,40.072978395972854,422.92726243064004,Medium,HTTPS,1415.674336419977,0,0,0,Normal
84.13181745301699,67.00438657676264,790.9772924322045,Critical,FTP,2504.533285974305,0,0,0,Attack
52.60278877292876,46.68885325157563,398.24803038289366,Medium,HTTPS,1736.778237389486,1,0,0,Normal
52.29605520959012,39.31429469637098,342.1736318111787,Medium,HTTPS,1671.0124890998695,0,0,0,Normal
37.79790668490023,31.96356615674253,322.39422461540266,Low,HTTP,1224.9095803690973,0,0,0,Normal
54.609410526154534,44.565000985967586,681.7229878720398,Medium,FTP,3333.0261332452196,4,0,1,Attack
58.926444020471536,46.02018768345376,401.2744644159253,Medium,HTTPS,1560.1486949223113,0,0,0,Normal
86.27211792772869,69.26220310423763,814.7056300950024,Critical,DNS,3095.3092531262455,1,0,0,Normal
45.529217483854154,34.68053443654009,266.11358393365606,Medium,HTTP,1060.1861806938987,0,0,0,Normal
73.6931456802995,61.98896472881079,626.979691074368,High,DNS,2339.8511258966387,1,0,0,Normal
64.82044700678671,55.282105185657926,600.3237839552147,High,HTTPS,2215.6328880512306,0,0,0,Normal
54.29305016674334,41.93541315515019,373.60499016256176,Medium,HTTPS,1198.7166006048278,1,0,0,Normal
60.85024722214257,53.41055167072875,351.25215347274127,High,HTTPS,1686.1035107714793,0,0,0,Normal
48.51612450074754,35.60093215499613,437.7230672077828,Medium,HTTP,1542.3031011151688,0,0,0,Normal
72.35304107278353,60.799644937624684,544.1271458002822,High,DNS,1728.8126546675173,0,0,0,Normal
85.85493962978944,74.73271930625067,805.5517748202407,Critical,SSH,3743.662355119366,1,0,0,Attack
51.71702285850188,40.09365773762535,269.8250910739332,Medium,HTTPS,963.0408696408704,1,0,0,Normal
83.32128845300758,60.89920665495196,582.2395394300937,Critical,DNS,2450.8679363836795,1,0,0,Normal
40.138763275172096,34.55500904953213,375.9748975530933,Medium,HTTP,1332.4822762385102,1,0,0,Normal
72.09574070202507,57.73555564019753,442.55046832987586,High,DNS,1816.8908253057841,1,0,0,Normal
91.13600322300044,71.28000781157793,734.8141901206614,Critical,FTP,2219.1086814613323,0,0,0,Attack
52.575207474656054,37.25970488390276,284.7444634058128,Medium,HTTPS,1265.6464965611021,0,0,0,Normal
49.268836760602426,38.4058159937351,613.9871464319481,Medium,SSH,2080.608494633171,3,0,0,Attack
78.26661982064252,68.457864996546,759.8753671915262,High,DNS,2994.904190140853,0,0,0,Normal
60.245353240025,44.91501194049446,421.62942339298405,High,HTTPS,1468.6312548888661,0,0,0,Normal
64.63836011273088,47.49189379928865,828.465999120801,High,SSH,2850.601503041266,3,0,0,Attack
32.6080333693244,23.368150074106598,235.428696130749,Low,HTTP,985.9640680847499,1,0,0,Normal
53.85461390340424,45.028093897735985,376.887746469637,Medium,HTTPS,1810.583706432605,1,0,0,Normal
82.40253566626052,73.20247457511243,614.7149133549027,Critical,DNS,2797.7721666499806,1,0,0,Normal
43.66046271592495,34.05260850737974,298.1945048693777,Medium,HTTP,1395.309753765695,1,0,0,Normal
40.41970302059781,35.92956283880639,271.8962500696943,Medium,HTTP,817.7154910950128,1,0,0,Normal
34.99134715762921,27.601118631417865,193.19714380831246,Low,HTTP,739.2122561316831,1,0,0,Normal
70.83139939597459,55.243517270328816,672.9452665862669,High,DNS,2983.4318986187645,0,0,0,Normal
86.50566265918314,69.06578501908396,545.7356200279002,Critical,DNS,1885.0017562070861,0,0,0,Normal
63.982461859886826,49.470861101314675,548.2600343141123,High,FTP,2025.6477950247215,1,0,0,Attack
86.67362811025669,66.65834558751463,790.3176175128025,Critical,DNS,3626.5964159434725,0,0,0,Normal
56.63951982540311,40.828673510852454,363.78574613976457,Medium,HTTPS,1715.42514631206,1,0,0,Normal
53.978931976889726,47.50289199950537,433.0973692888157,Medium,HTTPS,2090.871556638322,0,0,0,Normal
59.51883459187229,44.77880312611235,378.5505683251319,Medium,HTTPS,1770.3772189009287,0,0,0,Normal
61.95822572277393,44.46879312002209,681.0281321065013,High,SSH,3315.548507370865,4,0,0,Attack
50.72189444770629,43.860879740652166,256.1403601457768,Medium,HTTPS,1034.4306268201824,0,0,0,Normal
36.255400663940236,27.442184651600375,312.2360642130805,Low,HTTP,1451.71762575209,0,0,0,Normal
84.00795788165851,68.96533162075929,501.67118792317194,Critical,DNS,1698.2697063249177,1,0,0,Normal
45.704031840505195,34.479452745324956,336.0742856623489,Medium,HTTP,1173.7205575413102,1,0,0,Normal
35.31665538161178,28.625914042602506,219.2482356265256,Low,HTTP,773.3502655025766,0,0,0,Normal
79.41980411953409,55.75237638087705,484.62340577329314,High,DNS,1525.705181585795,0,0,0,Normal
47.07390470706741,39.75320754719945,375.17336628140504,Medium,HTTP,1867.932128743876,0,0,0,Normal
66.281423902401,48.97325044151732,630.3429241173329,High,HTTPS,2284.4720530887807,0,0,0,Normal
46.32217349433631,36.78587278071858,411.2636387951941,Medium,HTTP,1574.8636906000984,1,0,0,Normal
63.16499170111456,47.26780108027517,580.9905486190821,High,HTTPS,2780.16142568223,0,0,0,Normal
40.598768149684474,30.208808309275017,403.7504085873155,Medium,SSH,1503.2844137629995,2,0,0,Attack
73.34550720559491,60.054948907117556,518.223957221287,High,DNS,1713.6966238957507,1,0,0,Normal
51.66052367989323,45.482130276428414,643.4274052171015,Medium,FTP,2977.8067910897794,4,1,1,Attack
58.239292367507005,49.80235728568106,357.3063091376256,Medium,HTTPS,1530.1411826217707,0,0,0,Normal
54.49682873673737,47.29885153177514,567.1293853924708,Medium,FTP,1809.6272542707393,1,0,0,Attack
53.22456827678252,37.29687190055684,677.5286265101463,Medium,FTP,2471.9029269081348,0,0,0,Attack
75.63855863227218,59.19630139496922,902.5842621960703,High,SSH,3343.0322488995794,3,0,0,Attack
84.12119179192814,70.94272030585114,804.9803014893129,Critical,DNS,3068.998812799029,0,0,0,Normal
76.53998491987295,57.053338480416286,703.5413479729033,High,DNS,3487.3257068977236,1,0,0,Normal
90.37580146323307,69.5413269508429,1074.0347100246518,Critical,SSH,3951.6202008114674,0,0,0,Attack
40.22362289499142,34.54719872535638,505.55175072503863,Medium,FTP,1976.5885532702382,1,0,0,Attack
54.786208775185514,47.74882177135078,499.8451642932867,Medium,HTTPS,2123.2934999454733,1,0,0,Normal
73.00183744897367,64.44395655700002,435.3144680965051,High,DNS,2147.8158496291912,1,0,0,Normal
43.621699978684774,37.84935307292747,271.8115898703334,Medium,HTTP,837.8794906822228,1,0,0,Normal
50.84053195080287,45.087649890861044,321.2208512581283,Medium,HTTPS,1146.6612489902702,0,0,0,Normal
77.6635039728717,62.43004363540293,417.09736709313046,High,DNS,1379.6231498441352,1,0,0,Normal
81.46446070371894,70.4620602888838,810.3372898647001,Critical,DNS,3428.457960146638,0,0,0,Normal
94.8315116809681,70.03520242361577,822.13582406569,Critical,FTP,2553.9861939438447,2,1,1,Attack
80.30177474574884,60.16565348581074,568.0003071017363,Critical,DNS,2690.818440614133,1,0,0,Normal
86.0533721469983,64.77479640518483,814.3250795927839,Critical,DNS,2759.434167085399,1,0,0,Normal
61.155911496898625,43.715642493279674,416.3649304011327,High,HTTPS,1469.4948935324023,0,0,0,Normal
79.48269839464047,71.36632718250243,458.3896213222958,High,DNS,2210.6365506717257,1,0,0,Normal
41.55674157940666,31.68358033859962,376.9236439900808,Medium,HTTP,1853.546471189057,1,0,0,Normal
54.773314199992456,42.88382855608419,649.4746621260457,Medium,FTP,2855.8043312071118,2,0,1,Attack
45.81844774613273,40.25246571323582,250.95386143888223,Medium,HTTP,858.1364956145896,0,0,0,Normal
34.446852756809676,26.60434220457446,228.07356360273008,Low,HTTP,966.7002602383454,0,0,0,Normal
89.36551711478387,65.2981761901074,604.076277024969,Critical,DNS,1857.344663219465,0,0,0,Normal
48.725201744164224,42.04029156442771,342.60080188295404,Medium,HTTP,1426.5344470868035,1,0,0,Normal
54.87986357464251,45.4538924161556,542.8739415217066,Medium,HTTPS,2683.137551197037,1,0,0,Normal
83.55628154142323,60.08410488060611,559.6661383089263,Critical,DNS,2431.551318247823,0,0,0,Normal
51.69903844973305,39.54154968966331,376.08013475716183,Medium,HTTPS,1165.657061780697,0,0,0,Normal
39.205947545415256,30.2036544804804,318.3427330954684,Low,HTTP,1587.9547914522377,0,0,0,Normal
78.84115443070186,61.59476368350351,775.3911010274365,High,DNS,3428.058940519268,0,0,0,Normal
68.47306164127076,61.330068187540235,356.5006396887614,High,HTTPS,1386.2732033424377,1,0,0,Normal
35.725629858789034,27.434531110570074,229.5101485813329,Low,HTTP,910.0583143382403,0,0,0,Normal
49.452331467109616,39.11563218391387,285.29995517577663,Medium,HTTP,1120.1539614601427,0,0,0,Normal
51.11535140549677,42.15944322866959,412.87177499199316,Medium,HTTPS,1531.624377709799,1,0,0,Normal
54.375425353428,48.578683541144244,286.35809848584074,Medium,HTTPS,1423.2092926979499,1,0,0,Normal
88.7045097041846,62.82563033425972,828.8003517339728,Critical,DNS,3322.3738626957747,0,0,0,Normal
50.37688532582251,38.13377796632774,300.8274579232886,Medium,HTTPS,993.3523641240374,1,0,0,Normal
67.29295074750553,49.17551132602366,625.5174821726655,High,FTP,1991.029256914141,2,0,0,Attack
77.43707361543784,63.737699274322516,940.0302501889176,High,SSH,2980.0647363732546,2,0,0,Attack
88.01822638844897,62.55038015581047,862.0427795328976,Critical,DNS,3325.7522991191236,0,0,0,Normal
32.47723664931982,28.37651086160899,275.8209633405793,Low,HTTP,1262.1615603140153,1,0,0,Normal
57.0909230673351,42.182284966288165,545.3285880598959,Medium,FTP,1984.6968613628644,2,0,0,Attack
39.23029431658506,29.537836460547386,317.6227687393766,Low,HTTP,1220.513194568418,0,0,0,Normal
76.92707109847106,67.86979124222078,598.9987271353524,High,FTP,2782.264728994347,3,0,0,Attack
33.19577565591317,29.60254828947632,262.5651918670643,Low,HTTP,1207.2184445975308,0,0,0,Normal
92.12061544531025,77.35459198705809,1107.9566445289088,Critical,SSH,3793.7002051577183,4,0,0,Attack
41.65844953953638,30.90848275849282,348.33192940666595,Medium,HTTP,1711.2290661758998,1,0,0,Normal
45.88030736282235,37.79870165721108,240.8132519537625,Medium,HTTP,952.9219754601304,0,0,0,Normal
84.67844260706443,59.90733631613885,844.2847962274641,Critical,DNS,3522.8113017083037,0,0,0,Normal
87.52694616614463,71.45558626260969,748.5896951751618,Critical,DNS,2661.417380080568,0,0,0,Normal
81.91296740624239,73.25041603088832,791.5257719877341,Critical,SSH,3669.1352790164137,4,0,0,Attack
52.58497207745677,43.88029833995405,589.8150747897046,Medium,FTP,2418.991122567196,1,0,0,Attack
67.15637599132606,47.6776099232549,491.2879280804215,High,HTTPS,1915.0365768907416,0,0,0,Normal
32.240569636342116,28.97844419268255,218.40449855443558,Low,HTTP,998.5997632220658,0,0,0,Normal
64.9151583341154,54.66551430846642,644.2883549027364,High,HTTPS,2192.781480666789,0,0,0,Normal
88.27406581771356,69.63550358217769,663.9653077108079,Critical,DNS,3129.6177038169676,0,0,0,Normal
70.33938370444957,56.026869130191955,404.81490152541187,High,DNS,1758.6511736194632,1,0,0,Normal
42.98473548995389,34.070700822790435,434.5904156099891,Medium,FTP,1467.036510636282,1,0,0,Attack
89.64577102276962,69.11406881068226,486.3685620496817,Critical,DNS,1897.8613618689271,0,0,0,Normal
72.63212342688348,65.15125676908171,518.9546799856515,High,DNS,1842.0351338140654,0,0,0,Normal
56.65672223360161,45.37440863404132,506.51357817068407,Medium,HTTPS,2449.990328878357,0,0,0,Normal
58.95661084665335,43.05051112500969,389.0327639710221,Medium,HTTPS,1411.2281411206548,0,0,0,Normal
67.78697554684186,48.69146159851923,681.7366483207913,High,FTP,2383.4194713608445,4,0,0,Attack
51.29056068844875,36.77625326761037,467.3671758156838,Medium,HTTPS,1866.0530427971141,0,0,0,Normal
89.10099978558719,70.01547524997353,801.4157233721049,Critical,DNS,2768.9159159717096,0,0,0,Normal
60.25962063402403,51.67875622369598,365.1810043356399,High,HTTPS,1344.835948508686,0,0,0,Normal
49.06200427794829,37.48067943969489,679.9047941748634,Medium,SSH,3243.7907432841657,4,0,1,Attack
35.490341053227894,27.833833021921468,262.3711658222231,Low,HTTP,959.7429318076354,0,0,0,Normal
35.10538844173425,30.34811390955925,278.4330413343499,Low,HTTP,1033.1712427141495,1,0,0,Normal
55.739695688462234,47.923795004512385,356.0710017392941,Medium,HTTPS,1116.4086441153015,1,0,0,Normal
77.28052556565672,57.37345734643179,702.3876636304676,High,DNS,2651.9282241753845,0,0,0,Normal
49.18354024444852,43.835514527026014,381.32864691582444,Medium,HTTP,1463.0005864590607,1,0,0,Normal
65.27950588169915,51.943551725755654,672.9487688473205,High,FTP,3186.36052324693,2,0,0,Attack
89.3457750219386,73.01818374493288,997.9134020996594,Critical,FTP,3151.552109401228,1,0,0,Attack
77.93356644266169,58.88069393046191,468.26700725079763,High,DNS,1444.8536041572365,1,0,0,Normal
42.72153402096592,36.892275497547836,396.6188123868252,Medium,HTTP,1341.111012627638,1,0,0,Normal
87.37917386075424,70.78823169758044,730.5628730102189,Critical,DNS,3521.975398055444,1,0,0,Normal
58.71298207996006,46.371468230765785,348.70758131377755,Medium,HTTPS,1064.6173498091885,1,0,0,Normal
65.17617221520595,55.87063810082195,472.87029312631205,High,HTTPS,2268.03620786081,1,0,0,Normal
56.65725419014052,41.945723845382254,561.1206742977804,Medium,FTP,2543.1905431332852,4,0,1,Attack
79.06566566249239,68.89407290304875,758.4312129856621,High,DNS,2301.738478217712,1,0,0,Normal
63.03811275574844,52.6011072736043,414.0863791613904,High,HTTPS,1826.9725770766797,1,0,0,Normal
56.93976998620201,41.9969304737143,355.3183944710652,Medium,HTTPS,1378.2901680139373,0,0,0,Normal
77.1674718009308,60.97854907840726,577.3461305357891,High,DNS,2008.9402488186633,0,0,0,Normal
42.10248861309083,31.785318376954415,258.4072536867268,Medium,HTTP,1149.2538038139166,0,0,0,Normal
81.40577832027702,71.93803158417984,545.9592111095685,Critical,DNS,2184.6733652359326,1,0,0,Normal
70.33002246156684,53.64443777090855,663.0272279833976,High,DNS,2721.438753637769,1,0,0,Normal
41.27028516566497,30.93661831269974,274.23680074092573,Medium,HTTP,1166.1096246557913,1,0,0,Normal
67.06316011899617,53.601516312476356,654.4641020736171,High,SSH,2985.8071162278147,0,0,0,Attack
46.48531778526376,34.65494705073363,248.1565246629188,Medium,HTTP,1219.0635017521981,0,0,0,Normal
95.10906130453805,73.06901827249892,859.9595290802991,Critical,FTP,3456.849995144659,1,0,0,Attack
48.82590916371555,42.824953369020555,346.2473662301084,Medium,HTTP,1530.9988254543628,0,0,0,Normal
44.88299890719645,34.37121593465438,419.0863489477857,Medium,HTTP,1529.6227044001673,0,0,0,Normal
59.78075094000815,46.0949236893426,322.53835579587343,Medium,HTTPS,1266.1523185675744,1,0,0,Normal
53.65092056046706,38.28183113070661,479.72699933876754,Medium,SSH,1736.657846086406,4,0,0,Attack
50.47967439779313,39.2509279138061,300.5257015702971,Medium,HTTPS,1497.4768010622347,0,0,0,Normal
83.12845435459167,65.14433771454881,794.0651559424773,Critical,DNS,3373.912454836837,0,0,0,Normal
49.73876593488967,43.446428462931266,255.28888898498542,Medium,HTTP,1059.3536505594159,1,0,0,Normal
51.319896276982035,36.735509890067966,487.06659037015817,Medium,HTTPS,1615.7748616036965,1,0,0,Normal
34.06062038149685,24.133767156930283,300.7843609420382,Low,HTTP,1174.9751927124798,1,0,0,Normal
53.26771645453846,39.318819491003275,270.9819044860569,Medium,HTTPS,969.7593269284412,1,0,0,Normal
55.097614482292556,48.60109128786559,469.99045946490753,Medium,HTTPS,1818.3054546544531,0,0,0,Normal
82.04768642513955,57.868541562087685,590.5440627578412,Critical,DNS,2153.3385289919065,1,0,0,Normal
34.74425644861185,30.562152172941175,215.38064665725352,Low,HTTP,874.5516002636876,0,0,0,Normal
42.566009250149364,36.318772907339195,566.860662308929,Medium,FTP,2622.4986990041684,0,0,0,Attack
41.440801904245745,29.153056354594245,310.964753670973,Medium,HTTP,1045.7542026792762,1,0,0,Normal
84.62719889706932,71.18887941597819,656.8267268728758,Critical,DNS,2282.2009634992287,1,0,0,Normal
31.591127367937588,24.890739192657396,256.8516324229051,Low,HTTP,1205.9222104477726,1,0,0,Normal
83.88953424411739,62.74611270272741,747.081768889263,Critical,DNS,3220.923835479836,0,0,0,Normal
85.9702463101712,72.62295113643482,1040.8917726222253,Critical,FTP,4595.3871849049965,1,0,0,Attack
31.046034451428568,24.84158444645131,234.38065440778513,Low,HTTP,974.2395845186813,0,0,0,Normal
72.36170053045498,58.6460149072395,618.9984289904341,High,DNS,2237.168537759102,1,0,0,Normal
66.37085409543943,54.77055380963179,639.6900937030659,High,FTP,2731.2587444043575,2,0,1,Attack
54.38834570282779,46.568480686471936,597.7945684212107,Medium,SSH,1968.3553387599313,3,0,0,Attack
73.42355379936635,65.43858179160672,480.9419199641884,High,DNS,1620.881821962076,0,0,0,Normal
60.04596611508532,48.15555693536852,597.886343713394,High,HTTPS,2853.0646233496295,0,0,0,Normal
63.136968081162195,53.17200290040126,512.816030729993,High,HTTPS,2410.132143309113,0,0,0,Normal
67.56598912019399,51.687296978552546,532.0191484681553,High,HTTPS,2185.780492938826,1,0,0,Normal
76.86650375937461,60.92121491211909,445.3182598095813,High,DNS,1529.0233976602415,1,0,0,Normal
87.37434408481931,66.58008998238944,634.8555680528211,Critical,DNS,2346.310316712207,1,0,0,Normal
60.59346556139644,54.43024776686161,390.6289034515828,High,HTTPS,1406.8943833988046,1,0,0,Normal
72.650726744032,59.928940452645456,521.0534719785654,High,DNS,2101.2829060260765,0,0,0,Normal
49.49695986810184,40.33817574621185,327.46741460763286,Medium,HTTP,1262.526343582064,1,0,0,Normal
57.7676046103079,42.27063162626398,441.9933685956098,Medium,HTTPS,1921.6399720797772,1,0,0,Normal
48.60288341995329,38.42724098699369,440.628281755205,Medium,HTTP,1487.4661866194608,0,0,0,Normal
89.48573049536208,67.81843120457334,528.6223746306393,Critical,DNS,1832.6319465556148,1,0,0,Normal
67.46734054206172,53.08879229669691,417.38434447106323,High,HTTPS,1645.5998855672078,0,0,0,Normal
64.4888081229874,49.31048918949915,595.7177478693769,High,HTTPS,2560.403847797905,1,0,0,Normal
39.520777664656634,31.855695028495425,327.166872364451,Low,HTTP,1373.364532303833,0,0,0,Normal
57.19111881673598,49.33508977584459,488.24857397346847,Medium,HTTPS,2006.8554485149027,0,0,0,Normal
47.36059982687948,34.871301028735566,373.752718690266,Medium,HTTP,1514.7413705149993,1,0,0,Normal
56.0644062897336,41.905822753638006,366.4053985236811,Medium,HTTPS,1147.4635140592802,1,0,0,Normal
49.39091584135895,42.94547432297193,403.7286657246739,Medium,HTTP,1768.332799483686,1,0,0,Normal
71.81478891026927,59.68771586140896,611.6235643898456,High,SSH,2645.4922286261576,1,0,1,Attack
78.79065209723194,66.30119837623042,466.87866300340437,High,DNS,1604.5177209743867,1,0,0,Normal
40.88804505983717,33.35096885991075,385.56588591332104,Medium,HTTP,1708.5640448642223,1,0,0,Normal
44.23758063399873,33.68326727099284,409.1753645012119,Medium,HTTP,1246.277451550748,1,0,0,Normal
80.85044339475644,66.86056194484927,628.3013419467433,Critical,DNS,3096.2861148534207,1,0,0,Normal
69.34021293018304,50.56770417997745,421.8575331058172,High,HTTPS,1589.9759551675716,1,0,0,Normal
72.44567703695793,53.394084058445564,488.25080941256675,High,DNS,1772.0439699686003,1,0,0,Normal
64.69965838012286,56.754009986785135,420.8087829338428,High,HTTPS,1705.7751334075833,1,0,0,Normal
48.4252447009203,42.12898836106526,367.15520163780553,Medium,HTTP,1752.7647401292415,1,0,0,Normal
68.08977837659768,55.2103385442128,486.0632875427767,High,HTTPS,2239.8640967912006,0,0,0,Normal
38.78085764270509,28.827952154805196,324.56349104035826,Low,HTTP,1183.6032758334413,0,0,0,Normal
41.10670881524129,31.634972895961592,244.1517187718733,Medium,HTTP,1205.0411681641388,1,0,0,Normal
83.15754089462644,63.21314963988697,512.8340877554783,Critical,DNS,2168.141055157113,0,0,0,Normal
80.9939626816049,65.06049558505315,595.8419680700614,Critical,DNS,2843.102685462359,0,0,0,Normal
63.25386215321487,49.68860254683584,521.5304738850336,High,HTTPS,2515.8744125499434,0,0,0,Normal
43.00655973420362,35.90044384276183,343.81049822371864,Medium,HTTP,1465.854456866145,1,0,0,Normal
50.874524921091506,37.52395396096728,395.58949786301537,Medium,HTTPS,1969.207641579569,1,0,0,Normal
48.04840893499204,35.876821415610266,366.70428462148755,Medium,HTTP,1822.4560068084497,1,0,0,Normal
60.982760063780006,48.43646461434842,324.9889319827883,High,HTTPS,1379.1435606415166,1,0,0,Normal
55.66277625773605,46.18905552893096,470.3508880244434,Medium,HTTPS,1745.0596531938916,0,0,0,Normal
70.43000926816603,57.73675640966728,585.5128759439526,High,DNS,2066.98692648403,1,0,0,Normal
41.273539276298834,33.47414056410101,251.4271590361507,Medium,HTTP,1227.054491990514,0,0,0,Normal
44.00422122707823,35.435676322017514,377.4809040197382,Medium,HTTP,1224.6657454542683,0,0,0,Normal
58.27946405028342,41.563033796607584,298.07428074323974,Medium,HTTPS,1121.8776154646207,1,0,0,Normal
68.94045159584493,57.77211967311717,676.9999258981252,High,HTTPS,2675.2788334523184,0,0,0,Normal
65.93248109551496,54.89116546285567,456.4156127122585,High,HTTPS,1907.9555390551604,0,0,0,Normal
63.30945068713845,47.0812825087767,416.160292127802,High,HTTPS,1797.5732357628497,0,0,0,Normal
61.58370720269886,51.9231658432365,470.1244050871926,High,HTTPS,2146.03765150683,1,0,0,Normal
33.950322676682845,23.92081066972296,320.31339012650125,Low,HTTP,1410.6154972022068,1,0,0,Normal
71.40009240931249,63.74619684700985,644.059853197842,High,DNS,2246.8572419479724,0,0,0,Normal
69.76080628606724,54.197086280275634,461.59926850432026,High,HTTPS,2156.107776010213,0,0,0,Normal
53.10073139684391,40.512524997207265,722.4613286658334,Medium,SSH,2325.592185816273,3,0,0,Attack
72.93946175894234,58.742258873888524,588.5782660067168,High,DNS,2159.013634189325,1,0,0,Normal
31.374815764138475,27.52797116355792,295.8309197761917,Low,HTTP,1188.227585808505,1,0,0,Normal
87.84081657026945,75.61490139626545,839.7630093850989,Critical,DNS,3249.8644412094245,1,0,0,Normal
53.06963823510159,40.581047934722235,432.9890104918188,Medium,HTTPS,1597.9598358953879,1,0,0,Normal
48.88116941991029,43.67837677048706,486.1118375284166,Medium,HTTP,1618.4027737691235,1,0,0,Normal
61.60690574339242,50.68870284862773,611.4215383870251,High,HTTPS,2763.2923883699414,1,0,0,Normal
83.21720615509548,72.99456922713141,674.8214663591024,Critical,DNS,3174.662310516352,0,0,0,Normal
88.24521338246996,77.86776929209118,797.8884586321699,Critical,FTP,2815.8226218637,4,0,1,Attack
49.402626158553176,40.82412448517064,312.4982886347099,Medium,HTTP,1054.5540349867151,0,0,0,Normal
98.06873048763009,88.04519198725461,1151.354403584041,Critical,FTP,5212.740712797638,1,0,1,Attack
66.832894317522,59.94793454017976,374.9846308254575,High,HTTPS,1844.1794341126802,0,0,0,Normal
83.14715165186499,68.54371115910892,574.4952284426862,Critical,DNS,2349.095411598045,0,0,0,Normal
84.72065613779705,65.32066804473044,625.1680898255634,Critical,DNS,2602.2292774472708,0,0,0,Normal
77.90660533399205,58.665356647346826,819.4165198256544,High,FTP,3989.1206773732183,2,0,0,Attack
89.33720325367176,79.33463280585008,741.3704001634893,Critical,DNS,3543.21461320583,0,0,0,Normal
89.09474063191738,64.54300795249321,794.0188511573824,Critical,DNS,3347.153596651971,0,0,0,Normal
67.30989503801538,52.25773198394037,572.7837381229178,High,HTTPS,1885.838011403784,0,0,0,Normal
51.30369034850446,40.79499045113002,319.1839256691297,Medium,HTTPS,1537.8147196139278,1,0,0,Normal
45.90648018551292,37.55289159704244,421.30115086650244,Medium,HTTP,1390.8627480500945,1,0,0,Normal
96.4107334340224,80.2081881275187,734.8349302446762,Critical,SSH,2643.2287455246606,2,0,0,Attack
47.32935354448273,40.53678332347764,515.7086111238873,Medium,SSH,1798.218757038971,1,1,0,Attack
52.91255448144511,44.466972834526466,399.03695028073696,Medium,HTTPS,1418.0293600470266,0,0,0,Normal
68.55003513788688,51.33427328441876,691.8427460814298,High,SSH,2122.8092956363184,1,0,0,Attack
65.40908894749009,56.7159035144265,439.9631312437938,High,HTTPS,1740.1277353048324,1,0,0,Normal
69.5827547533645,50.23168633780678,405.1944246332455,High,HTTPS,1518.3542850389165,1,0,0,Normal
76.9448785226632,59.00275198462296,677.0101752761101,High,DNS,2605.8965705254436,0,0,0,Normal
72.11581601179205,57.812197187639036,667.8731759552281,High,DNS,2174.764093187123,1,0,0,Normal
44.657535978622036,35.14538293912082,282.3576607797083,Medium,HTTP,1248.758886843613,1,0,0,Normal
80.1285437255865,61.623113648720334,475.6813755538198,Critical,DNS,1934.9992426709443,0,0,0,Normal
36.5695502392191,26.802849990774643,322.49642293747064,Low,HTTP,1270.3777983906027,1,0,0,Normal
50.04553305225272,42.63606880381473,490.19767107690325,Medium,HTTPS,1685.162458325557,1,0,0,Normal
60.49730163846107,52.65955994651193,467.18631092481075,High,HTTPS,1593.6331882148097,1,0,0,Normal
56.099342489105766,42.237717019479994,443.52804666203997,Medium,HTTPS,1587.337425168069,0,0,0,Normal
50.71596256544581,37.400950099571055,490.4544682352866,Medium,HTTPS,2108.4445364964886,0,0,0,Normal
49.87842192844255,42.53375347126864,671.2609506836006,Medium,FTP,3125.91904793256,3,0,1,Attack
85.58366273748106,76.32362499542938,887.9768114549563,Critical,FTP,3432.2065612124784,0,0,1,Attack
81.13343167540734,65.62861288800521,464.97740803734723,Critical,DNS,2079.264110874556,0,0,0,Normal
45.87279179439065,37.44342491875765,437.85097078174493,Medium,HTTP,2149.7155855767114,1,0,0,Normal
41.23774177394807,36.570641248714765,237.25623996255638,Medium,HTTP,928.7703752533076,0,0,0,Normal
85.82457399487794,75.34777213838126,757.2240766927364,Critical,FTP,3193.385394049799,1,0,1,Attack
87.54040159350552,71.91845453369437,544.2581857246762,Critical,DNS,2583.1749580983087,0,0,0,Normal
62.669186546554556,45.70093046498198,400.08466241183515,High,HTTPS,1916.5820891933406,0,0,0,Normal
64.87342139487737,57.20510993766425,335.45085388638904,High,HTTPS,1232.2978607975506,1,0,0,Normal
86.04736104985932,62.82619391501785,635.7108423699635,Critical,DNS,2135.3090972949703,1,0,0,Normal
83.37831450073281,63.342817572241216,572.6472730622112,Critical,DNS,2619.1313529114286,1,0,0,Normal
66.46375807475124,49.76067887276114,473.40883272266007,High,HTTPS,1511.0041604815312,0,0,0,Normal
48.77225308022389,36.84075152182954,475.1063668428102,Medium,SSH,1899.2496833379848,0,0,0,Attack
84.53873731799831,59.75486025789853,723.3586222559401,Critical,DNS,3375.330958468768,0,0,0,Normal
39.040513788495446,31.057381382079388,299.42584595966514,Low,HTTP,1018.7587955631581,0,0,0,Normal
57.911122759687714,44.86504418811754,625.5308802768584,Medium,SSH,2360.4648778949,2,1,0,Attack
44.60667428764282,35.012334779737536,271.84648252664147,Medium,HTTP,944.8446554072309,1,0,0,Normal
56.6088761240826,41.07683323183982,541.2283827978636,Medium,SSH,2093.430252922629,4,0,0,Attack
32.05022272733913,26.99466482072515,206.63487695216327,Low,HTTP,846.6638074519547,0,0,0,Normal
58.6550152772179,47.32197119951988,483.7514913143759,Medium,HTTPS,2241.5804960312485,1,0,0,Normal
62.416720917117345,49.5538809252036,770.6115827492363,High,SSH,3357.201912732484,3,0,1,Attack
55.4737402342289,41.259816085269165,397.35818101767336,Medium,HTTPS,1564.9045655591121,1,0,0,Normal
37.68759271144518,27.930764473077627,327.10503093487864,Low,HTTP,1017.7472145133869,1,0,0,Normal
72.67841397275333,55.082159578126195,710.3764376566484,High,DNS,2257.5323724725913,1,0,0,Normal
62.03542174116592,51.482953366742564,452.0257404980119,High,HTTPS,1665.1411262977815,0,0,0,Normal
68.17598968875245,59.01849988225049,748.3439907830187,High,FTP,3052.090634595846,4,0,1,Attack
43.131607375253225,33.923864981949805,403.9523887901851,Medium,HTTP,1718.3951398941051,1,0,0,Normal
42.333896624249974,35.86423149589694,401.16037508971397,Medium,HTTP,1938.620998968293,1,0,0,Normal
47.36665496900969,42.20225423665502,316.59363990423344,Medium,HTTP,1253.211425801452,1,0,0,Normal
68.96882420602196,54.586271948878036,406.7318092216434,High,HTTPS,1633.7755512450788,0,0,0,Normal
79.70360013117897,65.49425300260346,712.0969419049586,High,DNS,3170.03436811208,0,0,0,Normal
55.955952349322615,48.9403673249688,306.6040951540959,Medium,HTTPS,1300.9368767549518,1,0,0,Normal
74.15258945489768,65.18339846385321,555.6856424318469,High,DNS,2474.951629828078,0,0,0,Normal
97.2909091697511,74.65673453174628,1091.7181317287332,Critical,FTP,4887.830738693091,3,0,1,Attack
57.43889754805423,42.26889056217745,344.97432463445796,Medium,HTTPS,1036.790047942295,1,0,0,Normal
66.51679307387894,57.02967153845852,461.21722106397095,High,HTTPS,2256.790191087405,1,0,0,Normal
82.38692366154282,59.25064225303096,509.90405115906816,Critical,DNS,2450.2389066144165,1,0,0,Normal
83.71323891595239,66.94987394255803,600.2080181374752,Critical,DNS,2548.8207801764024,0,0,0,Normal
50.206712535145925,43.5101062030547,388.77450169289426,Medium,HTTPS,1585.6813288629346,1,0,0,Normal
40.76794141190476,30.17795607521747,370.3506405826901,Medium,HTTP,1409.2623625090184,0,0,0,Normal
87.21176068327622,67.79439818660468,931.8248969195079,Critical,SSH,3064.420641895565,4,0,1,Attack
45.75259623641614,34.20306364611361,536.0839217051127,Medium,SSH,2254.2024804514767,2,0,0,Attack
59.92575658113765,47.14912986019927,316.31472664532794,Medium,HTTPS,1177.91921225473,0,0,0,Normal
79.98579078004695,64.76761923298099,435.5102602871987,High,DNS,1994.0896514264623,0,0,0,Normal
42.07122824998805,36.323220801090514,282.26962381237945,Medium,HTTP,1169.571735470565,1,0,0,Normal
53.206155874358956,44.461948911998675,409.4824857799807,Medium,HTTPS,1797.9400023727735,1,0,0,Normal
44.269657634577015,35.14245800055146,360.1286450235984,Medium,HTTP,1514.4708308273523,0,0,0,Normal
56.03772008966189,39.85053785635023,536.9161153473669,Medium,HTTPS,1774.9529795462931,1,0,0,Normal
62.921718725337996,45.16482044502951,465.37259004318975,High,HTTPS,2233.5920725053375,1,0,0,Normal
79.01231538991851,60.71093584798473,595.91827430166,High,DNS,2122.0084809000546,1,0,0,Normal
70.69626727210562,57.11169297028294,610.0538809940647,High,DNS,3044.6638102767993,0,0,0,Normal
68.14815753015864,56.24918012662411,752.5199117438365,High,SSH,2922.634786751062,1,0,0,Attack
33.34132326897816,29.44883586533048,287.89149313310077,Low,HTTP,1121.6901114095544,0,0,0,Normal
35.33814409383922,28.123588533384872,307.1937032155996,Low,HTTP,1048.2074083929076,1,0,0,Normal
50.5119229137199,40.49458737782272,253.2430676054894,Medium,HTTPS,1080.4003277146671,1,0,0,Normal
62.35378404264338,52.69948121459264,606.876565381543,High,HTTPS,2665.000375010282,1,0,0,Normal
77.61863929365063,63.98144185026161,938.4043670183735,High,SSH,3106.5311018115635,4,0,1,Attack
84.97600855030214,71.83761320899875,689.6997779289959,Critical,DNS,3018.5285328701602,0,0,0,Normal
58.752678624296095,49.80576862513797,452.19968036571845,Medium,HTTPS,2160.577966230016,1,0,0,Normal
60.505122604372445,42.386332475657554,424.3241014202946,High,HTTPS,1822.628935829658,0,0,0,Normal
73.55068031742121,65.40948638597791,420.8244177730313,High,DNS,1451.654031051779,1,0,0,Normal
67.29153628242784,59.252176450608054,539.1638913813135,High,HTTPS,1904.4311387781588,1,0,0,Normal
73.61610094856587,60.70797674402247,501.3042189265373,High,DNS,1972.1551424083923,1,0,0,Normal
84.31573397851025,68.11586505684711,954.3609032369641,Critical,FTP,4607.664572783471,2,0,1,Attack
40.1623663477767,31.347574697703877,515.6215676722866,Medium,SSH,2370.7199949659,1,1,0,Attack
86.79353380699467,63.26053331499097,735.7404687066596,Critical,DNS,3218.3973593685278,0,0,0,Normal
84.15882170644181,69.05183580417892,674.3984375147149,Critical,DNS,3349.5235705641694,1,0,0,Normal
67.39687090914231,52.05655836184444,388.5141846747866,High,HTTPS,1356.148663855671,1,0,0,Normal
72.35997900774237,62.07576792947352,887.343471497578,High,SSH,3649.6920742078223,1,0,1,Attack
64.15633251977852,52.24542639655991,610.7457136821328,High,SSH,2040.2456309044176,3,1,0,Attack
38.65868529675936,32.43758147320733,385.69879648639795,Low,HTTP,1863.5511581137841,0,0,0,Normal
66.14829819638544,54.27706427374354,476.8957061207139,High,HTTPS,2097.8349942023206,0,0,0,Normal
61.71650698155645,45.089025968770294,646.8622681938693,High,FTP,2758.1575920668147,3,0,0,Attack
77.36229659283708,68.07555677044881,466.5339933664771,High,DNS,1782.8294822009918,0,0,0,Normal
64.30367671244312,48.61940035440467,525.0810372356451,High,HTTPS,1796.22168833222,1,0,0,Normal
81.72285004678997,73.47547246605598,892.874601964046,Critical,SSH,3231.1567007851627,0,0,0,Attack
66.1608193423308,52.159848760656544,382.15146437271756,High,HTTPS,1739.5323700508,1,0,0,Normal
39.1748764179647,30.933364923582516,330.6930841248398,Low,HTTP,1441.680965989819,1,0,0,Normal
83.98734177477309,62.253126294530155,793.2455351330852,Critical,DNS,2738.1280608146576,0,0,0,Normal
46.82715595792615,38.70853644993041,385.7819903373373,Medium,HTTP,1662.3115758024428,1,0,0,Normal
99.72433936403831,83.6820679863121,810.6988915063029,Critical,SSH,2798.3425400579717,0,0,1,Attack
56.51391841493023,41.31415946247334,357.76042807823217,Medium,HTTPS,1143.8915316853818,0,0,0,Normal
56.8867581881932,47.651666885902685,417.27127787874497,Medium,HTTPS,1768.8818394633347,0,0,0,Normal
42.366102959204,37.188664374697325,405.4447297670124,Medium,HTTP,1220.1505167160458,1,0,0,Normal
77.98774765251437,64.69372075981452,901.4589627789852,High,FTP,4485.2589072888895,4,0,0,Attack
71.74015246419003,53.44317097136103,605.1936498934297,High,DNS,1944.1910058429714,0,0,0,Normal
49.31319197763514,37.143649915810485,689.0245584509755,Medium,SSH,3263.752399628194,0,0,0,Attack
81.29749912059197,64.50183061242474,706.199427995863,Critical,SSH,3177.496631889016,0,0,0,Attack
83.33786997478455,73.57076008923995,648.5883315543233,Critical,DNS,2517.199804500943,1,0,0,Normal
68.86109436600236,59.20532695739541,402.93745208037825,High,HTTPS,1947.666480346088,1,0,0,Normal
53.48644016907201,44.79149728154082,712.3496795879461,Medium,FTP,2139.0212123098318,0,0,0,Attack
45.96580200683093,41.216079695583694,390.5873623141455,Medium,HTTP,1479.3592278124042,0,0,0,Normal
58.02145690882753,43.46156820542196,473.44093433499233,Medium,HTTPS,1514.0566267306078,0,0,0,Normal
84.84031849446183,68.83141292458536,598.4286787962918,Critical,DNS,2874.292683882838,0,0,0,Normal
77.93371788159902,57.20787820050288,471.6639426360319,High,DNS,2316.8248254643736,1,0,0,Normal
81.23095016206207,71.74011239590881,731.824055181907,Critical,FTP,2512.6691433418937,2,0,0,Attack
89.00050404510694,74.7509780857617,790.3121932612025,Critical,DNS,2495.480983520876,1,0,0,Normal
44.71808114220039,36.9545859059229,375.58425496497784,Medium,HTTP,1191.184665828266,0,0,0,Normal
63.39163553144317,49.58135774058339,388.55965384915237,High,HTTPS,1868.9677876560952,1,0,0,Normal
40.217435105878394,29.844741713144785,332.6927322299627,Medium,HTTP,1572.7267168403241,1,0,0,Normal
84.94868859510461,64.72091704397491,520.6856796890679,Critical,DNS,1660.8824899613026,1,0,0,Normal
71.96816204954303,61.54677490143792,395.35123378859106,High,DNS,1542.3181232455665,1,0,0,Normal
67.91707266067533,56.77577936323658,549.9865290677412,High,HTTPS,2040.8956553723085,0,0,0,Normal
54.643059726658976,40.718936757567285,274.5011447151679,Medium,HTTPS,1079.2320796432193,1,0,0,Normal
42.625398421660066,35.41718919231076,423.64907002347644,Medium,HTTP,1758.625114111505,0,0,0,Normal
58.564742249727715,43.641073126472776,523.9377802380308,Medium,FTP,1995.760914542677,0,0,0,Attack
76.55834392047836,55.10185291459577,715.2027353336392,High,DNS,2861.1620728223593,0,0,0,Normal
70.78721949736064,58.32275885863702,619.2877347396515,High,DNS,2322.1165701468663,0,0,0,Normal
43.5541180961809,30.528878828510543,313.7033184576304,Medium,HTTP,1373.130463243081,0,0,0,Normal
69.26820982614117,62.17206468507721,663.8785616849026,High,HTTPS,3172.610891530551,0,0,0,Normal
53.55296779271157,38.62513470264215,468.1354987301606,Medium,FTP,2082.109265162162,3,0,0,Attack
45.92102216251078,40.12015115605034,520.0149428109969,Medium,FTP,2573.3082995789177,3,0,1,Attack
67.17495307530044,57.0948976888914,369.12371341677914,High,HTTPS,1170.133637179427,1,0,0,Normal
30.282380837743403,23.86567735589992,287.91476319103276,Low,HTTP,1175.2925932195258,0,0,0,Normal
89.26665857739863,78.8552160973956,873.0333806484733,Critical,DNS,3219.8036229462577,1,0,0,Normal
46.37531752945506,32.47556149509486,482.1281148433325,Medium,FTP,1620.8545904478037,1,0,0,Attack
92.10316713379143,71.72556761605252,696.8019202403514,Critical,SSH,2544.4721923250986,3,0,0,Attack
84.98297389902291,61.170610323156325,661.3621811362295,Critical,FTP,2589.7109053678128,4,0,0,Attack
56.431317772949114,49.67686377681936,537.5067959638883,Medium,HTTPS,1963.7253191905047,0,0,0,Normal
95.01008558203466,84.67322071243704,1085.319422314775,Critical,SSH,3516.386377469726,3,0,0,Attack
30.083056409057463,22.3620395847666,164.68959248759222,Low,HTTP,716.1359475123734,0,0,0,Normal
63.625736817048164,45.54068655466889,661.4669641165278,High,SSH,2806.8597116810706,2,0,1,Attack
35.93952594259463,25.774214765408136,243.56308923465645,Low,HTTP,997.6767304077661,1,0,0,Normal
84.09199219851871,74.08495536986008,616.3127987325391,Critical,DNS,1945.1783698868974,0,0,0,Normal
87.36073394858977,76.24202778685382,688.2139916467443,Critical,DNS,3141.1995436508105,1,0,0,Normal
53.00300156370213,38.10809102913346,572.2342939919356,Medium,FTP,2089.6820458798306,0,1,0,Attack
34.727666033722926,27.438794136142857,260.5001194503694,Low,HTTP,1110.9936950180916,0,0,0,Normal
35.14653370701126,27.100825273995614,241.60227832572332,Low,HTTP,1206.402026276154,0,0,0,Normal
84.29967978983768,66.86323779415278,711.7343347304903,Critical,DNS,2292.5020714827765,0,0,0,Normal
81.81795072276145,66.69092837858165,772.955138131619,Critical,DNS,3406.3934096605626,0,0,0,Normal
35.69396018072439,27.873971525313056,307.65192720924307,Low,HTTP,970.6933608456908,0,0,0,Normal
67.03401872297945,53.630506038884974,861.7141835257634,High,SSH,3275.4443897651854,3,1,0,Attack
51.32430782432493,39.77457797903311,278.4383555108682,Medium,HTTPS,1225.3331126351122,0,0,0,Normal
57.94836929693702,48.54429175829133,446.50452820204043,Medium,HTTPS,1491.5004763163633,1,0,0,Normal
64.53409474124783,56.653852307327476,433.6795605681609,High,HTTPS,1808.5721534288623,1,0,0,Normal
64.2746900387283,54.29709659758221,579.5220036180342,High,FTP,1762.5614491734273,4,0,0,Attack
60.01472861345974,53.70434557117683,397.8441603177358,High,HTTPS,1559.563350951595,1,0,0,Normal
52.48970905857277,37.6352844374993,382.6135905007867,Medium,HTTPS,1225.2783770220583,0,0,0,Normal
81.3148808875485,65.71937952299459,739.4015024862082,Critical,FTP,2761.37840192395,2,0,0,Attack
83.36707379789004,64.09314600587416,466.84628988246845,Critical,DNS,1556.022823178103,0,0,0,Normal
83.42991104989778,61.42005996606121,898.3914352689596,Critical,FTP,2999.362333460912,3,1,0,Attack
88.45582815381931,67.68324611963332,717.2410055825102,Critical,DNS,3199.8410849064603,1,0,0,Normal
35.10093185410369,27.784924305653668,271.69645873112154,Low,HTTP,894.3613022924588,0,0,0,Normal
72.46255595164257,55.45846548574832,590.6011525316885,High,FTP,2605.1257794182275,3,0,1,Attack
50.64194202590443,36.66453948438627,451.25481907789526,Medium,HTTPS,2167.51148700034,1,0,0,Normal
40.85625836036343,34.10843187111865,270.8560027352984,Medium,HTTP,1274.5763798383175,0,0,0,Normal
49.54930454758596,40.84540476635901,404.4275035313292,Medium,HTTP,1652.4294256916,1,0,0,Normal
57.47168098961993,46.53007144811601,573.7597314616182,Medium,HTTPS,2067.5600780760456,1,0,0,Normal
49.601887860917486,35.49587695443401,275.41548927182953,Medium,HTTP,1050.7517568709904,0,0,0,Normal
37.19865797582315,31.857962447295222,316.8371769926942,Low,HTTP,1006.9748161514343,1,0,0,Normal
70.45194963968243,53.90838405663573,379.58937975226195,High,DNS,1683.9568656741635,1,0,0,Normal
67.30158257094445,55.62374228560953,471.29276123359875,High,HTTPS,2287.4300819754744,1,0,0,Normal
62.88521223097632,56.55480179952845,534.6396840056815,High,HTTPS,1616.5965391290422,1,0,0,Normal
34.68463289520514,25.045801577710698,202.9391559771672,Low,HTTP,902.5221773923483,1,0,0,Normal
76.92832091954187,64.67344150079894,609.7138776549835,High,DNS,2856.9731625104146,1,0,0,Normal
49.55383491447719,35.45659888875855,252.8986864017593,Medium,HTTP,768.1374554614641,0,0,0,Normal
67.94547242767294,53.0048053512918,496.0080297073583,High,HTTPS,2287.4390056614993,0,0,0,Normal
89.80016347151832,75.43872782999733,494.4377137927795,Critical,DNS,2281.0639719187952,1,0,0,Normal
36.630243601393886,26.888037353431596,250.42384324941617,Low,HTTP,895.9358768812497,0,0,0,Normal
72.20922825719754,58.99707715750945,421.1696580309542,High,DNS,1715.7883303569704,1,0,0,Normal
44.65502488325001,31.443414089763625,461.07469432201987,Medium,SSH,2184.3609121983704,1,0,0,Attack
54.03239446623047,42.793849848950394,467.55841392177416,Medium,HTTPS,1887.4472796848183,0,0,0,Normal
82.02201726700878,59.07546514689786,669.9382795479296,Critical,FTP,3349.0971065013987,1,0,1,Attack
50.21178165799938,38.83686949900587,628.177587684534,Medium,SSH,2732.840104872438,3,0,1,Attack
65.10888115590205,47.74467920702874,619.071235921238,High,HTTPS,2870.374564013428,1,0,0,Normal
31.242167070595315,22.927351297313972,289.4379245515497,Low,HTTP,935.9258475577998,1,0,0,Normal
57.601073976256885,48.73810744346816,444.37043977707515,Medium,HTTPS,1493.7596717537988,1,0,0,Normal
36.07173457312456,26.302666592617395,234.7845563815141,Low,HTTP,1084.2514704667678,1,0,0,Normal
52.03838750552677,43.769347595838326,366.23983319790716,Medium,HTTPS,1281.0251288961476,1,0,0,Normal
39.99155119578063,35.205755303053856,217.7749072135271,Low,HTTP,1063.070351102268,0,0,0,Normal
40.157755819309386,34.96027518625833,344.9811414144686,Medium,HTTP,1245.086525122688,1,0,0,Normal
73.83957665559137,59.7055614992635,711.3561990692834,High,DNS,2532.1566921786334,1,0,0,Normal
38.7529951405304,29.46595390520216,196.06227335536497,Low,HTTP,666.9683991470268,1,0,0,Normal
72.32919212488923,56.52635785327293,623.3429241341454,High,DNS,2700.796694833487,0,0,0,Normal
84.09894778051239,60.3679836774821,774.9214351705833,Critical,DNS,3560.22615691253,1,0,0,Normal
81.17202871268091,68.47882713425356,413.4360754405028,Critical,DNS,1834.8386078098724,0,0,0,Normal
62.57544884532763,55.40131524309328,565.0089851463281,High,HTTPS,2740.917381838741,0,0,0,Normal
48.10588290027226,33.788187697804894,434.57057968267407,Medium,HTTP,2168.714289175433,0,0,0,Normal
64.45453844833537,54.44639225860105,615.3576158196267,High,FTP,2829.4467832000414,2,0,1,Attack
35.34627461107448,30.70092734211812,271.62419132111864,Low,HTTP,824.3186259802254,0,0,0,Normal
83.08777501413715,58.471631787315616,976.3602043179591,Critical,FTP,4218.474795004784,0,0,0,Attack
85.60567889828235,73.72102135568133,649.9217354160038,Critical,DNS,2819.776189340465,0,0,0,Normal
30.7113662242773,26.45308361144893,307.04555337207944,Low,HTTP,1308.6505285631295,1,0,0,Normal
83.4176501887923,63.211209338425896,898.7116583997404,Critical,SSH,2775.4879724613356,3,0,0,Attack
80.57281294786662,65.05340146873256,732.5241079621071,Critical,DNS,3631.752774478091,1,0,0,Normal
31.11998164844408,27.191215902446302,173.77380945384746,Low,HTTP,579.7316622712553,1,0,0,Normal
78.35092591209104,62.96919738842728,462.56799849693846,High,DNS,1832.3392612954856,0,0,0,Normal
88.40351827660925,79.55532431812134,999.625250294181,Critical,SSH,3982.719235430106,1,0,0,Attack
47.330340265034465,39.52285035456186,295.55154430356015,Medium,HTTP,1155.730189927522,0,0,0,Normal
62.2159501027636,53.73331562601471,603.7295553466851,High,HTTPS,2303.1440047927113,1,0,0,Normal
82.12627188813713,59.40684229128299,535.6981193762213,Critical,DNS,1784.6508104701484,1,0,0,Normal
61.104479578498285,44.98217867703511,391.0103921681143,High,HTTPS,1276.8139781178918,1,0,0,Normal
89.9733874930098,77.53969339921183,540.2495161816638,Critical,DNS,2595.506568998525,1,0,0,Normal
70.51277975129778,52.868907201266886,587.5058274717068,High,DNS,2658.6836142228394,0,0,0,Normal
79.0974607183307,70.25048751928529,710.7511833379202,High,DNS,3530.3247978745835,1,0,0,Normal
37.0079351910681,28.159869819297807,318.08528526628163,Low,HTTP,1531.0995512828447,0,0,0,Normal
40.845569689772674,30.877692460758098,393.25134817388783,Medium,HTTP,1315.5863718545177,0,0,0,Normal
88.54209414501383,65.53725694029539,1083.3128769267503,Critical,FTP,3868.302793261847,3,0,0,Attack
44.93329884769082,37.44184967188851,404.18094972639653,Medium,HTTP,1434.3651351126173,1,0,0,Normal
86.44529501187208,74.29373128824756,439.7420681047016,Critical,DNS,2131.4611531018677,0,0,0,Normal
58.27431204073946,49.171995655139355,683.7661256930726,Medium,FTP,2737.7141970118764,2,0,0,Attack
46.7885552480584,41.41303713225023,390.5253104541358,Medium,HTTP,1686.8376708870549,1,0,0,Normal
42.05457496733288,37.809067025264696,342.9627220963354,Medium,HTTP,1561.0736443831506,0,0,0,Normal
69.98286770889536,60.17163887882169,365.3624254191571,High,HTTPS,1131.3261675604342,0,0,0,Normal
77.82917836550041,54.75108501454049,770.0926923633646,High,DNS,3196.7784690635735,0,0,0,Normal
83.14067519542732,69.17814001925393,685.5681372555925,Critical,SSH,2160.0617608447997,4,0,0,Attack
85.53312180312787,71.32298780484093,633.2085911913114,Critical,DNS,2172.8964253815107,0,0,0,Normal
99.71429663455638,82.38467868207053,943.9215807000311,Critical,FTP,4145.674377048895,0,0,0,Attack
77.94158277043607,55.247303997115395,567.1065368922691,High,DNS,2472.302777095396,1,0,0,Normal
31.043285427294904,27.80814387250173,218.4562911746469,Low,HTTP,683.704525122444,1,0,0,Normal
69.61839625422726,51.07294624242654,405.77930090835076,High,HTTPS,1666.9728229659265,0,0,0,Normal
70.15918851531751,55.855359239633366,397.3504414396394,High,DNS,1868.9185476059017,1,0,0,Normal
77.86218665514753,62.166822978475054,940.5226820088644,High,SSH,3405.362497391317,3,0,1,Attack
42.648891772587376,33.73705771979078,575.8832386781307,Medium,FTP,1996.060611297534,3,1,0,Attack
88.73583278706064,69.34581503812502,880.045009616887,Critical,DNS,3069.7595630211663,1,0,0,Normal
40.08383842650801,29.387260565293023,382.148044095733,Medium,HTTP,1901.942180498555,0,0,0,Normal
58.83696671080543,42.7475398569064,344.99179301294606,Medium,HTTPS,1038.1929197303602,0,0,0,Normal
69.52636953472393,61.21291902218045,646.8474486865312,High,SSH,2024.8915674628265,0,0,0,Attack
57.31255128281191,48.86109363101334,365.19833502579354,Medium,HTTPS,1515.6064722133842,0,0,0,Normal
54.4458135797322,48.82174235851658,523.6423156420661,Medium,HTTPS,2550.4159947115863,1,0,0,Normal
49.943461396592284,44.01760737806719,575.0598061089177,Medium,SSH,2132.563138873481,0,0,0,Attack
37.962663168982544,27.885126573506966,315.03380308229157,Low,HTTP,1510.4659273232296,1,0,0,Normal
84.12821249759872,63.691858348431325,747.0016995535601,Critical,DNS,3239.68508505118,0,0,0,Normal
75.76122090555145,57.19077628203718,397.0738658157966,High,DNS,1802.5965413164872,1,0,0,Normal
99.01099909373443,87.59573674282876,979.9989066909396,Critical,FTP,4240.789326018152,2,0,0,Attack
84.40462563376059,67.55640854005259,453.83556912598806,Critical,DNS,1787.4841099293415,1,0,0,Normal
40.362252637933125,33.57899979575206,245.35859988182375,Medium,HTTP,882.420187128335,0,0,0,Normal
47.12425400783104,40.29938875664715,399.61002886895386,Medium,HTTP,1228.7810734432094,0,0,0,Normal
46.464577517836005,32.973351111387544,390.2447451704496,Medium,HTTP,1487.317854873787,0,0,0,Normal
95.412138685424,77.77196688575962,708.0001219224164,Critical,SSH,3493.5730214463124,1,0,1,Attack
70.1162544095132,50.138461954654936,744.8168847835822,High,FTP,2433.4514670149306,3,0,0,Attack
79.58220318105305,59.14203140425348,936.8220832684726,High,SSH,4024.0010122856493,2,0,0,Attack
76.55189416866051,64.24211273111416,501.5513190145473,High,DNS,1777.3987317894087,1,0,0,Normal
32.89347416575765,27.497310340461475,202.7953089252844,Low,HTTP,956.9879907878724,1,0,0,Normal
64.53481901975465,46.01144517744161,401.43637786886103,High,HTTPS,1595.4369968822127,1,0,0,Normal
34.52284799108838,27.991392762278547,343.2414659672984,Low,HTTP,1636.1872453112373,0,0,0,Normal
42.94694934382278,37.3786692609825,215.7361006635344,Medium,HTTP,857.4323403505575,1,0,0,Normal
81.75907178563648,62.30624034778316,635.4489155811959,Critical,FTP,2394.2640567544418,0,0,0,Attack
70.78509678147384,52.848759305725864,557.4488128708692,High,DNS,2050.335543414816,0,0,0,Normal
33.8912568888918,25.378399226826275,327.94287895147016,Low,HTTP,1143.7123989615006,1,0,0,Normal
63.24232551298337,56.77249271149535,428.21690766715153,High,HTTPS,1903.0572466697818,0,0,0,Normal
81.10354634321993,56.84812306877645,769.3919171526411,Critical,DNS,3213.286020862698,1,0,0,Normal
48.62138348809822,34.6689936432981,405.61391919564454,Medium,HTTP,1748.4926432596428,1,0,0,Normal
43.982568543542584,35.84619539652455,389.2128312682143,Medium,HTTP,1582.4301591791325,1,0,0,Normal
44.645541857826174,39.60296514207333,371.37734073407194,Medium,HTTP,1654.6328040931508,0,0,0,Normal
89.30932212402695,68.84337419714261,656.1145447470434,Critical,DNS,2357.994557756478,1,0,0,Normal
30.279792802903103,26.629913243388543,196.5499973691971,Low,HTTP,852.8720347630226,0,0,0,Normal
33.91201456732233,28.272168322014554,175.9143822165258,Low,HTTP,592.3595916857455,0,0,0,Normal
64.50274222414009,55.08341185636374,453.33233100500814,High,HTTPS,1698.942702861664,1,0,0,Normal
86.11592217777797,71.71166387076192,847.0414467746864,Critical,DNS,3453.2274936014787,1,0,0,Normal
51.25259231574091,40.68746579821254,290.4972402663518,Medium,HTTPS,1135.628849875939,1,0,0,Normal
93.83846233751683,71.28392830605203,973.0820206784487,Critical,SSH,4525.889481882451,0,0,0,Attack
70.1075387239689,49.60073688450041,445.84930049000013,High,DNS,1907.7888101232465,0,0,0,Normal
86.19102362325066,67.32590965428501,1001.3577779904498,Critical,SSH,4534.9131156837,0,0,1,Attack
69.82022623895318,62.380352746238636,519.1693998407121,High,HTTPS,1912.9231816634008,1,0,0,Normal
58.1584850238869,42.264822896584604,547.6885458226976,Medium,HTTPS,2323.499852954955,1,0,0,Normal
57.89353063883027,48.0248476049058,630.503527213124,Medium,SSH,2316.8830814601274,1,1,0,Attack
32.248516153695164,24.327643122541566,223.14609837524236,Low,HTTP,791.7087733078737,0,0,0,Normal
54.337313182077196,47.37662105095451,363.7977691851535,Medium,HTTPS,1580.5955150486343,0,0,0,Normal
98.0327296537871,78.17444474769933,809.649713012807,Critical,SSH,3751.618543271708,2,0,1,Attack
38.01542567292927,33.32762725451457,327.3264219775526,Low,HTTP,1452.2266213236862,1,0,0,Normal
68.86121337724035,54.9130301441999,546.8263624660958,High,HTTPS,1749.3143766217208,1,0,0,Normal
46.314069831278175,35.97598625401754,383.33360899308104,Medium,HTTP,1485.119763951183,1,0,0,Normal
91.56954554709955,70.30773457970778,901.8163307958389,Critical,SSH,3048.204739997883,1,1,1,Attack
59.229627769564104,44.34839345523531,511.6544218730556,Medium,HTTPS,2190.53331367334,0,0,0,Normal
83.00608238287168,70.09152438509597,538.2687889508962,Critical,DNS,2374.2962103984682,1,0,0,Normal
59.23349931421399,48.431660041381534,494.48297471668263,Medium,HTTPS,1708.143464296115,1,0,0,Normal
53.03492687045946,44.075903014389716,313.87628674056214,Medium,HTTPS,1210.8327732862008,0,0,0,Normal
50.34208860481158,40.60451607433028,345.80937326962527,Medium,HTTPS,1371.4280258808376,1,0,0,Normal
44.62606194880209,37.73309879297247,343.2648438239084,Medium,HTTP,1432.0046424979575,1,0,0,Normal
83.32429518282879,63.27543961566404,806.0298166936252,Critical,SSH,3635.7177584994542,0,0,1,Attack
65.2919071240467,54.44830313340957,595.9661412324186,High,HTTPS,2692.1617453423323,0,0,0,Normal
69.32194092798909,51.07167540285274,568.2664760027042,High,HTTPS,2829.121950941903,1,0,0,Normal
61.97158202798164,48.01357395708884,546.7077284298033,High,HTTPS,1923.1727216487884,1,0,0,Normal
73.66185461040004,59.495284332828945,494.3785615582193,High,DNS,1708.0886410222076,1,0,0,Normal
57.816291071503656,45.72840003803737,668.6551517477939,Medium,SSH,2727.795438570172,0,0,0,Attack
70.17634894611547,60.7101724996971,469.2438461745096,High,DNS,2261.738708659848,1,0,0,Normal
41.01952737837564,33.96006352705311,261.2881468747776,Medium,HTTP,1038.3266611795973,1,0,0,Normal
52.43028039243654,44.716549104155554,438.4101030869555,Medium,HTTPS,2129.0631431440615,0,0,0,Normal
62.30431604322803,47.87827403225866,565.9773382358906,High,HTTPS,2294.334884457439,1,0,0,Normal
67.27775955820107,55.452848147293395,778.0221214755134,High,SSH,2421.7271499073777,4,0,0,Attack
79.53262065391755,61.0385442761137,437.23670636239495,High,DNS,1687.1871218167973,0,0,0,Normal
68.36997667327523,51.605242199678855,491.27634484811557,High,HTTPS,2367.4286749420976,1,0,0,Normal
75.86292178559233,63.30540214320156,451.3981684748948,High,DNS,2243.4121300293773,1,0,0,Normal
50.53751524552354,43.632229161312466,414.56872042237234,Medium,HTTPS,1833.1608539268357,0,0,0,Normal
67.2712312870135,56.7542569764728,573.653107206101,High,HTTPS,1763.1714775996923,1,0,0,Normal
50.2396567883261,36.167683667782946,308.2709090690024,Medium,HTTPS,1370.0335359264773,1,0,0,Normal
46.43817378915628,36.56645215086958,331.76304616750275,Medium,HTTP,1624.2936473236075,0,0,0,Normal
70.34127602724766,51.91237293209982,521.5541445558897,High,DNS,1734.5146443460062,1,0,0,Normal
79.00894978316501,65.42948450425712,626.4855666700511,High,DNS,2751.960744762475,1,0,0,Normal
73.0989364576817,61.483414719875604,641.5618094056059,High,DNS,2981.392393158715,1,0,0,Normal
45.9709240461234,34.268579347010835,604.2345790948799,Medium,FTP,1822.1999102423786,4,1,0,Attack
56.226680555264466,44.18109944628196,559.2464272449099,Medium,HTTPS,2316.5590995098173,0,0,0,Normal
41.40218033004203,32.98035489511731,260.5992603713475,Medium,HTTP,1147.8361373338385,1,0,0,Normal
68.43825168094554,55.9258195777843,420.0434765225706,High,HTTPS,1300.102899958283,1,0,0,Normal
72.32958658216376,61.55717391378846,556.851933583536,High,DNS,2391.771840292518,1,0,0,Normal
43.632089574457495,37.16278817351772,416.6825896563229,Medium,HTTP,1701.2924710423247,0,0,0,Normal
55.73025657911785,50.03748246272069,414.33716274563585,Medium,HTTPS,1553.0692849683578,1,0,0,Normal
68.97549331129994,51.853945631050976,864.9802698151915,High,FTP,3999.255299600063,0,1,1,Attack
65.15158498717938,48.57064776052508,497.3928545967414,High,HTTPS,2077.4019645647045,0,0,0,Normal
75.3194763965439,60.85455959837528,397.81324551885115,High,DNS,1788.9814119436817,0,0,0,Normal
85.51919609602919,75.42762787850056,811.1949953771756,Critical,FTP,3757.0514284388837,4,0,1,Attack
89.35538539115441,71.25087511504331,853.1059772473347,Critical,DNS,3262.5394414082593,0,0,0,Normal
55.53203960582323,49.1809942569869,751.1441850963465,Medium,SSH,3375.4185788244617,2,1,0,Attack
43.65064995770808,35.15517498433893,373.41498286022136,Medium,HTTP,1674.3928119708717,0,0,0,Normal
62.38575137453154,44.372934506460275,323.40536632075987,High,HTTPS,1336.1967072832733,1,0,0,Normal
84.5989368064329,66.48418909785944,728.4500964121285,Critical,DNS,2506.9502459378728,0,0,0,Normal
59.21627600779175,52.22244772521056,576.758395116235,Medium,HTTPS,2506.235790471922,1,0,0,Normal
85.68983206496341,76.86308140131476,498.214723310051,Critical,DNS,1558.5346333317946,1,0,0,Normal
71.61272525197091,60.311165737460165,807.400545425419,High,SSH,2593.5787929309495,3,1,0,Attack
33.380139833861904,23.61172501474253,304.35053539731103,Low,HTTP,1082.6234728811323,1,0,0,Normal
55.762498706026236,47.08725788786139,281.0034072521716,Medium,HTTPS,1403.9259404114116,0,0,0,Normal
84.5680440205615,75.23126735276074,664.3426233320737,Critical,DNS,2293.6815277440605,0,0,0,Normal
89.0975564395194,65.26988986598813,758.3543944804684,Critical,DNS,3120.965198776262,1,0,0,Normal
72.65551139935269,60.97756317277764,380.56279317139536,High,DNS,1333.2287054038254,1,0,0,Normal
32.20754435657,27.850138032403876,265.32306310658254,Low,HTTP,1111.1526250289446,0,0,0,Normal
73.32755335857655,51.444529204639956,565.1621999612468,High,DNS,2156.7126457665117,1,0,0,Normal
86.87835183158313,70.73884582539844,596.9243097868427,Critical,DNS,2773.437621687896,1,0,0,Normal
39.76996611672803,33.42507541473872,360.2683670509714,Low,HTTP,1743.6141606921442,1,0,0,Normal
81.78088488406502,58.02486838169242,849.4591847465522,Critical,FTP,3737.7630536145875,4,0,1,Attack
79.41255617697607,65.87403856191364,694.271881418523,High,DNS,3063.1395366061915,1,0,0,Normal
30.471481107815634,24.62993332876134,276.6431288343926,Low,HTTP,984.3836882301116,1,0,0,Normal
64.26860432111425,49.79738690678429,453.7857255609033,High,HTTPS,1794.8795609566328,1,0,0,Normal
72.13807311251003,62.208425990148505,630.0724342882472,High,DNS,3080.3340803322335,0,0,0,Normal
32.854880931956814,26.86406228305116,286.1660192578965,Low,HTTP,1198.5113299957015,1,0,0,Normal
68.85499875526875,58.50635634043304,539.0738202234679,High,HTTPS,1992.3974011211442,0,0,0,Normal
72.48837700026343,62.56835875825073,642.4482540699288,High,FTP,2588.9554945827704,3,0,1,Attack
62.44967320890282,48.8625435797268,722.2950971508793,High,SSH,3552.6239408136753,1,0,0,Attack
78.70565974139026,66.85024669145045,418.76109913384664,High,DNS,1990.7039453061625,1,0,0,Normal
65.29745524283499,55.398361532082625,361.13703053904925,High,HTTPS,1755.1588963852607,0,0,0,Normal
74.91114979922713,60.9151002381493,478.89944179354126,High,DNS,2154.7706750019665,1,0,0,Normal
78.94506684026055,58.74685486936353,788.6843375277775,High,DNS,3488.4024659584356,0,0,0,Normal
54.72921987729933,45.673626940026594,335.56648340185035,Medium,HTTPS,1586.9275171591123,0,0,0,Normal
84.811078051207,60.45536181097695,860.560454274905,Critical,SSH,2906.791306069529,2,0,0,Attack
74.52000231583952,53.745747655710495,466.3663083966333,High,DNS,2102.5660149571827,0,0,0,Normal
63.94940032856539,48.32758338792139,509.664450498407,High,HTTPS,1663.2160922274775,1,0,0,Normal
53.24455683177803,47.89942705232045,574.8543257498945,Medium,SSH,2638.0293490528456,4,0,1,Attack
70.36147258681012,52.437296482544504,641.3823294650178,High,DNS,2347.7126741061124,1,0,0,Normal
33.84716430962726,27.468477348238913,324.9128750719599,Low,HTTP,1360.055955949823,1,0,0,Normal
36.36773746162362,27.28783380737236,309.14103555112223,Low,HTTP,1129.2918345858554,1,0,0,Normal
46.71479234966682,38.24971344487042,398.47919661470854,Medium,HTTP,1829.8324362134108,1,0,0,Normal
99.8835143110773,78.0699036843214,838.8339969872378,Critical,SSH,2597.779044391903,1,1,1,Attack
53.57674401078839,46.32359525496108,595.844542182498,Medium,SSH,1954.7963028053166,0,0,0,Attack
63.46332617671578,56.10008767019651,616.9995130672812,High,HTTPS,2460.503417345991,1,0,0,Normal
55.09924217447406,46.284288650071474,639.1640851825296,Medium,SSH,2024.9004587884276,4,0,0,Attack
75.63769753207453,63.62656185251732,709.7912628302051,High,FTP,3436.1823777152626,0,0,0,Attack
54.48285001621116,41.179860027407805,412.68406197889215,Medium,HTTPS,1937.0786957565695,1,0,0,Normal
79.38639671141573,63.1546254670088,777.6932492449209,High,DNS,3149.0774381689484,0,0,0,Normal
85.19294394049211,75.72679027829412,799.4918764458348,Critical,DNS,3530.1298275066088,0,0,0,Normal
82.0050375838764,67.14710146829752,991.367305443793,Critical,FTP,4883.510855731202,2,0,0,Attack
82.36051834683167,63.38435793651049,920.5355206338613,Critical,SSH,4011.8929116354884,1,1,0,Attack
56.74948180108913,45.56885365925837,685.6429800472931,Medium,FTP,2376.443126848216,4,1,0,Attack
68.66038042986474,61.23490767931149,840.1035926015895,High,FTP,2829.8370533066277,0,0,0,Attack
86.66571235473384,75.86537813946728,515.1818606469583,Critical,DNS,2077.874264686951,0,0,0,Normal
65.64503637822781,58.162100773299954,575.7726669218604,High,HTTPS,2853.043450017691,0,0,0,Normal
60.87891823211976,51.743561578981854,544.476527667742,High,SSH,1686.6672442756394,0,0,0,Attack
60.89481813585735,51.292104039834584,546.3848065446149,High,HTTPS,2468.1750391156347,1,0,0,Normal
87.55564400868025,76.42819879026581,582.331494622011,Critical,DNS,2211.319073291795,1,0,0,Normal
92.6138160462142,68.32851577359024,937.6481376176722,Critical,SSH,3224.1837051276043,2,0,1,Attack
85.80273535771994,73.00440211482852,569.0863867162225,Critical,DNS,2214.2404113308066,0,0,0,Normal
74.98265942420403,54.462568297688364,673.35179221624,High,DNS,2554.3588945667057,1,0,0,Normal
72.69196432478566,62.435417080375515,381.06815858210757,High,DNS,1835.0664573500526,1,0,0,Normal
81.87300540907017,62.71795615570637,466.8225391500682,Critical,DNS,1546.5873559730403,0,0,0,Normal
41.33365848836547,33.835359602397695,308.7472485294952,Medium,HTTP,1125.676478290364,1,0,0,Normal
75.25200966076227,57.590354028544255,407.8743212866891,High,DNS,1454.7138132442542,0,0,0,Normal
37.9006534947257,32.56439333439157,363.9520882672387,Low,HTTP,1186.0343606505553,0,0,0,Normal
77.67119238138548,55.122413326852694,717.2650931655897,High,DNS,3421.972417078054,0,0,0,Normal
49.811850104961195,36.266589891680205,379.7224480045533,Medium,HTTP,1558.7812217742553,1,0,0,Normal
65.57729104904865,52.382176721972726,559.9426490183419,High,HTTPS,2146.5317950370795,1,0,0,Normal
49.58996426074009,35.546308563597236,486.7299397926476,Medium,HTTP,1476.7321592437468,1,0,0,Normal
77.76120197180717,68.74958659349811,652.8473401091316,High,DNS,3219.2423704702414,0,0,0,Normal
32.90678681558347,28.608679705014232,202.87088761084323,Low,HTTP,1004.5006489907897,1,0,0,Normal
38.421458841185085,30.926407819478506,227.49712933813834,Low,HTTP,872.4949977107851,0,0,0,Normal
59.63559282798087,50.1861350810469,452.22908181238284,Medium,HTTPS,2232.953027238047,0,0,0,Normal
35.04134411166888,31.278029266296357,346.484965900354,Low,HTTP,1081.4382370151893,1,0,0,Normal
85.2335027630761,71.24000521819187,447.0023529617017,Critical,DNS,1442.187223887287,1,0,0,Normal
80.81561714314375,60.33699348352262,710.6285799155493,Critical,DNS,2167.8387944669366,0,0,0,Normal
71.47761760410503,52.66784097032873,699.870573313118,High,SSH,2851.6458243083125,4,0,0,Attack
72.46400363190332,58.2123851896399,441.7742515051975,High,DNS,1870.0741436951603,1,0,0,Normal
87.78107454971178,78.60932263323497,634.4089028106711,Critical,DNS,2650.138559942107,0,0,0,Normal
70.7464890286792,50.214285201123886,494.07549615078966,High,DNS,1679.9486835186553,1,0,0,Normal
43.980199433426606,37.45918243740628,419.5255738082006,Medium,HTTP,1957.7744932108114,0,0,0,Normal
41.05314671527594,32.01059348742695,237.39076268539276,Medium,HTTP,927.3084723614877,1,0,0,Normal
60.998491411028226,45.374252073055835,403.4971229891444,High,HTTPS,1311.3799840964098,1,0,0,Normal
98.65468338070059,77.8471153485049,833.0112809240575,Critical,FTP,3577.2219040774285,3,0,1,Attack
32.93333092799003,25.66658593583562,185.97164571394265,Low,HTTP,850.674408521669,1,0,0,Normal
75.518503235362,66.57398534885388,711.9245406538828,High,DNS,2378.7245365397985,1,0,0,Normal
63.92063251158106,46.74521721210198,696.192567648679,High,SSH,3385.689796631424,1,0,1,Attack
43.15757827833295,32.9980608409173,305.7158861934365,Medium,HTTP,1398.587101996873,1,0,0,Normal
56.726061087538255,42.9221919987735,288.45013315446465,Medium,HTTPS,1059.527803125835,1,0,0,Normal
53.80494969023857,39.05574906245063,528.7788852397531,Medium,HTTPS,2337.4385182044116,0,0,0,Normal
84.46757746787625,74.08534230699976,834.4189347143255,Critical,DNS,3225.5170536623864,1,0,0,Normal
39.390275293189916,31.926031534933784,279.19740869516966,Low,HTTP,1354.01739625911,1,0,0,Normal
59.37844631669577,46.51401737587852,784.5301941582102,Medium,FTP,3836.278574845667,4,0,0,Attack
56.99720997305121,40.09176163513442,502.2518293489275,Medium,SSH,2194.1271217640387,0,0,0,Attack
37.76295278017642,33.726394702936894,210.18412453149165,Low,HTTP,854.4765676272782,1,0,0,Normal
83.1258449498273,74.40950388262216,426.1432546397812,Critical,DNS,2055.0708422858193,1,0,0,Normal
63.151625348909874,49.48050617666271,485.4044078558133,High,HTTPS,1799.1764097131231,0,0,0,Normal
55.00455263410913,49.161193870618774,444.5879107348275,Medium,HTTPS,1813.3143005162924,0,0,0,Normal
31.019600717772846,22.08958281985465,246.39916322962802,Low,HTTP,1104.7362796046814,0,0,0,Normal
87.93239580016234,63.54305009890161,527.635307219357,Critical,DNS,1677.0558076310788,1,0,0,Normal
98.54284823522903,69.47855468875309,1103.3026785275174,Critical,FTP,5361.229704479856,3,1,1,Attack
55.05573721951805,44.45493731239645,400.01480783561334,Medium,HTTPS,1781.988554172594,0,0,0,Normal
88.1297720807197,72.55811386718284,495.73779505936903,Critical,DNS,2356.3585797472233,1,0,0,Normal
33.63507887319429,27.504531013209093,277.0122772288005,Low,HTTP,881.2842058977286,1,0,0,Normal
36.79057935591118,27.225713762089768,328.74365940691405,Low,HTTP,1378.0778805717282,1,0,0,Normal
41.51779941321365,35.98197883945321,443.0098414207523,Medium,SSH,1798.565354324351,4,0,0,Attack
72.23599332697631,57.11160673852405,897.6464304333036,High,FTP,2895.2158144886353,3,1,0,Attack
66.99297009661677,48.57014131500405,598.7151141488889,High,HTTPS,2364.7239813357182,1,0,0,Normal
65.32005217144615,54.17857993711524,436.5298178229274,High,HTTPS,1586.3275616145029,1,0,0,Normal
52.00558598473435,44.59071081864688,644.7057488718265,Medium,FTP,2805.117552297905,0,0,1,Attack
79.99917636290775,58.72947024312571,573.1110361973994,High,DNS,2482.368474970195,1,0,0,Normal
67.18760180956451,59.549388092263875,846.6265005726796,High,SSH,2728.5425982948486,2,0,0,Attack
37.50106576088456,32.15639014298921,364.6890124880084,Low,HTTP,1501.6943577600475,0,0,0,Normal
68.8297764746676,52.81429165876205,579.6464611731814,High,HTTPS,2649.876361406615,0,0,0,Normal
77.22646889356838,65.02813125584785,591.8195585181195,High,DNS,2648.2716452971613,0,0,0,Normal
40.23778086178936,31.649367284492023,384.52111231250836,Medium,HTTP,1870.9735959186264,0,0,0,Normal
85.89453926804708,76.01389731490215,581.1949735956753,Critical,DNS,2498.9495405866423,1,0,0,Normal
77.24381020016153,68.66901793930116,594.5148243768339,High,DNS,2528.513718527807,0,0,0,Normal
50.19524846866261,42.006293495099435,437.1407380366109,Medium,HTTPS,1838.0719098099037,1,0,0,Normal
72.61338057085595,58.56538963949421,395.4592646206358,High,DNS,1193.9148191670351,1,0,0,Normal
55.96754050529853,49.377296901062685,539.9826084253662,Medium,HTTPS,2641.626280605248,1,0,0,Normal
85.49032556431484,65.88355920756145,738.381324774834,Critical,DNS,2926.828385611662,1,0,0,Normal
86.69716742879245,70.03952562124158,813.4872572720409,Critical,DNS,2789.9633502240263,1,0,0,Normal
71.05738955346169,60.281698823914766,387.50977268224716,High,DNS,1302.8633314440601,1,0,0,Normal
71.96114756981842,51.656859491755476,774.2414536262957,High,SSH,2419.65752261419,0,0,0,Attack
84.67464777939313,75.01543463932809,647.7349647155604,Critical,DNS,2345.607625653434,1,0,0,Normal
61.196543372607266,51.74049308683503,540.4579389685921,High,SSH,2612.914966908771,0,0,1,Attack
62.35921783292724,54.58449310588207,459.8469666175745,High,HTTPS,1397.5012614315997,0,0,0,Normal
74.50568562708213,53.50544172398276,490.61063950282625,High,DNS,2273.8162377533135,1,0,0,Normal
35.353122773522045,28.9611110624034,296.1711752281616,Low,HTTP,1389.50488406148,1,0,0,Normal
85.77766760165105,69.13574286012022,714.3975582622696,Critical,DNS,3482.3483166594087,1,0,0,Normal
73.6441941098019,53.210441338312954,409.2483353204308,High,DNS,1728.3763058904167,0,0,0,Normal
82.59707066303235,65.6619021060349,643.7903777726792,Critical,DNS,2769.656350249986,1,0,0,Normal
35.441712697429466,27.056026509334473,316.45364138512303,Low,HTTP,1372.0891543189166,0,0,0,Normal
65.75858190462895,54.915020705294374,571.2441023409692,High,HTTPS,1810.9133055164257,1,0,0,Normal
61.796302440343425,51.48492109040695,597.2186201148623,High,HTTPS,2511.025093215494,1,0,0,Normal
36.76022929510509,26.55132913465181,303.24203071724355,Low,HTTP,940.6081445584496,1,0,0,Normal
58.489942484447965,47.48061173925108,475.67982935685166,Medium,HTTPS,1468.3425423824228,1,0,0,Normal
49.018502071121475,42.01639986674648,392.7313423904482,Medium,HTTP,1900.7243948733053,1,0,0,Normal
80.5301321047591,68.24764213183391,606.4877032852106,Critical,SSH,3018.4153360109203,4,1,1,Attack
69.94175569052459,62.00843004329556,680.5434377636019,High,HTTPS,2966.9848898293067,1,0,0,Normal
36.6852300199389,30.447548914782463,271.8232474180614,Low,HTTP,940.8355701380245,1,0,0,Normal
73.53218547894357,60.686634258322194,646.6406983097994,High,SSH,2753.8671030603036,3,0,0,Attack
87.14616782322992,71.50133959249472,714.6293104900458,Critical,SSH,2675.1386876530028,0,0,0,Attack
74.24387250372092,52.112211533057476,394.4572467327326,High,DNS,1766.635976202144,1,0,0,Normal
85.97171931600315,76.44655210766885,563.3825553348257,Critical,DNS,2550.653413250491,0,0,0,Normal
68.99025219332543,54.942760614628845,661.3804826805018,High,HTTPS,2788.365958434195,1,0,0,Normal
77.59212797653163,57.64810925092447,595.5369792699955,High,FTP,2771.62277898672,4,1,1,Attack
66.14280138237518,48.69527727441848,601.0174067390055,High,HTTPS,2593.0352826473986,0,0,0,Normal
40.571767510291465,28.90818599639158,574.432800658079,Medium,SSH,2776.1327240872897,4,0,0,Attack
96.76174228879972,73.7445037729107,1137.2643245155987,Critical,SSH,5169.243055530075,1,0,1,Attack
58.91532006869966,52.04951415027527,474.75359024279646,Medium,HTTPS,1919.5595150635388,1,0,0,Normal
42.88901240739506,30.18982140712917,354.06048000235995,Medium,HTTP,1581.1398606362666,0,0,0,Normal
40.86429478353239,35.284951909091255,340.79083902840443,Medium,HTTP,1105.9685998860973,1,0,0,Normal
33.755927609454375,29.339167532578852,183.1361746693499,Low,HTTP,761.326592860932,1,0,0,Normal
48.63737887069874,43.16336046964981,389.6501523156155,Medium,HTTP,1306.6521567290285,0,0,0,Normal
95.03894448633218,78.15332439242619,699.3915468079203,Critical,SSH,3102.667509508344,1,0,0,Attack
31.171717737597646,25.879099701519813,162.62515241032946,Low,HTTP,782.1658349379468,1,0,0,Normal
89.03996701279539,74.22220176425942,1054.7296660315128,Critical,SSH,4065.9634751038416,1,0,1,Attack
80.74680457924842,57.896441298957036,802.8004861600848,Critical,DNS,3885.0768986587527,1,0,0,Normal
86.23573147968273,70.75238609130713,724.3216970554541,Critical,DNS,2590.8802729125364,1,0,0,Normal
66.6988395593944,47.36844612216653,410.398540229783,High,HTTPS,1834.5284033024907,0,0,0,Normal
69.06326869153418,48.94396117544262,562.6460867896712,High,HTTPS,2066.68473703202,0,0,0,Normal
70.074896434744,61.94450797324744,480.60753158106127,High,DNS,1992.222755006014,0,0,0,Normal
35.10364998580826,31.51211849130111,305.2832863145636,Low,HTTP,1295.5288294207862,0,0,0,Normal
66.13597476578434,55.287881923964534,583.218694239558,High,HTTPS,1916.8296478021107,0,0,0,Normal
43.0551885238674,32.124352248272324,546.161411790338,Medium,SSH,1991.3053084320834,1,0,0,Attack
32.60488579267985,26.927489610194183,297.8447663393103,Low,HTTP,1470.658789909248,1,0,0,Normal
95.19272003890364,73.7114685847502,988.769168112401,Critical,FTP,3593.5705213491738,0,1,0,Attack
89.30634139789618,75.7197217860314,855.7387600091494,Critical,DNS,3861.9368996399335,0,0,0,Normal
70.79186684597516,60.36699662476582,627.4515416047982,High,DNS,2786.809417865805,1,0,0,Normal
43.83610442535428,36.01564956669405,333.5133461677577,Medium,HTTP,1127.4512666992807,1,0,0,Normal
67.76185184098722,58.641034643621225,587.1113544435327,High,HTTPS,1887.8348622926644,0,0,0,Normal
52.30180381848186,43.48586209183561,293.5831348103569,Medium,HTTPS,1089.5443289538277,1,0,0,Normal
74.35950213883189,65.68044078938725,586.9123306167405,High,DNS,1801.8393969136814,0,0,0,Normal
85.82174611714436,73.33752476509058,704.931877634265,Critical,FTP,2734.2019538153145,3,0,0,Attack
66.47935786371818,53.47117840733584,571.097275549113,High,HTTPS,1956.488127424,1,0,0,Normal
79.61968150411849,67.40390306189157,758.3026224816614,High,DNS,3356.4652296123813,0,0,0,Normal
69.43228866115533,50.30577793705488,495.56976965577616,High,HTTPS,1595.2048545858295,1,0,0,Normal
84.98472515359026,69.32340994641935,815.7270027840992,Critical,DNS,3113.9509688038574,1,0,0,Normal
76.359937019879,56.15050307485177,491.94403493565966,High,DNS,2331.566996512382,0,0,0,Normal
61.29826216259971,51.71267419717677,531.7799476780574,High,HTTPS,2287.5038656227866,0,0,0,Normal
83.97201466475963,73.97618751518397,761.174948870338,Critical,FTP,2840.4508339216864,4,0,1,Attack
37.35900792162283,29.34543205120709,293.75551461189286,Low,HTTP,1444.160319395979,1,0,0,Normal
64.71483488756348,57.2040652163526,524.7877929536663,High,HTTPS,1791.2634205375907,1,0,0,Normal
40.60194887366379,30.7639933101773,232.1050589115021,Medium,HTTP,1017.7400953864595,1,0,0,Normal
83.08714654913274,70.3757632165352,749.6217790783403,Critical,FTP,3053.4725665089736,2,1,0,Attack
84.28871979736869,64.67601795713281,829.7526411333143,Critical,DNS,2794.0119915087394,0,0,0,Normal
55.649448556869174,45.32768627676921,366.50555959521677,Medium,HTTPS,1737.8647249432267,0,0,0,Normal
85.18215791977127,70.22156382871938,748.1092847349059,Critical,DNS,3521.347057246862,0,0,0,Normal
47.30923635637737,34.47253544193631,407.0337124551254,Medium,HTTP,1380.3825297998858,1,0,0,Normal
74.10343045630725,56.65949379550113,441.0132619635824,High,DNS,1686.822653996341,1,0,0,Normal
50.19456736066786,44.862241524364876,278.01052235746204,Medium,HTTPS,1328.8382000568129,1,0,0,Normal
64.35652527867205,49.132266621430766,436.2077605788374,High,HTTPS,1935.0675606199213,1,0,0,Normal
77.31081793510384,65.8145897726096,600.0895888837948,High,FTP,2565.4995981376874,1,0,0,Attack
38.59918758098502,32.583402051939714,277.7863322973123,Low,HTTP,1184.5101241162913,1,0,0,Normal
49.380044000427006,36.4450806507702,299.47026606629214,Medium,HTTP,1200.2962959010451,1,0,0,Normal
88.13006197669893,63.58992051632373,754.8972692544971,Critical,DNS,2986.892785185574,0,0,0,Normal
49.0316315650125,37.80924833492454,271.99450834996657,Medium,HTTP,1039.3717942547266,1,0,0,Normal
75.38957495387876,53.300667665525886,531.0052485564979,High,DNS,1947.8492363261958,1,0,0,Normal
73.2442061137408,57.70673271201633,684.7411178942251,High,DNS,3252.9691545220917,1,0,0,Normal
41.41584554150086,30.75474596399543,341.8462416485267,Medium,HTTP,1477.8327519867573,1,0,0,Normal
36.46389128763985,30.72552222462842,249.0179489683875,Low,HTTP,1096.394852122462,1,0,0,Normal
51.33585684248828,37.05900042673742,502.6034698219379,Medium,HTTPS,2499.7751539417,1,0,0,Normal
32.10094776950427,25.09457408543527,193.67384549668418,Low,HTTP,674.4904639191715,0,0,0,Normal
56.360262909001904,49.25603163925694,476.92408573410944,Medium,HTTPS,1996.7265034920733,0,0,0,Normal
42.77521244745003,35.51026427374648,328.65809675625604,Medium,HTTP,1568.4486994984204,0,0,0,Normal
72.78861750317446,56.277729416598945,430.77814834137774,High,DNS,1508.997807761309,1,0,0,Normal
46.56792760142707,41.520887023175575,635.6097244337207,Medium,FTP,2754.3629899784987,4,0,0,Attack
54.52180538988614,40.41870450079817,505.2802218139724,Medium,HTTPS,2411.19908468937,0,0,0,Normal
82.1848928496911,68.9105954968466,491.32642955018076,Critical,DNS,2149.6879871950055,1,0,0,Normal
69.04795727692544,55.74483896865557,487.6304246116623,High,HTTPS,2162.6546844910367,0,0,0,Normal
51.94998619452235,38.27302519452445,490.903032072214,Medium,HTTPS,2265.5602032192523,1,0,0,Normal
87.48594469492673,76.47771509707448,751.5293022173533,Critical,DNS,3653.16899165567,0,0,0,Normal
42.39929994117119,36.91705149522859,347.164865185958,Medium,HTTP,1194.7243783894294,0,0,0,Normal
71.54475393504981,52.88103394089048,583.8239955531088,High,DNS,2214.6987864690673,1,0,0,Normal
62.20052772198869,48.67116440045394,467.7580781009999,High,HTTPS,1795.1392343228924,1,0,0,Normal
41.01849104183202,36.013466483027024,303.19717597482463,Medium,HTTP,1391.586395655385,1,0,0,Normal
92.25143489195034,77.82436651910677,850.6717374337497,Critical,SSH,4208.782447680006,3,0,1,Attack
91.20986582172918,75.47793630060428,808.4221877566243,Critical,SSH,2658.922922026118,2,0,1,Attack
41.73967076145345,34.494102719263104,391.37781377450574,Medium,HTTP,1748.566839931601,1,0,0,Normal
54.74638969943044,43.84126479486533,454.81822389183543,Medium,HTTPS,1730.9421061620835,1,0,0,Normal
83.3943782546703,66.35430286972604,709.4515704455607,Critical,DNS,3104.5231966822826,0,0,0,Normal
73.08343423685074,57.16072437320196,726.020482348529,High,DNS,2331.594761785821,0,0,0,Normal
68.25582941255561,52.34013799339358,423.6315053486276,High,HTTPS,1279.956526898476,1,0,0,Normal
67.92315384853282,59.43721194768219,541.12266778186,High,HTTPS,2620.3713138970884,1,0,0,Normal
60.241950394702144,50.13992953039527,568.1238704245436,High,HTTPS,2829.917471906606,1,0,0,Normal
58.70063279478927,49.325406802282544,367.3130620913897,Medium,HTTPS,1692.3053813589813,1,0,0,Normal
54.638909501518356,49.03106031255023,455.3358904132821,Medium,HTTPS,1948.0723173194524,0,0,0,Normal
60.046891718375264,44.93074702252656,766.2427433446159,High,FTP,3184.5112995789887,1,0,0,Attack
82.5196648563724,67.55617390321314,696.3162966463519,Critical,DNS,3016.8893461690973,1,0,0,Normal
79.69275995488715,69.90872618884129,884.3671945176808,High,FTP,3622.278381396819,4,1,1,Attack
72.08624398335814,54.08600688170003,651.4951093605323,High,DNS,2092.5497443246845,1,0,0,Normal
89.20958393864566,74.34208043769745,861.0910734648536,Critical,DNS,3134.881988804611,0,0,0,Normal
44.478298893081956,39.01638021654826,271.47048231498167,Medium,HTTP,1126.8194866238848,1,0,0,Normal
65.60027244704543,54.94202875244806,458.12535723950435,High,HTTPS,2105.3914901970547,0,0,0,Normal
93.1684216800204,78.58782642510987,860.9720552292155,Critical,SSH,4281.187331056851,3,1,1,Attack
55.08874325947545,47.45943160853303,694.3812066899143,Medium,SSH,2987.7758172228755,3,0,0,Attack
70.00255742306763,62.02912691141836,690.8550251598658,High,DNS,2254.873160573591,1,0,0,Normal
93.16011080147291,69.3239290120778,733.1151719163722,Critical,SSH,2505.7883847871317,3,0,1,Attack
71.25823431662866,55.53464671471306,617.7591717908404,High,DNS,2955.3813489444374,0,0,0,Normal
73.05084600986447,57.25543729634208,512.4131153735624,High,DNS,2471.6577351069996,1,0,0,Normal
78.45261010035756,67.38849845270617,662.1298348017302,High,DNS,3130.17417630509,0,0,0,Normal
95.82940335967578,85.74430522931493,729.8102084889092,Critical,FTP,2912.7823737299177,4,1,0,Attack
53.241240534189274,38.807687395390275,469.0534454599907,Medium,SSH,2061.6135156217038,0,0,0,Attack
53.803070959984325,45.558938866305105,516.8419709201988,Medium,HTTPS,1875.0249814150154,1,0,0,Normal
55.13254297675303,43.03529869245297,548.7290687375582,Medium,HTTPS,2314.9279896445764,1,0,0,Normal
77.69122926503769,65.07376981205866,700.6304204410536,High,DNS,3126.13217611396,0,0,0,Normal
88.42796330733108,63.76958193232523,724.737741769965,Critical,DNS,3186.2181915791593,0,0,0,Normal
38.67082926328294,27.15230225310849,305.1136577251942,Low,HTTP,1283.3484709027193,0,0,0,Normal
84.03162711765617,74.3047301609471,900.118359055927,Critical,SSH,2813.335331735529,0,1,1,Attack
54.173664240006474,48.6542496367714,419.29043240302684,Medium,HTTPS,2059.762373572464,1,0,0,Normal
71.2784406721039,61.351180014853206,394.15540434513974,High,DNS,1351.2239545399261,0,0,0,Normal
36.34417286315056,30.086866680801386,239.9254057681928,Low,HTTP,1129.268601458826,1,0,0,Normal
30.641737741752877,24.99142712840955,241.36491419067664,Low,HTTP,761.9388745676024,0,0,0,Normal
95.27415703938459,79.38854580638746,1056.4353061721567,Critical,FTP,5023.463393677641,4,1,1,Attack
89.43488308941596,72.40557475743813,888.2011659857048,Critical,DNS,4404.444795211258,1,0,0,Normal
88.21768589361454,63.62188353856006,928.4110062056056,Critical,SSH,3389.337807166603,0,0,0,Attack
68.34957830040366,52.2231297956823,386.8394095598233,High,HTTPS,1364.4810135965483,0,0,0,Normal
64.6802528535045,52.71957593629474,390.9922888902988,High,HTTPS,1484.5839167006227,1,0,0,Normal
69.97926491305407,60.15184434436933,662.0099266492481,High,HTTPS,2152.7195671280506,1,0,0,Normal
72.87695893239288,65.38888345231356,896.6243905892823,High,SSH,4342.945215361631,3,0,1,Attack
36.35758032221929,30.186931792775738,338.80107672491766,Low,HTTP,1130.5313501460084,0,0,0,Normal
49.21778492687736,35.75124583818841,368.04450417544587,Medium,HTTP,1789.8890260304236,0,0,0,Normal
64.52397885193932,47.86389391250233,547.6897850456278,High,HTTPS,2024.7728092252385,1,0,0,Normal
77.87000371798058,68.40128191412738,511.5766618596615,High,DNS,2481.176726295972,1,0,0,Normal
89.17513193562627,78.68425323381388,717.5718891601697,Critical,DNS,3551.2308629754443,1,0,0,Normal
69.08366996849509,60.29230744363842,597.8992558281662,High,HTTPS,1947.8137876035646,0,0,0,Normal
37.91662845841529,30.299748421514302,321.9476311704622,Low,HTTP,1258.1711390843327,1,0,0,Normal
42.54002975700132,35.71347615785504,340.97242952155085,Medium,HTTP,1482.7405610415763,1,0,0,Normal
83.52104269259144,63.70859591963658,443.8135130999898,Critical,DNS,2143.121867692485,1,0,0,Normal
84.70693631476024,69.6181617987558,828.538773532169,Critical,DNS,3509.4464144661224,0,0,0,Normal
81.82297844541608,69.23766120776251,496.6962173427527,Critical,DNS,1942.653150126234,1,0,0,Normal
59.7345148032764,50.15533292093031,553.5520938068373,Medium,HTTPS,2187.6627842979838,0,0,0,Normal
71.85790674237069,58.96755036534626,387.45642902058404,High,DNS,1915.4124419793611,1,0,0,Normal
58.83549055100957,41.923329456254486,752.3339720718858,Medium,SSH,3733.046679275005,4,0,0,Attack
66.56125517300097,59.322688898162056,658.7628974669909,High,HTTPS,2635.371297293896,0,0,0,Normal
73.85654197598342,54.86174919788561,489.42640263881947,High,DNS,1733.1568010579201,0,0,0,Normal
71.89122111114557,62.59387988760872,454.2185141066275,High,DNS,2243.7510704581905,0,0,0,Normal
76.18397489684867,54.52328760747651,732.7097201645909,High,SSH,3639.868508807924,0,1,1,Attack
33.7655132827058,29.562069685790764,190.08240715140096,Low,HTTP,922.2896291709628,1,0,0,Normal
87.374865801321,78.27771796151994,839.5985619320418,Critical,DNS,2673.691690509354,1,0,0,Normal
52.84450800198101,40.42967799278158,508.72538226303664,Medium,FTP,2432.628218082581,0,0,0,Attack
81.2024622206809,61.12315919090773,784.2616501520475,Critical,DNS,2757.5685564841438,1,0,0,Normal
44.7037655148597,34.85536814262702,501.4077264258458,Medium,SSH,2071.41595512471,3,1,0,Attack
82.65322346749599,59.93841075363283,795.5493594824472,Critical,DNS,3715.815246683926,1,0,0,Normal
88.76510965812486,78.50086001223325,876.3235201382666,Critical,DNS,2961.1053992102793,1,0,0,Normal
59.520604059362086,43.66942669411319,535.9584728387513,Medium,FTP,2075.0073561374265,4,0,0,Attack
45.817632320540724,40.60927052930821,333.09411455750535,Medium,HTTP,1262.126492088991,1,0,0,Normal
53.90894083211606,41.4933542018836,451.29389737226865,Medium,HTTPS,1465.6272444249423,1,0,0,Normal
37.553804579215466,33.23533666192125,359.47245850205394,Low,HTTP,1643.2545740909932,0,0,0,Normal
85.30985084536951,76.34340013227099,690.0939288673108,Critical,DNS,3443.5286599726564,0,0,0,Normal
40.1057636304904,29.10781081959032,291.88468193057275,Medium,HTTP,990.8320130607423,0,0,0,Normal
95.89722213408095,75.83551720117143,907.7322876696988,Critical,FTP,4292.569601009991,4,1,1,Attack
50.908010219136486,42.5008800691849,501.8964359342457,Medium,HTTPS,2245.051513783858,1,0,0,Normal
85.5017543573922,75.48846655423581,846.8850775121151,Critical,DNS,3865.508721541127,0,0,0,Normal
98.46864474297035,81.09587798202543,938.6343063145844,Critical,FTP,4320.624683091835,3,0,0,Attack
37.73287566174986,29.851041951448344,239.71696371128846,Low,HTTP,1102.8688656605057,0,0,0,Normal
57.23998103450867,45.51749049575514,563.7859664729191,Medium,HTTPS,2586.402483797338,1,0,0,Normal
70.45693135267356,63.013549069345096,698.876654580048,High,DNS,3337.935715687804,1,0,0,Normal
84.86637773079565,76.0568586592579,817.2741445718626,Critical,DNS,2946.3631923041116,0,0,0,Normal
67.07117131663836,53.66019211694865,366.2904512199341,High,HTTPS,1100.6848559604232,0,0,0,Normal
57.334484276070725,43.23708156381201,542.0703425406726,Medium,HTTPS,1997.222635860215,0,0,0,Normal
58.5613499853207,52.352707304850156,368.37041677277097,Medium,HTTPS,1817.496995366439,1,0,0,Normal
88.30667129368521,79.19061009293658,691.2647795057243,Critical,DNS,3341.224668661724,0,0,0,Normal
88.85862467413517,78.65811220348799,815.4453502053316,Critical,DNS,3113.973573449683,1,0,0,Normal
60.01455944591726,43.117389254477914,356.938000459001,High,HTTPS,1522.696041240661,0,0,0,Normal
46.23600147315301,40.60357889968106,331.92621276490723,Medium,HTTP,1243.6531302667147,0,0,0,Normal
98.194162111904,73.80404182846297,884.6830362623018,Critical,SSH,3980.9083552272914,3,0,0,Attack
89.0304444708454,72.39244132423079,500.26462387107506,Critical,DNS,2398.695203119533,1,0,0,Normal
85.56154506761231,74.18830977068492,763.9137487589338,Critical,DNS,2931.836078019216,1,0,0,Normal
45.53464518889086,33.600057421053215,654.2014799979428,Medium,FTP,2078.634024727626,0,0,0,Attack
93.45430577463048,73.56332625352508,759.4644190624022,Critical,FTP,2318.4323714381994,2,0,0,Attack
45.48400100717117,35.427937525160196,424.0125251144012,Medium,HTTP,1997.9867408436282,1,0,0,Normal
63.936021282934234,46.33834421849162,555.1464016146599,High,HTTPS,2103.7742293758383,1,0,0,Normal
80.12261599084013,68.6754560422177,713.9694318440364,Critical,DNS,3337.3267333477515,0,0,0,Normal
41.370281562558375,37.19164305944337,372.65283504949326,Medium,HTTP,1351.8141206816515,0,0,0,Normal
66.14747007246478,48.913414378897954,795.4450794619363,High,FTP,2580.8682985325877,3,0,0,Attack
53.67296240874566,46.850558961265385,481.3875599849476,Medium,HTTPS,2195.6646043915925,1,0,0,Normal
37.42834456385026,31.713549087726587,353.3370703405671,Low,HTTP,1560.2300014564835,1,0,0,Normal
87.13884348235297,74.62905193585436,767.5156816184434,Critical,FTP,3254.255489744328,4,0,1,Attack
89.69825914675312,77.16828168694953,449.6015348812957,Critical,DNS,1493.5468063573917,0,0,0,Normal
41.83802793355426,35.98368558014917,280.77860711827515,Medium,HTTP,1094.754119952405,1,0,0,Normal
81.86681445571594,70.30362588987538,805.1364287876193,Critical,DNS,3751.2542633001335,0,0,0,Normal
74.19410976319341,65.11382098305361,711.0568219050714,High,DNS,3318.0815261032,0,0,0,Normal
76.93152084684698,58.50726785985564,542.1248397549352,High,DNS,1635.4146811826213,0,0,0,Normal
88.09290755809343,61.70865004775036,919.277684006909,Critical,FTP,3659.027804226556,3,0,1,Attack
78.02137928654702,59.95501735997646,535.7681082462818,High,DNS,2326.70364301488,0,0,0,Normal
77.6268284919206,69.35090999957953,679.19848679108,High,DNS,2809.11940105322,0,0,0,Normal
83.28432751957735,73.5691668222069,790.1293964774554,Critical,DNS,3166.755651598537,0,0,0,Normal
58.15330003548297,45.468551862873916,612.5853143496715,Medium,SSH,2872.9143436793656,0,1,0,Attack
30.14852985885227,24.920762375903532,164.11055469806806,Low,HTTP,600.0230060774018,0,0,0,Normal
50.5330330284778,39.14680817644114,259.3254438601671,Medium,HTTPS,1072.0052799346188,1,0,0,Normal
98.01652732778166,83.31221673520545,1109.616329656907,Critical,SSH,3357.8523513315504,2,0,0,Attack
85.00484189506096,74.76050667604541,592.820485147023,Critical,DNS,1881.8662926650607,0,0,0,Normal
64.56219252457231,50.60329808512443,793.0565497845553,High,FTP,2410.3190248125743,3,0,0,Attack
67.9798765569285,48.79160894339456,446.5500934519728,High,HTTPS,2045.6292750136324,0,0,0,Normal
52.40327661143965,36.958564737846196,294.0555835757215,Medium,HTTPS,1038.8445703606667,0,0,0,Normal
74.99439433289808,65.33581890819214,667.6593837826165,High,DNS,2490.548437857254,0,0,0,Normal
83.84558223755448,65.3122252410656,715.9780914741505,Critical,DNS,2153.1235751964728,1,0,0,Normal
55.137451686750865,47.828029675915886,446.61138303693997,Medium,HTTPS,1348.8097729645158,1,0,0,Normal
35.32081881261547,26.941105836149138,205.03156085659884,Low,HTTP,676.9354341266807,0,0,0,Normal
31.58160592831024,22.87947997980603,228.88721959142225,Low,HTTP,1069.3122841787506,1,0,0,Normal
81.36281047154625,69.65564758307052,744.2975451912938,Critical,DNS,2889.0669531507333,1,0,0,Normal
63.68753665286931,53.59751120782769,783.7612982838393,High,FTP,2889.636804359039,4,0,0,Attack
80.22981592061114,66.10925333025186,404.4937452288124,Critical,DNS,1729.1392245277655,0,0,0,Normal
48.82628496590769,35.75028556618673,363.79600645298314,Medium,HTTP,1231.297232535193,1,0,0,Normal
47.33676271949662,37.39128073088131,595.5866780348075,Medium,FTP,2119.008476151687,3,0,0,Attack
76.83348637801828,66.53129575582187,602.3616539746301,High,DNS,2265.371550085861,0,0,0,Normal
82.47095754368274,71.472699915324,820.1599505635054,Critical,FTP,3796.548541626249,3,0,1,Attack
67.19957002893352,47.151757156926145,619.8856524014285,High,HTTPS,3076.31286532163,0,0,0,Normal
39.65803208957368,31.648415131196895,263.3503679402567,Low,HTTP,866.8891855074122,1,0,0,Normal
56.96982165289228,47.52846277312033,446.3332312565911,Medium,HTTPS,2073.836565790021,1,0,0,Normal
79.77460697991773,64.9040853494618,404.0859444693016,High,DNS,1754.3474436836475,0,0,0,Normal
79.99225197840133,64.05695540596243,434.84359780984914,High,DNS,2158.985439067136,1,0,0,Normal
30.500262739587924,26.50417675050337,155.49625818181306,Low,HTTP,533.6428825565803,1,0,0,Normal
69.409875858546,53.141673574399796,821.385422977845,High,FTP,3915.6434296383236,1,0,0,Attack
70.2823147106028,57.16638524953927,445.0306071873241,High,DNS,1943.1876225392805,0,0,0,Normal
64.07798849751998,45.02208021155597,437.37520461960946,High,HTTPS,1690.1379576410193,0,0,0,Normal
70.23684977611993,50.390926261680264,552.4569140055812,High,SSH,2532.695715522354,2,0,0,Attack
90.69457476609387,63.84242905959868,658.0296340228311,Critical,SSH,2565.495132571962,3,0,1,Attack
59.68636487421463,51.21664644327145,543.4376962243996,Medium,FTP,2701.14163712023,1,0,0,Attack
64.01466635637917,48.22107682324662,587.6205124420196,High,HTTPS,2512.205796798406,1,0,0,Normal
30.784145697543863,23.796969656058085,221.76915122462566,Low,HTTP,701.7709085017625,0,0,0,Normal
35.2328574913372,24.688536485453476,236.66648175442,Low,HTTP,1067.3286574557906,1,0,0,Normal
41.17832866271783,28.90758684150343,537.1293595485631,Medium,FTP,2241.803298029039,2,0,0,Attack
77.42887785781932,56.53559154141732,461.58867390225805,High,DNS,1583.0597758504025,1,0,0,Normal
45.984510587586556,39.87678705121318,294.05378087037934,Medium,HTTP,1028.7614256886482,1,0,0,Normal
51.908040163252736,40.911852105734546,358.27141348403404,Medium,HTTPS,1154.8378569825438,1,0,0,Normal
30.21743545657955,23.227791395713197,274.150274231094,Low,HTTP,1087.2437441238105,1,0,0,Normal
30.602915030467557,25.323370963004756,303.1762107426699,Low,HTTP,1393.0992073772813,1,0,0,Normal
49.04847302022972,36.22024463768307,481.019708094917,Medium,SSH,1665.2248179719306,1,0,0,Attack
80.15360308289019,60.578896473620006,730.6774801699597,Critical,DNS,2928.278231367699,1,0,0,Normal
56.448064560318016,43.80830617288064,471.5559234624257,Medium,HTTPS,1416.5202962547291,0,0,0,Normal
50.60651287654764,43.66853353522752,501.6332695826871,Medium,HTTPS,2024.6367891438683,0,0,0,Normal
68.24469438084634,61.16574201092039,414.90549536939005,High,HTTPS,1619.3585486222225,0,0,0,Normal
51.537444943969604,37.57992624025604,685.3694355889577,Medium,FTP,3020.5785150579927,2,1,0,Attack
46.73552083855611,40.40933623736441,393.32771319332244,Medium,HTTP,1777.6068297303352,1,0,0,Normal
62.824490161583526,52.40517775613286,649.8665014654971,High,FTP,2917.895005828676,0,0,0,Attack
78.87102896274428,70.70764123742637,706.7676587445224,High,DNS,3271.6436273978597,0,0,0,Normal
88.88130674120475,66.05542822576727,644.1124278793803,Critical,DNS,2660.841345898155,1,0,0,Normal
48.75313928219839,42.74246552306748,683.9323877010047,Medium,FTP,2464.3138336428156,1,1,0,Attack
79.39158596491325,66.42228315017391,650.0618801358784,High,DNS,2964.9829213860644,0,0,0,Normal
70.2456173763494,55.243083473440514,380.1026833023404,High,DNS,1221.738588177391,0,0,0,Normal
88.94910146598704,76.35766371747877,780.4934353472178,Critical,DNS,2945.177303062465,1,0,0,Normal
42.95608822932991,33.9299538788438,340.8216419465062,Medium,HTTP,1265.386132134671,0,0,0,Normal
83.0136201629648,74.4671322339773,504.22259765291767,Critical,DNS,2044.7866349726091,1,0,0,Normal
70.99240307226864,58.74776123512741,443.4449125839294,High,DNS,2021.454657481683,1,0,0,Normal
55.928242373338435,40.06934613449464,310.87158674772553,Medium,HTTPS,1036.0842935701664,0,0,0,Normal
87.53266461048042,74.48892263204812,849.025777894139,Critical,SSH,2566.998039906906,3,0,0,Attack
56.962595600198256,46.55937349297722,511.9534506068983,Medium,HTTPS,2312.8807296484474,1,0,0,Normal
99.11414809204871,73.63774568377306,810.0138864193422,Critical,FTP,2824.1032004257972,4,0,1,Attack
68.25654024694813,51.1824980200997,513.2244669904188,High,HTTPS,2008.6964554359224,0,0,0,Normal
34.932623129934655,25.233092368964087,175.0062010863432,Low,HTTP,652.2022085228248,1,0,0,Normal
75.29528763984217,59.97923070793655,571.5080868601988,High,DNS,2715.2726959142333,1,0,0,Normal
65.21024543770181,56.04830315330287,473.2564409087909,High,HTTPS,1642.4282524585624,0,0,0,Normal
42.88769192280597,32.00221250462916,365.32022867909205,Medium,HTTP,1814.9292260989178,0,0,0,Normal
44.9564561941952,35.99942514843836,395.5498263641798,Medium,HTTP,1771.756840160495,0,0,0,Normal
46.70080951356795,32.70891325495958,607.4635594954985,Medium,FTP,1989.6286285987624,1,0,0,Attack
58.9760339113127,47.39366888568312,535.063433626527,Medium,HTTPS,2437.161299761169,1,0,0,Normal
77.85044716714765,61.524878163730314,609.3782749992237,High,DNS,3019.2569629148097,0,0,0,Normal
43.85592045076919,36.87066678729915,285.40930532516285,Medium,HTTP,1406.7018719940575,0,0,0,Normal
70.22862251153128,59.83060056490256,825.2240014288274,High,FTP,2880.2632671057954,2,0,0,Attack
30.117856172000756,25.57003400304153,166.71987758671006,Low,HTTP,683.1962269921678,1,0,0,Normal
61.08268601252348,52.70838920820894,423.5292028728038,High,HTTPS,1793.5373566676963,1,0,0,Normal
57.08872743518441,46.41895866842716,387.1688566720099,Medium,HTTPS,1498.6072321501367,0,0,0,Normal
72.21680271439254,54.90754845858391,551.6145531253366,High,DNS,2069.9838780590426,1,0,0,Normal
75.58211919254973,64.7064415633794,672.4021250514023,High,DNS,2273.1933379989514,1,0,0,Normal
74.6997421431297,53.89013448837372,435.65578608603585,High,DNS,1515.6511404040116,0,0,0,Normal
78.87068488148543,61.30997859609381,398.97978494958085,High,DNS,1780.8384277360233,1,0,0,Normal
73.93060112153762,57.02083698294456,850.1745234741602,High,SSH,3307.1471952952174,2,0,0,Attack
48.094625051744515,38.74178478633493,298.9666967503013,Medium,HTTP,940.794619545474,1,0,0,Normal
76.83233913514414,65.7571484440857,559.6995972207728,High,DNS,2261.6171009363243,0,0,0,Normal
46.42699000934954,34.04415452121071,516.485560686282,Medium,SSH,2331.380020577588,4,0,0,Attack
53.204435925290454,37.367938805938785,498.93338958658217,Medium,HTTPS,2471.9653783238405,0,0,0,Normal
51.38255114092317,43.76640289048225,317.34924877155544,Medium,HTTPS,1132.1828971074985,1,0,0,Normal
61.65975768385579,46.16149983477954,611.6725307029179,High,HTTPS,2632.404722792636,1,0,0,Normal
76.75574576125655,60.74353841705851,667.6263559306535,High,DNS,3275.118781221913,1,0,0,Normal
39.98510681623884,30.89544325498634,227.44581572788846,Low,HTTP,877.289237755534,1,0,0,Normal
30.703890508739278,26.86917752916098,272.87327515016193,Low,HTTP,1123.538161081129,1,0,0,Normal
75.5326774479181,56.426555403399185,746.7635337966879,High,DNS,2976.5139752086257,0,0,0,Normal
44.59462168888422,39.99268048506655,437.9991899369654,Medium,HTTP,1948.576478387642,1,0,0,Normal
57.416252612529206,48.68453491136247,357.4564403194705,Medium,HTTPS,1087.7880844386698,0,0,0,Normal
51.80213120580447,37.68763207896056,401.190547939935,Medium,HTTPS,1942.7242565158474,1,0,0,Normal
92.53198292424713,79.16020104705076,948.2929762171578,Critical,SSH,2890.703976091738,4,0,0,Attack
44.11447856713494,39.502978012533944,316.59651563385756,Medium,HTTP,1278.785717622974,1,0,0,Normal
99.041505256464,88.43136330690224,881.5519216482039,Critical,SSH,3663.9127580745003,3,0,1,Attack
74.37676283007022,55.710281869347085,442.67285880736364,High,DNS,1838.7397225427617,1,0,0,Normal
38.259159623557935,30.981766473455735,237.11216500056068,Low,HTTP,999.6048279469326,0,0,0,Normal
76.64704855138552,63.116875186904274,663.6638651892395,High,DNS,2770.63498506765,0,0,0,Normal
98.63954394757457,77.63604085588646,912.6615099265817,Critical,FTP,3642.6065390689396,1,0,1,Attack
87.86152859221829,68.11545070446388,471.5573925366932,Critical,DNS,2061.3279956520805,1,0,0,Normal
44.708415973800584,32.997963675535665,339.86997706911677,Medium,HTTP,1243.7360990212567,0,0,0,Normal
72.93607160972897,54.5489659833413,840.7307501241847,High,SSH,3842.5875516041974,2,0,1,Attack
67.04229209004552,56.74111213141229,662.7968264537852,High,HTTPS,3262.840377031729,1,0,0,Normal
56.12043734858162,44.278815808047625,360.2404991343738,Medium,HTTPS,1720.0454103133154,0,0,0,Normal
52.57773383593303,37.576364174351255,434.2418288234236,Medium,HTTPS,1934.8459793874138,0,0,0,Normal
41.42115498929343,33.30579626029224,404.43785255766784,Medium,HTTP,1667.313386071873,0,0,0,Normal
44.37032093759626,37.77658369198399,316.9300026720273,Medium,HTTP,1038.753579687471,0,0,0,Normal
73.90441031700902,66.17770273144627,575.9806153379964,High,DNS,1932.497657840401,1,0,0,Normal
56.69888137017551,42.90758334408747,423.24092581203877,Medium,HTTPS,1444.9928985496147,1,0,0,Normal
34.40462397033116,28.568284417129505,296.6377837065599,Low,HTTP,1287.9655286296872,1,0,0,Normal
61.2230871077918,54.52293268172353,312.7175287814435,High,HTTPS,1198.577912079274,1,0,0,Normal
75.41792054049438,59.25687901713603,724.4641439139648,High,DNS,2814.7322743186637,1,0,0,Normal
88.63499396415136,71.94888631051576,453.8829021400421,Critical,DNS,1844.4893868585089,0,0,0,Normal
47.028729529702105,37.55660513708185,357.32022860509073,Medium,HTTP,1420.8892571276385,1,0,0,Normal
69.1085306594141,58.38850503853666,545.3021666897739,High,HTTPS,1866.213952845225,1,0,0,Normal
87.16849112359341,61.39394214490683,687.2628375462401,Critical,DNS,2388.9043438047347,1,0,0,Normal
55.71405281050829,49.2645822137812,447.90570415186005,Medium,HTTPS,1649.974592479581,0,0,0,Normal
73.52307060442399,51.82144027549156,783.5446019203216,High,FTP,3715.659256080275,0,0,0,Attack
69.5765663626662,55.93375306485485,720.2920234409621,High,FTP,2893.7654025001057,4,0,0,Attack
73.46438919223147,59.919080625276315,619.179808025963,High,DNS,2613.9992703965613,0,0,0,Normal
41.29403992272273,33.67000966106799,474.5482555310989,Medium,FTP,2292.2207888504313,0,0,0,Attack
85.271936227673,70.05726289585573,761.1656338923015,Critical,DNS,3411.759428989601,1,0,0,Normal
31.449711700588523,25.70937327806585,308.43018860000717,Low,HTTP,1133.7714418978223,0,0,0,Normal
71.17496445556753,56.877274587986534,871.6628644768629,High,FTP,3710.7137809079145,0,1,1,Attack
74.68622669068282,62.52222611711718,845.2306890014889,High,FTP,3652.1873368300626,1,1,0,Attack
64.61164170963457,49.48894321492269,504.38195250065513,High,HTTPS,2115.6875040920218,1,0,0,Normal
66.47240110323764,56.970390044864686,378.48535901157226,High,HTTPS,1247.0051131191815,1,0,0,Normal
65.24269274224935,58.21498769774799,384.139770709445,High,HTTPS,1232.8011252119009,0,0,0,Normal
59.73573442453926,52.416399439644245,360.5222272284852,Medium,HTTPS,1697.5731802461084,0,0,0,Normal
71.13958310970702,60.15340985184331,594.3497960519392,High,DNS,2362.8378962895426,1,0,0,Normal
59.78340391346137,48.55934091165331,623.3832790889153,Medium,SSH,1908.620415718313,3,0,0,Attack
77.11598693291307,56.121536540223254,556.2493712929573,High,DNS,2339.2423811136036,1,0,0,Normal
97.68509353714762,71.8487887588224,948.2190003886432,Critical,FTP,3350.852577563483,0,0,0,Attack
83.24142464101897,61.71614370566315,619.4233774833934,Critical,DNS,2066.7634448216845,1,0,0,Normal
83.67063126759604,69.79703284135758,706.698532243825,Critical,SSH,2605.420873103507,4,0,1,Attack
73.67636032540759,57.70908210804033,656.0509673685615,High,SSH,2791.5566978300085,3,0,0,Attack
38.32646681567894,30.221419352420998,257.1470564652171,Low,HTTP,1096.1154700908642,1,0,0,Normal
40.65430709189968,32.78282059292938,380.3328147712761,Medium,HTTP,1377.8456553446174,0,0,0,Normal
52.42342909848958,41.81562697697429,595.4678237315668,Medium,SSH,2061.607263381079,2,0,0,Attack
70.25638668172178,52.14673734994368,565.8647362684043,High,DNS,2791.1064062200862,1,0,0,Normal
54.98344049497973,41.10544987052606,526.5106783675292,Medium,HTTPS,2349.2698027476144,1,0,0,Normal
56.557829588855384,43.457646994063545,492.3758558495358,Medium,HTTPS,2235.9189494176485,1,0,0,Normal
61.91400324809365,54.125938756218275,414.19568289841385,High,HTTPS,1258.3047929012052,1,0,0,Normal
59.295450694844476,47.54006337011613,482.82085452964395,Medium,HTTPS,2380.98821305612,1,0,0,Normal
52.670449532997736,43.304130479881984,637.2879214650326,Medium,FTP,3126.419247244435,0,0,0,Attack
44.279071119308355,39.099844745573336,353.63633036492234,Medium,HTTP,1490.2317038482902,0,0,0,Normal
60.5126309300249,51.328523263982966,547.1495930054114,High,SSH,2613.5765380080097,2,0,0,Attack
82.26347473930218,63.144964949659524,454.35175697507003,Critical,DNS,1427.92837536586,0,0,0,Normal
60.52467506204266,49.97553642985372,561.1621722666993,High,HTTPS,2334.977055642431,0,0,0,Normal
76.65138154603483,63.78112060958217,770.1905554245733,High,SSH,3233.625576082008,1,0,1,Attack
84.90965431650693,69.5801825968412,437.6482520730794,Critical,DNS,1858.2083294469348,0,0,0,Normal
74.46847612693205,54.32270424441381,596.750213297709,High,DNS,2627.613179132526,0,0,0,Normal
50.2782558715262,36.24685902310853,318.49242028794225,Medium,HTTPS,1276.606512435225,0,0,0,Normal
77.71154762231163,67.67627112352696,653.9505637711209,High,SSH,2934.66546309906,1,0,0,Attack
79.62806666939287,63.50736835141135,734.8517870293113,High,SSH,2348.858821729135,3,0,0,Attack
75.83841433675843,53.55490831056316,817.1523877742937,High,SSH,3249.4672894790106,0,0,1,Attack
38.841745137178805,31.871144630533163,316.81285553232135,Low,HTTP,1302.3263969296238,1,0,0,Normal
36.27754420755082,27.330915034341192,237.8661186076019,Low,HTTP,932.6866552079101,1,0,0,Normal
81.25951622701905,59.616796375726835,500.18563908575993,Critical,DNS,1537.726028055899,0,0,0,Normal
59.265014238335425,45.55553531740236,582.6435665663664,Medium,HTTPS,2080.575867389986,1,0,0,Normal
31.851376821068698,26.29360204951645,275.67051396127874,Low,HTTP,1081.8572321177267,1,0,0,Normal
66.16152944188798,54.66663630816766,585.7084397409933,High,HTTPS,2187.0037120270385,1,0,0,Normal
56.01514764595777,42.698872305087754,485.3898433660222,Medium,SSH,1606.6283807925909,0,0,0,Attack
50.09777738217963,37.3837830936975,692.3874190056388,Medium,SSH,2549.5115467422174,0,0,0,Attack
50.60250251961406,45.200493957459386,494.11055012170675,Medium,HTTPS,2185.094842845789,0,0,0,Normal
67.65273599216016,57.247477364902316,543.5936591471892,High,HTTPS,1789.4013900515658,1,0,0,Normal
67.87804983944625,57.97519639247797,640.8897719909014,High,HTTPS,2908.4103545179664,0,0,0,Normal
58.6821017145121,41.30015586402621,514.3573303625071,Medium,FTP,2433.1718767071247,1,0,0,Attack
53.86492004530737,48.10897550255066,625.6630328549677,Medium,FTP,2048.511807912938,4,0,0,Attack
97.97386516569532,87.25375181441228,983.4173272395432,Critical,FTP,4209.718507868103,3,0,0,Attack
73.85881232446991,60.66779986526375,599.344791470058,High,DNS,2529.7829727102608,1,0,0,Normal
76.23244861752028,66.90703178089728,648.5865159422721,High,DNS,3211.591627233974,1,0,0,Normal
31.138428877093247,22.241499914010507,234.18271216232156,Low,HTTP,769.0858238656805,1,0,0,Normal
97.94233869883101,79.93041547872254,1053.95809530806,Critical,FTP,3563.383632911206,2,0,0,Attack
87.17457252558233,71.46985290267666,478.6692221027003,Critical,DNS,1883.599483021223,0,0,0,Normal
66.42069628229365,54.769805765633095,494.2653652064266,High,HTTPS,2212.63664506756,1,0,0,Normal
93.30138803459704,78.40306366847066,925.5843610320201,Critical,SSH,2927.185482241816,3,0,1,Attack
34.28345021966379,27.455143794393695,250.35979711588342,Low,HTTP,919.7980750518827,0,0,0,Normal
64.82899798167637,55.02422972532519,336.18869938667035,High,HTTPS,1614.5225940861749,1,0,0,Normal
65.95424158243986,47.46311807139032,423.90834856754435,High,HTTPS,1799.503182572239,1,0,0,Normal
67.3768365790238,53.74363517350746,492.601747470861,High,HTTPS,2166.730740692391,0,0,0,Normal
72.09613271583294,58.475096648226675,492.7673422250095,High,DNS,1981.8300490529584,1,0,0,Normal
60.24837306467816,47.72308087977363,347.9306305057453,High,HTTPS,1621.7930316358745,0,0,0,Normal
74.6278583892854,52.794065202296416,500.41780299492217,High,DNS,2087.2576020484757,1,0,0,Normal
35.891125116177136,27.17289788099559,307.073633646869,Low,HTTP,1067.8699146578945,1,0,0,Normal
59.297232857497875,46.98984051042916,339.7434364438808,Medium,HTTPS,1647.2440323365713,1,0,0,Normal
73.32135904725874,56.706343480918875,848.5424563027531,High,FTP,3863.531967279995,2,1,0,Attack
57.63171577367757,42.12864174225501,537.4890568750795,Medium,HTTPS,2000.2781581050856,0,0,0,Normal
32.22931895045349,24.759219471617648,183.23540221144643,Low,HTTP,739.9587286180262,0,0,0,Normal
57.127718563060625,48.11455997907725,668.5478401219068,Medium,SSH,3135.777631877999,2,0,1,Attack
67.7337267492112,49.390076165482434,745.411314719419,High,SSH,2637.2445654858043,1,0,0,Attack
52.018381346570095,44.41372067642015,513.8997419592001,Medium,HTTPS,2540.3631156577726,0,0,0,Normal
39.29925828182604,34.31025201928752,224.41126576427246,Low,HTTP,844.4333966652957,0,0,0,Normal
50.46611232784926,36.709784424496675,300.3937054585604,Medium,HTTPS,1223.868172616868,0,0,0,Normal
72.66837809722347,60.17453307707593,533.2179231838796,High,DNS,2491.80020981408,0,0,0,Normal
38.75398801701522,31.859321244533806,336.8319159926826,Low,HTTP,1671.621438492338,1,0,0,Normal
76.14246076122072,68.16027961621093,411.6503077617898,High,DNS,1565.2118779549933,1,0,0,Normal
91.91526394650282,66.95224777731687,814.4316771424238,Critical,FTP,2882.8604892833264,4,1,1,Attack
38.22436520975316,28.213227384838834,363.3636536574897,Low,HTTP,1405.8756156260722,0,0,0,Normal
68.42112065540277,54.29267516944242,555.0712814953396,High,HTTPS,2324.5319117082677,0,0,0,Normal
66.62742758664535,56.47751730362983,566.0907053175299,High,HTTPS,2107.417722856168,1,0,0,Normal
98.55034208820143,70.5869480710387,944.5077350604388,Critical,SSH,2863.327106883095,3,0,1,Attack
38.52381716365926,29.562810770859727,352.6136960222788,Low,HTTP,1098.3002351560829,0,0,0,Normal
41.4286141576531,36.46724636107285,328.4284320599228,Medium,HTTP,1085.8414340003555,0,0,0,Normal
58.05226214964932,47.86425780320632,359.57129095720927,Medium,HTTPS,1213.5176267667514,0,0,0,Normal
74.2985044568195,62.39993010415528,714.8433820242013,High,DNS,3034.6768965509914,1,0,0,Normal
34.87580836968846,27.976805845674583,309.7965094157477,Low,HTTP,1484.033357812072,0,0,0,Normal
50.21714576156228,43.49434529315548,341.66785618839316,Medium,HTTPS,1701.0336318927682,1,0,0,Normal
84.07289094175212,68.69621028528155,638.5957481581306,Critical,DNS,2319.8924769895725,0,0,0,Normal
77.3508664304245,57.839648264988334,913.6451223912796,High,SSH,3403.71743496961,3,0,0,Attack
81.95633705017826,72.51901612818646,720.0072781324293,Critical,FTP,3344.041448182687,0,0,1,Attack
70.6551172874606,60.43230572341621,896.5366765974325,High,FTP,3850.590300579246,3,1,0,Attack
79.83761900570244,61.6468051626471,551.4550538872782,High,DNS,2134.823133808856,1,0,0,Normal
65.13089599669911,52.35413983055392,500.565744081413,High,HTTPS,1672.658652392104,0,0,0,Normal
54.327086175617296,47.21258033955452,698.8770258905155,Medium,FTP,2735.732846582389,3,0,1,Attack
85.4548216953117,64.41560767659132,846.5958481830463,Critical,DNS,4202.733632782391,0,0,0,Normal
76.5941776483669,68.50050847394469,536.5968284835852,High,DNS,1729.60140363063,0,0,0,Normal
51.645705108931,40.09195799552721,327.9141377624865,Medium,HTTPS,1558.9185460416552,1,0,0,Normal
61.148869654152804,49.37290456697964,438.5993716875841,High,HTTPS,1599.3482688024592,0,0,0,Normal
80.71293527653324,70.00343156450229,643.2433368557769,Critical,DNS,2885.6315445795353,1,0,0,Normal
46.13916827162029,41.353504234149405,314.0642743105981,Medium,HTTP,1031.0369011550401,0,0,0,Normal
88.29914718226064,68.89351303432197,448.4614255644498,Critical,DNS,1919.5133546337229,1,0,0,Normal
62.886497982544824,47.414661691983135,532.4715940407344,High,FTP,2433.9574032745873,1,0,0,Attack
62.22641324144206,48.96633516058109,358.7622892267387,High,HTTPS,1119.6880231470168,0,0,0,Normal
90.19409896813158,73.8491958339355,735.5052131695703,Critical,FTP,3178.3152431945846,1,1,0,Attack
98.88328799536794,76.36515324075208,1002.2483360924958,Critical,SSH,3245.332718882511,4,0,1,Attack
54.06855637727858,38.0186025654607,512.3467284825971,Medium,HTTPS,1670.3052401617474,1,0,0,Normal
56.19161447888473,39.978876729305036,758.9123780644163,Medium,SSH,3666.947647213911,1,0,0,Attack
56.071786608954426,40.96702108573545,369.0649040385779,Medium,HTTPS,1399.919378996516,0,0,0,Normal
65.6342377566034,48.40460270847594,447.2031705459836,High,HTTPS,1907.3788819254476,1,0,0,Normal
51.68268811306916,42.61358186700844,470.8880858833486,Medium,HTTPS,1415.525563142735,1,0,0,Normal
30.94664873337024,27.20318386240143,254.92002231257732,Low,HTTP,1219.3147665198155,0,0,0,Normal
43.442221406512544,39.0051097482303,511.83423839841186,Medium,SSH,1772.405762030049,2,1,0,Attack
39.18521004925424,29.909298435819426,229.38398877893337,Low,HTTP,883.461715495621,1,0,0,Normal
41.24703979032347,31.865095999555926,300.5331051488562,Medium,HTTP,1079.1030643047272,1,0,0,Normal
77.3569976107683,66.87090896402384,966.6608073434794,High,FTP,4789.331150502646,4,0,0,Attack
83.71046600339469,69.43750731545325,465.27934768065813,Critical,DNS,2267.1059056514846,1,0,0,Normal
99.35853060946101,78.20763307032709,1132.4909716837133,Critical,SSH,4082.200708970077,1,0,0,Attack
48.984086584387114,35.96184544795176,324.0897510878516,Medium,HTTP,1168.95188367378,0,0,0,Normal
51.7627846376854,40.96749835447111,451.1211046423754,Medium,HTTPS,1878.7118267763065,0,0,0,Normal
79.33365188431992,71.11685812110929,452.77401348434717,High,DNS,2056.9991863127743,0,0,0,Normal
68.84883801496471,49.73143805519618,564.5982586385038,High,HTTPS,2079.2445624410702,0,0,0,Normal
56.13764995498059,49.14315103020484,501.1767104000996,Medium,HTTPS,2094.3291137254073,1,0,0,Normal
50.246091877197614,38.42062443406768,466.4267224175743,Medium,FTP,2153.549777209659,1,0,0,Attack
57.43408690948854,48.73894058573543,476.88500725650454,Medium,HTTPS,2366.7914718890624,0,0,0,Normal
88.92821557543357,64.76539689857312,497.56503543905546,Critical,DNS,2317.0759192547007,1,0,0,Normal
36.698376424537855,30.387061339278457,207.35565869355653,Low,HTTP,889.2294342547949,0,0,0,Normal
82.62134807717302,70.8152190071387,791.4806805691019,Critical,DNS,2947.7060439936727,1,0,0,Normal
59.39470314209757,42.29481775869882,614.7461249555008,Medium,FTP,1948.9253014097867,0,0,0,Attack
74.581955812464,62.06164525914521,608.7991295521151,High,DNS,2087.5068138142606,0,0,0,Normal
38.486550571687985,27.8567673143151,193.01740227858218,Low,HTTP,626.6451572420696,0,0,0,Normal
68.40658606597572,49.66391455868958,646.9769564657317,High,HTTPS,2537.42658169186,0,0,0,Normal
87.13167597190477,76.95335334479367,736.4808628286115,Critical,SSH,3620.5393353251684,2,0,1,Attack
33.62924059496436,26.207779272341647,239.73052082507598,Low,HTTP,837.9134852369631,0,0,0,Normal
69.63804414783226,57.55673668548547,451.0159468207163,High,HTTPS,1634.4430486887375,1,0,0,Normal
37.14157465808967,26.02167097598224,367.1918703673643,Low,HTTP,1554.9648995013422,0,0,0,Normal
37.80321493075462,33.2030426616497,365.9889321246168,Low,HTTP,1338.0897407598475,1,0,0,Normal
94.95537639930262,70.86378364321394,818.3069123197823,Critical,FTP,3410.840064769196,0,0,0,Attack
53.794568137818715,42.23655383424612,350.5895620418479,Medium,HTTPS,1178.2468248792545,1,0,0,Normal
77.95384788507363,59.17187854957197,816.7201492578838,High,FTP,3158.238103199135,1,1,1,Attack
30.182292071840493,27.026765222619755,267.34745851851034,Low,HTTP,847.9143877731668,0,0,0,Normal
93.49380116851535,82.95302380696648,827.0389529265832,Critical,FTP,2769.0150886130273,3,0,1,Attack
53.88553338534621,40.977905735707914,628.2315261058136,Medium,SSH,2393.1638906145995,1,0,0,Attack
55.543598338990705,42.25133231938981,502.27013590748203,Medium,HTTPS,1724.709717952515,0,0,0,Normal
57.71888811752433,47.12481633253011,771.8532671653031,Medium,FTP,3098.0312330415222,4,0,1,Attack
98.63531594906817,84.26517087565836,1101.7315230940633,Critical,SSH,4279.531128037904,3,0,0,Attack
86.17708159319591,66.20724442533152,708.4674269686013,Critical,DNS,3316.290591890197,1,0,0,Normal
48.13862920869724,39.37173613055979,327.8593394902884,Medium,HTTP,1004.4545902276654,0,0,0,Normal
48.2063113458571,41.53997379444027,261.55454325137106,Medium,HTTP,1159.2879476026458,0,0,0,Normal
64.9361961195973,58.20246482907406,394.3076111961757,High,HTTPS,1423.475510781563,1,0,0,Normal
86.29310373731641,74.70247526864786,684.659471124226,Critical,FTP,2557.1003742992616,3,0,0,Attack
50.48092323850142,41.840740550304375,368.7598200506723,Medium,HTTPS,1574.5427619711231,1,0,0,Normal
65.36471090526902,50.48961859713909,639.9203896642838,High,HTTPS,2226.151456107923,1,0,0,Normal
78.51370474963915,56.296626306022645,489.77452362405006,High,DNS,1811.98241555986,0,0,0,Normal
88.89070336925215,66.03594860750295,583.1039246662183,Critical,DNS,2915.514789759859,0,0,0,Normal
89.70490815598168,65.00531981635669,925.4318456316621,Critical,FTP,4006.8840251297474,2,0,1,Attack
78.65278524695896,62.30852929884966,722.2728710410044,High,SSH,3406.4457987524943,1,0,0,Attack
51.728793248908005,46.121387942401384,409.7136704302571,Medium,HTTPS,1600.3648860556789,0,0,0,Normal
35.10878827666602,26.31484690670184,207.20841942190316,Low,HTTP,658.1663496580868,0,0,0,Normal
42.866777192175505,32.68126270265988,307.2451699467771,Medium,HTTP,1451.3665730432895,1,0,0,Normal
37.39720095356461,30.79565115857089,203.02772130922529,Low,HTTP,889.2345101724848,1,0,0,Normal
57.65920979101793,44.144429892466,338.47501686729765,Medium,HTTPS,1453.4302413816565,1,0,0,Normal
87.4799761158647,71.45510751267723,614.4082025395686,Critical,DNS,2623.1813639609154,1,0,0,Normal
54.856922141552786,40.37885519059415,533.7809088222846,Medium,FTP,1710.812402028725,1,0,0,Attack
48.71742297873425,38.32588502832155,367.0561514353647,Medium,HTTP,1266.4690473701112,1,0,0,Normal
67.0424286310299,48.08002745545606,483.4376587043814,High,HTTPS,1974.4993098725504,1,0,0,Normal
49.68280376611801,36.50745690094867,457.1980363088684,Medium,HTTP,1601.1553498622652,0,0,0,Normal
75.04501722098212,58.605401490674524,587.1713882099522,High,FTP,1846.1887857746667,3,0,0,Attack
40.82275279535679,30.346936029333623,350.2897367638639,Medium,HTTP,1198.1435138795755,0,0,0,Normal
56.00931259265053,44.88450048165721,365.46965466462314,Medium,HTTPS,1676.1907710270125,1,0,0,Normal
35.14746006621863,27.7115523947259,240.30757130488126,Low,HTTP,1086.1774461878358,0,0,0,Normal
50.44321656729153,43.78943281161376,612.3522057262181,Medium,SSH,2700.371689581753,2,0,0,Attack
54.28098357856925,38.34232479233726,336.3784927786668,Medium,HTTPS,1429.2294841434204,1,0,0,Normal
43.01486757736711,36.27142260261008,290.31010515067857,Medium,HTTP,1089.8825798266034,1,0,0,Normal
60.41270140965935,45.97444932951615,604.1257621366801,High,HTTPS,2652.1263491859036,0,0,0,Normal
66.5310523934022,51.46077056075437,753.8286189568544,High,SSH,3069.0254177929655,4,1,0,Attack
80.428076111275,66.51267390298361,747.2344358395112,Critical,DNS,2827.0714052586136,0,0,0,Normal
31.910261741140857,23.865028621867324,231.83258623708912,Low,HTTP,1008.9778367458989,0,0,0,Normal
72.96897081483621,56.18337631009564,397.0149492709836,High,DNS,1443.2321734235948,0,0,0,Normal
48.301904682739405,43.47167417517108,449.66730451306074,Medium,HTTP,2141.0952486422807,0,0,0,Normal
52.04549774651241,43.35257313001575,439.76721076711283,Medium,HTTPS,1678.606243336863,1,0,0,Normal
68.09498294212972,59.353538126645766,560.7714987152948,High,HTTPS,2308.920621148014,1,0,0,Normal
44.36383144202409,35.07429731540134,362.61264730112083,Medium,HTTP,1628.7809381922864,1,0,0,Normal
50.988771046249894,36.59132391995967,281.08624872770685,Medium,HTTPS,1240.3550920274167,1,0,0,Normal
99.99975131853716,87.23784291769161,812.5838347514917,Critical,SSH,2516.8945165075656,0,0,1,Attack
69.89235384680796,58.568866174920245,538.9206170354294,High,HTTPS,2603.721812935648,1,0,0,Normal
81.48859532171628,67.58708680765797,509.73247469557344,Critical,DNS,1951.9622492407284,0,0,0,Normal
57.18170529006784,47.2860905074542,306.5236284847362,Medium,HTTPS,995.6307326721366,0,0,0,Normal
35.29048358570435,25.427088221662633,213.54586406673548,Low,HTTP,738.986627109573,1,0,0,Normal
81.71417958772508,60.8798537809332,732.6497516609505,Critical,DNS,2473.244919691944,0,0,0,Normal
81.39602381954319,65.80290133856687,916.2741909290028,Critical,FTP,3806.138960874502,0,0,0,Attack
78.8216413873306,59.13281990855364,871.9218181431851,High,SSH,3509.5058299605707,2,0,0,Attack
78.08331756241387,55.78434366753144,834.2069487129883,High,SSH,3882.5502749388484,1,1,1,Attack
36.15250604241737,26.826734574976044,248.92819961493183,Low,HTTP,1112.2053211149705,0,0,0,Normal
43.51024297652657,37.359643921110866,368.7518756170025,Medium,HTTP,1224.675642537547,0,0,0,Normal
72.52868230192689,61.79405171772755,756.8844458359351,High,SSH,3660.7272410092796,1,0,1,Attack
45.06313824895187,37.89735204933663,313.56953183948235,Medium,HTTP,1119.3822117077168,0,0,0,Normal
44.32623027169029,36.56414425507405,571.4740870527899,Medium,FTP,1765.894856997105,2,0,0,Attack
42.61307039269013,33.04303266677871,280.73582808861795,Medium,HTTP,1310.8534378321153,0,0,0,Normal
87.59206130795064,73.48994609718875,1023.6959786334894,Critical,FTP,3383.0199155131745,4,1,0,Attack
85.59840503025043,69.08862007342243,802.8339692050506,Critical,SSH,2529.813204271389,3,0,0,Attack
72.29502552600025,56.26996156651956,563.4312983053954,High,DNS,2187.919475634079,0,0,0,Normal
67.46618896504515,56.3489955407521,588.9449100204315,High,HTTPS,2131.0855001891805,1,0,0,Normal
52.62603958559339,40.18107920831376,448.99492904062527,Medium,HTTPS,1632.456352546559,1,0,0,Normal
71.7007078032475,62.820644953490586,375.9620760727958,High,DNS,1372.0789972500434,1,0,0,Normal
62.13752598196152,48.57311317650114,595.1787420177707,High,HTTPS,2203.900939160501,1,0,0,Normal
53.50138335430529,43.429213423360345,378.44012243391256,Medium,HTTPS,1406.715162623356,0,0,0,Normal
70.56548949258286,59.922752724977826,396.6022159546312,High,DNS,1570.6940053103704,1,0,0,Normal
49.05625917162979,41.269660416718736,301.7637260714285,Medium,HTTP,982.8856978870718,1,0,0,Normal
82.84529209617631,58.79859056166514,492.0499692718535,Critical,DNS,2429.8566655109194,1,0,0,Normal
54.511009614070645,48.14065825691009,429.80978788168574,Medium,HTTPS,1846.1543196470436,0,0,0,Normal
63.52200279994577,49.73382603343116,480.3888820575492,High,HTTPS,1879.4788553936196,0,0,0,Normal
84.75378895207541,61.43070718287218,974.2642497854068,Critical,FTP,4583.06750994574,3,0,1,Attack
72.3816192689992,54.000685477889185,627.5443685037724,High,DNS,2695.849795182682,1,0,0,Normal
32.92190204389044,24.282383226088506,191.04064463703986,Low,HTTP,829.542826135535,0,0,0,Normal
84.94092806795379,69.26023918863629,814.7052807811654,Critical,DNS,3476.4921052418854,1,0,0,Normal
64.88157098916417,52.067613352502654,616.8325306203783,High,FTP,1920.4226661705127,1,0,0,Attack
37.444109375246626,32.40481063884176,195.65201188960404,Low,HTTP,881.5897587986117,0,0,0,Normal
43.81656844620011,37.10376675210159,401.94565708152294,Medium,HTTP,1918.5252624255616,0,0,0,Normal
41.27260320849018,30.216239862110058,237.80361239943682,Medium,HTTP,1153.4306189840686,0,0,0,Normal
64.61790363260661,57.100085381680294,347.4995517987585,High,HTTPS,1281.0484005470096,0,0,0,Normal
60.7507057490875,45.987102114459816,437.89191135897033,High,HTTPS,1462.304137870081,0,0,0,Normal
89.62543518471648,63.54505974491407,786.7060702888778,Critical,SSH,3470.063575860024,1,1,0,Attack
74.03929199288541,64.18724302675001,487.8821576253454,High,DNS,2071.4867313081118,1,0,0,Normal
39.63412176453858,28.95158266881613,262.5279373790612,Low,HTTP,872.5731843157907,1,0,0,Normal
85.09720451314934,60.85389460760962,575.02793762,Critical,DNS,2574.5668168876377,1,0,0,Normal
47.09416235127719,37.1252956253762,319.9036572351309,Medium,HTTP,1187.8769647117297,0,0,0,Normal
32.70209605325363,24.9140271523943,242.02627296489928,Low,HTTP,788.880281237352,0,0,0,Normal
80.08045714261243,61.14784597970394,451.88134093329876,Critical,DNS,1594.5352370542091,1,0,0,Normal
39.141346243122825,29.941229034462264,385.36920834472005,Low,HTTP,1454.8547099848192,0,0,0,Normal
34.533115238373284,26.600592103032547,284.4908975534818,Low,HTTP,1131.309041531908,1,0,0,Normal
56.49616282666102,43.59888347086846,411.35014721923926,Medium,HTTPS,1572.8359096875229,0,0,0,Normal
48.554406223593105,38.6511343181429,449.629809144303,Medium,HTTP,1624.4450722514284,1,0,0,Normal
49.074039390688995,35.61370108110944,404.35428582850267,Medium,HTTP,1867.5093305849311,1,0,0,Normal
49.4854309441871,44.231223842864615,413.47949372615483,Medium,HTTP,1796.7291232360787,0,0,0,Normal
51.08768426551251,42.37867565449349,417.281341111979,Medium,HTTPS,2074.2494712450425,0,0,0,Normal
51.51421949471114,40.760168866998086,272.17042325220115,Medium,HTTPS,844.89168768818,1,0,0,Normal
58.811288146462175,51.19012076360841,515.4672586086527,Medium,HTTPS,1756.2809953717153,0,0,0,Normal
37.71410010238469,31.28713178231459,355.7473133587031,Low,HTTP,1510.0058407232168,1,0,0,Normal
88.146945468161,73.53422810411207,848.4913559999201,Critical,DNS,3361.2800672036424,0,0,0,Normal
78.85846518845938,65.19369350880392,729.6282326816752,High,FTP,3418.58916730854,3,0,1,Attack
57.37233680411009,40.81101730327592,335.54469585454115,Medium,HTTPS,1334.816536499597,1,0,0,Normal
91.12395618401933,77.50918915854844,977.0314765524107,Critical,FTP,4703.859334820494,1,1,0,Attack
78.87613675557077,69.19879305394828,840.055231413428,High,SSH,4000.1284953370687,3,0,0,Attack
70.26696403452661,62.18871860158188,408.2044358201323,High,DNS,1500.9144825648923,0,0,0,Normal
68.01532728160964,52.279811087416014,591.2725382030253,High,HTTPS,1890.97071661944,0,0,0,Normal
33.40084565120378,24.514276832339682,226.56073021292588,Low,HTTP,953.4336782151317,1,0,0,Normal
75.17720829204336,63.230623921497134,424.65387312722913,High,DNS,1410.1251562890247,0,0,0,Normal
93.19288405968109,76.84568872291779,789.1326019437104,Critical,SSH,3365.8868827511055,3,0,1,Attack
85.51048329492914,62.62560836657427,593.2766561382797,Critical,DNS,1945.5710493158897,1,0,0,Normal
60.59424916515127,51.36750206149005,650.9134567666918,High,SSH,2809.5848729581107,2,1,0,Attack
50.182540481182514,38.70696504554798,554.2377867578386,Medium,FTP,2715.7557295441497,3,0,0,Attack
72.32630483907997,52.50515083990252,472.44447054565626,High,DNS,1659.4271231455455,1,0,0,Normal
67.37625463025324,50.72528572053584,609.5020524949987,High,HTTPS,2746.4776184313473,1,0,0,Normal
39.71203747232721,30.876994828070448,332.1305043791468,Low,HTTP,1321.9400015170309,1,0,0,Normal
74.31869906409702,59.281119805038955,737.7739170771634,High,DNS,2311.073577614813,1,0,0,Normal
51.39700386469485,40.21092854163061,270.38350355883927,Medium,HTTPS,1103.3172755367796,1,0,0,Normal
37.784460121620214,28.76474286053322,227.38339037104998,Low,HTTP,805.2193281026222,1,0,0,Normal
45.85977507464122,39.52423650393828,371.99182154855345,Medium,HTTP,1704.5565971631431,1,0,0,Normal
63.2566908680019,52.790167370722685,668.3332882451714,High,FTP,3149.023898129442,2,0,1,Attack
59.298267669801135,53.19567906003037,546.3423635249741,Medium,HTTPS,2234.009846254991,1,0,0,Normal
54.70781670944007,38.865934380901734,407.307740044065,Medium,HTTPS,1825.5507984242322,0,0,0,Normal
48.38550108652271,35.839929564946296,461.40896612106314,Medium,HTTP,2218.8405367848945,0,0,0,Normal
78.5549303694279,64.76541543495566,738.7589706219056,High,DNS,3133.870343231804,0,0,0,Normal
70.36166125515592,56.01828369687154,470.8724808727845,High,DNS,2173.4806575438442,1,0,0,Normal
89.12596851689159,77.4093348885294,489.77777355874684,Critical,DNS,2137.5942891136606,1,0,0,Normal
33.12823314074194,26.429899256507777,265.7126023393886,Low,HTTP,1122.9010266653472,0,0,0,Normal
42.21489140429185,37.21006236240223,244.91454001326886,Medium,HTTP,1064.5193427589195,1,0,0,Normal
67.33806699481647,58.99989475477877,549.6973891422288,High,HTTPS,2527.8387932652554,1,0,0,Normal
58.84434803378099,45.17403868280761,335.31945464632776,Medium,HTTPS,1350.3738832116007,0,0,0,Normal
80.56154960220738,57.98930893776602,667.9302469571838,Critical,DNS,3231.6119440870334,0,0,0,Normal
69.34176456881687,56.917744211646,876.0792564178317,High,SSH,3241.5212420727994,2,0,0,Attack
84.43319732396048,61.81055425116362,530.3307942800831,Critical,DNS,1970.666824136588,1,0,0,Normal
82.852339194651,68.4799396695385,726.2216087495966,Critical,DNS,2769.941617037877,1,0,0,Normal
50.306088140569045,36.6196406793603,374.8033013293212,Medium,HTTPS,1583.8887931604338,1,0,0,Normal
35.94411685513478,29.89246609909521,191.6266810791663,Low,HTTP,798.2065602561172,0,0,0,Normal
66.24875599391089,58.96128016953819,510.2088837942572,High,HTTPS,1535.10336080984,1,0,0,Normal
39.61937795866106,29.76377189820013,251.70594450331555,Low,HTTP,1049.8044918069372,0,0,0,Normal
67.95898462922196,57.80659659490097,608.6138448316289,High,HTTPS,2795.998331191424,0,0,0,Normal
38.38096759005566,30.628712361534546,356.15204110556095,Low,HTTP,1129.0222688704566,1,0,0,Normal
69.49117169497185,49.56454790447986,536.6506362866533,High,HTTPS,1940.5017826475982,1,0,0,Normal
86.9994898090954,70.30049726297581,757.3292278402134,Critical,DNS,3120.7804278314634,1,0,0,Normal
45.37283595862391,34.21674795236274,432.0443479598256,Medium,HTTP,1933.7503478116432,1,0,0,Normal
75.1830206570412,64.5238887434048,609.372322244884,High,DNS,2606.5319483487087,1,0,0,Normal
59.40547321795748,51.752603371482216,537.0044361715109,Medium,HTTPS,2225.370380352221,0,0,0,Normal
33.97486916197522,27.48237067650263,285.7640420885953,Low,HTTP,1009.0525558864197,1,0,0,Normal
72.41692940006033,61.42399520277262,784.0422420732136,High,FTP,3737.5000140797492,0,0,0,Attack
46.237222532654414,40.72961594658206,386.8313581068916,Medium,HTTP,1437.8628033461655,0,0,0,Normal
77.46726393612335,63.849093469962234,696.9343737255884,High,DNS,2488.447126016352,0,0,0,Normal
81.3527032177808,70.09233647089582,615.6623223968752,Critical,DNS,2673.839193227466,0,0,0,Normal
62.67087427604565,52.42053067462178,601.3658389351374,High,HTTPS,2661.446853570989,0,0,0,Normal
74.4598164198942,61.250632914244584,502.60970886341926,High,DNS,2227.039837414352,0,0,0,Normal
84.26511184457922,70.33181692491314,572.1432639716586,Critical,DNS,2588.8765218570793,1,0,0,Normal
77.26222494165995,66.43470207314836,743.5749676672918,High,SSH,3686.178375694697,0,0,1,Attack
78.47574953935691,62.993477375235706,632.891238498182,High,DNS,2299.236371769858,1,0,0,Normal
70.93250068792258,62.69190071294878,561.3287702773464,High,DNS,2470.5066333717605,0,0,0,Normal
66.77995135862147,51.42077592786055,335.3646197506233,High,HTTPS,1033.7283808119962,0,0,0,Normal
70.39479110157117,54.316057908579374,558.0120547685934,High,DNS,1840.9263645633137,1,0,0,Normal
77.95802071444086,60.91781867978998,700.4612470870527,High,DNS,2350.482754259143,1,0,0,Normal
60.813796918155276,50.024943256473584,329.9235133503837,High,HTTPS,1202.8525796303468,1,0,0,Normal
95.14742933752132,77.69191943363245,822.2522564821298,Critical,SSH,2924.1937456068217,4,0,0,Attack
51.000958588847425,35.74542061953172,397.9057995730342,Medium,HTTPS,1359.5748969111783,1,0,0,Normal
51.47760107793147,42.06110024469687,447.3164778207927,Medium,HTTPS,1804.1074373182819,1,0,0,Normal
54.42546945720096,46.7734838907338,445.935704099749,Medium,HTTPS,1477.5436657901816,0,0,0,Normal
66.77760208163818,47.87992128548232,524.8794125076827,High,HTTPS,2134.2965400274816,0,0,0,Normal
64.96274878230906,49.47530362225471,411.063002149956,High,HTTPS,1428.8836132689955,0,0,0,Normal
40.26322803674702,32.696846036468635,579.1751814824336,Medium,FTP,2198.835673545994,2,1,0,Attack
75.12272928775928,63.672631653710305,710.2763069676907,High,FTP,2927.2891229758798,0,0,1,Attack
77.82129777042428,64.41583648308877,500.111103037753,High,DNS,2313.5493970550406,1,0,0,Normal
35.1017098230659,28.58698933721762,293.3650665968051,Low,HTTP,1345.527935769807,0,0,0,Normal
48.478495212912094,36.509489340659705,415.17833712951824,Medium,HTTP,2009.7789881617107,0,0,0,Normal
63.62313428988273,55.778163632267216,545.7199080496157,High,HTTPS,2719.0474096455987,1,0,0,Normal
74.27443434520683,57.31778538098556,654.5201673563082,High,DNS,3226.07686270061,1,0,0,Normal
68.32213672323178,51.72369460275128,675.9404266801936,High,HTTPS,2416.2472485057588,1,0,0,Normal
64.32134059548844,53.663479662308795,423.38061560600164,High,HTTPS,1271.3106563469194,1,0,0,Normal
45.932070582930464,38.70084768758721,390.55762418739505,Medium,HTTP,1480.5501998279067,1,0,0,Normal
83.00887682518805,69.98439126870284,432.1445078510762,Critical,DNS,1707.9112422322607,1,0,0,Normal
51.51082557393238,43.91233284837763,296.06876174719287,Medium,HTTPS,970.9301786963582,1,0,0,Normal
47.11684857989894,42.204318145370145,277.47364265443105,Medium,HTTP,1365.5091605342207,1,0,0,Normal
80.29086380425724,61.285286905317655,731.0945259684114,Critical,SSH,2475.0516709721896,1,0,0,Attack
72.77010504705686,61.13544498644311,465.0595415231166,High,DNS,1701.400038009059,0,0,0,Normal
72.92858045562753,51.6509481924288,440.63923051744086,High,DNS,2064.185664725965,1,0,0,Normal
85.74623795546358,62.586864360839385,850.2092267854167,Critical,SSH,3777.717635529408,3,0,0,Attack
88.72118626823067,65.2599456811961,513.1091841462743,Critical,DNS,2366.026630914108,1,0,0,Normal
48.98727452251478,37.45494922544126,375.51938963645085,Medium,HTTP,1693.8963846333688,0,0,0,Normal
72.03527580553782,54.43217355196244,445.91089479620854,High,DNS,2139.7914402489187,0,0,0,Normal
32.47204266037443,24.083949153163392,227.01976135697956,Low,HTTP,1129.1102700629062,0,0,0,Normal
48.97239757625357,39.340403717057974,582.1485807428928,Medium,FTP,2369.5228822336153,3,0,0,Attack
40.66864215688838,29.74242512897806,368.66844489663265,Medium,HTTP,1649.7791783096447,0,0,0,Normal
49.375585336310905,39.82763447332647,442.7176532742214,Medium,HTTP,1649.701361826417,0,0,0,Normal
56.68965840668534,42.38158329257912,744.3285337759136,Medium,FTP,2653.119805646445,2,0,1,Attack
52.504781159514096,40.93532631447609,722.7502386117641,Medium,SSH,3478.8137499887284,0,1,0,Attack
60.99537084621261,49.53640564461256,599.1146725017522,High,HTTPS,2529.607923174222,0,0,0,Normal
39.40067495423136,33.987301381361824,253.60690343730016,Low,HTTP,1208.3295350256194,0,0,0,Normal
71.98782172636129,61.81256539208621,560.4359432110132,High,SSH,1899.1342073638482,3,0,0,Attack
44.282088570043925,39.14873494418783,308.96303634853757,Medium,HTTP,982.1909931838313,1,0,0,Normal
53.894849633470585,48.41102861331009,397.76773201843275,Medium,HTTPS,1323.9209283775765,1,0,0,Normal
63.64015641207516,56.8237799216396,362.65465729707944,High,HTTPS,1560.268388816647,0,0,0,Normal
78.7821255918243,59.674665491307444,772.3053440135672,High,DNS,2851.2233051574926,0,0,0,Normal
77.59592626811354,54.33856997730452,462.7444373872591,High,DNS,1749.7145603261656,1,0,0,Normal
95.22282174380962,74.18678984402068,832.8642904839859,Critical,FTP,3187.4183799085563,3,1,0,Attack
89.47488828271162,71.1520077791503,824.1812448928827,Critical,DNS,2794.6335114629333,1,0,0,Normal
87.86756880530447,63.96238574441074,756.3816012265614,Critical,DNS,2947.0040312430697,0,0,0,Normal
47.23935807654925,42.14327606804328,426.47176009813114,Medium,HTTP,1393.6713716198162,1,0,0,Normal
30.082819771560025,22.217383254337257,264.037614474844,Low,HTTP,1124.7657335880092,1,0,0,Normal
53.72587102159741,41.145723868486826,510.22081302014857,Medium,HTTPS,2341.0693809162403,0,0,0,Normal
58.565286232042126,50.86117154590631,581.790639433544,Medium,HTTPS,2651.532945938262,0,0,0,Normal
48.382231171563035,40.850472380117345,571.3706410418441,Medium,SSH,2178.863761343908,2,0,0,Attack
87.63663468766026,75.46527561431266,761.3360655943552,Critical,DNS,2883.7117578963525,1,0,0,Normal
41.562174919599784,35.37277481024169,283.2779969860455,Medium,HTTP,1240.3929577320473,0,0,0,Normal
49.753690835165116,43.77676689374909,318.9767908256066,Medium,HTTP,1351.6995886742552,1,0,0,Normal
80.53576180464006,72.26974096115737,767.7675586003683,Critical,DNS,3635.8226103260713,0,0,0,Normal
73.29839937679935,59.15405149432658,590.4631941792096,High,DNS,2319.3948253648828,0,0,0,Normal
78.33468805576558,66.38839075862185,737.242347424314,High,DNS,3286.95068225706,0,0,0,Normal
75.32428135920782,58.19784324004651,449.81271243234966,High,DNS,2095.0047922455674,0,0,0,Normal
83.96092124370625,63.511796097491946,457.37542046246887,Critical,DNS,1419.1787814270176,0,0,0,Normal
89.20863232087868,78.62224425018533,519.2782955743926,Critical,DNS,1894.0640643276004,1,0,0,Normal
62.10918108963597,51.06767992512952,512.7661166739863,High,HTTPS,2010.5238410770703,0,0,0,Normal
74.24901434991625,65.07611788121658,499.66509595511206,High,DNS,2352.8809721481935,0,0,0,Normal
51.78917418081255,38.26532783564407,360.0860133441547,Medium,HTTPS,1395.0270243455334,0,0,0,Normal
46.93341791644343,33.69346275524878,331.7085158664246,Medium,HTTP,1622.5456753876815,0,0,0,Normal
84.39900109908194,61.850768952029526,504.4527646147434,Critical,DNS,1940.819220905616,1,0,0,Normal
76.66729956443305,63.651899215774435,755.1070577413992,High,FTP,2440.4328938914773,2,1,0,Attack
82.93730004763347,63.793996346265494,470.2358508349452,Critical,DNS,1691.6594508158778,1,0,0,Normal
41.66019312480785,32.416497075441995,339.51696372434304,Medium,HTTP,1355.4485387063241,1,0,0,Normal
35.36975731386519,27.684107544140744,317.29727537773516,Low,HTTP,1001.8588107557405,1,0,0,Normal
39.85130681612645,29.453302614861254,354.4313456432741,Low,HTTP,1702.77581200192,0,0,0,Normal
79.07059298056993,62.43561747337814,756.1426555042505,High,FTP,2306.751069120489,2,0,0,Attack
50.75502690451685,36.888297259731566,353.72432829707503,Medium,HTTPS,1183.8949905929628,1,0,0,Normal
53.435046580270864,44.136650193413395,451.3541737646509,Medium,HTTPS,1473.3790850623063,0,0,0,Normal
54.81168359576259,47.074167717645906,443.64728771723145,Medium,HTTPS,1489.5349069544197,1,0,0,Normal
41.72399076465808,35.70546363852283,389.6579803035872,Medium,HTTP,1607.9495078973575,1,0,0,Normal
56.88560482423782,44.44698810714263,416.4159701624975,Medium,HTTPS,1612.4598902353996,1,0,0,Normal
48.03730295992864,37.41000501400544,615.3353105926604,Medium,FTP,3060.0236357469707,4,0,0,Attack
67.79607964097522,56.80438722293034,619.9111885065579,High,HTTPS,2831.820775728924,0,0,0,Normal
77.65036555792904,63.96535130514347,408.222541223498,High,DNS,1944.9415192893496,1,0,0,Normal
76.72613993170671,67.02471251189972,507.82983887666694,High,DNS,1750.6708855374745,1,0,0,Normal
54.40194533119211,43.13037267026167,397.26169101649305,Medium,HTTPS,1563.0279879119362,0,0,0,Normal
53.63096620065335,45.36343032618476,497.2818735149058,Medium,HTTPS,2266.783498023837,0,0,0,Normal
81.361380438575,70.43865281140633,784.6119135922105,Critical,FTP,2607.290078936456,4,0,0,Attack
67.12833292751384,47.68041612149907,653.0714652683422,High,HTTPS,2947.8864120022736,1,0,0,Normal
82.06731853664678,62.76092623971076,584.1911858378008,Critical,DNS,2591.0860350453313,1,0,0,Normal
57.842814669711515,45.81693136727894,322.74890361272065,Medium,HTTPS,1606.2263793752084,0,0,0,Normal
73.75319637052598,64.23103929798052,478.9293205794316,High,DNS,2234.137873493466,0,0,0,Normal
79.72513899730984,62.776765801314696,596.4008774312317,High,DNS,2124.5932947111264,0,0,0,Normal
33.08625155186746,29.418575434156196,178.45705683483652,Low,HTTP,856.3351869712875,0,0,0,Normal
49.42479671131878,38.7854940119695,470.0603654683576,Medium,HTTP,1911.613252587621,0,0,0,Normal
57.62812181028039,41.67609968228677,295.4424336778469,Medium,HTTPS,1052.3409589693877,1,0,0,Normal
91.26748043010593,69.34019609462773,735.4988236143083,Critical,SSH,2598.1801980382497,4,0,0,Attack
56.22448298308882,44.93621014482603,318.2801089123786,Medium,HTTPS,1583.7088949516128,0,0,0,Normal
96.74440942369984,69.2445873616801,770.1814416994304,Critical,SSH,3628.6524516297836,0,1,0,Attack
55.42126579806791,48.79425261155997,433.1956612161739,Medium,HTTPS,1832.348855685385,0,0,0,Normal
46.957095111429226,33.10795626963034,537.1793599222046,Medium,SSH,1995.1239108241111,4,1,0,Attack
57.92410539172124,42.55650721569683,775.3220307630344,Medium,SSH,3018.4176432015297,0,0,0,Attack
59.76855505283311,43.417984696279184,533.1515319729981,Medium,HTTPS,1624.3977685479515,1,0,0,Normal
34.72430636818899,25.548323396913606,326.79173249618526,Low,HTTP,1065.9794247877883,0,0,0,Normal
94.12741702442872,76.4932699408813,775.908545236797,Critical,SSH,2824.4674482188125,0,1,1,Attack
41.520471130497754,32.685884582700204,504.60504353756687,Medium,FTP,2350.243771843188,4,0,0,Attack
40.40827524862834,36.25809016683902,359.466695370652,Medium,HTTP,1656.5842372147927,0,0,0,Normal
37.930572311306605,32.49932104641455,220.28478268417388,Low,HTTP,729.4090605252075,0,0,0,Normal
50.724265527605894,44.45685037814632,645.597491566339,Medium,SSH,1953.1682847545915,4,0,0,Attack
63.79699037432147,47.511897988780596,547.9107460066866,High,HTTPS,1887.5777585390647,0,0,0,Normal
56.16700648677124,44.56573765975858,558.3991680516986,Medium,HTTPS,2656.009695780169,1,0,0,Normal
89.18810523646243,76.33027818931335,817.1546322317548,Critical,DNS,2483.573061672734,0,0,0,Normal
87.04321658806293,63.74202141394351,757.5896540362951,Critical,FTP,3242.306266393316,2,0,1,Attack
82.93244416097878,70.6076901358411,787.5576787574199,Critical,DNS,2686.280017054762,1,0,0,Normal
43.42071801511338,36.626848240178916,332.9001231209506,Medium,HTTP,1061.8058947869326,1,0,0,Normal
58.035140809515724,52.09643920894053,371.70280473071324,Medium,HTTPS,1771.451686551434,0,0,0,Normal
76.75041975700879,66.50315849402493,485.93407892236087,High,DNS,1841.1875064952978,0,0,0,Normal
39.69094403624695,30.015711869567543,394.5114831411458,Low,HTTP,1400.0452754728642,1,0,0,Normal
85.41640856063168,75.15405783467588,992.5415831371657,Critical,FTP,4826.3467263033435,1,0,0,Attack
83.0601743672014,67.00248242466016,870.6779332275346,Critical,FTP,3171.890753050963,1,0,0,Attack
89.30117760857684,67.52879515985636,605.9250177743389,Critical,DNS,2878.3662077901613,0,0,0,Normal
79.94577764358837,60.21948965913821,578.2307736336109,High,DNS,1891.4605291879768,0,0,0,Normal
46.87073284643702,42.07039038664323,239.83571159828747,Medium,HTTP,965.1433045555743,0,0,0,Normal
83.95651292688854,73.13809040683482,474.7643137208292,Critical,DNS,2344.142589986181,0,0,0,Normal
62.002197569854616,51.026824008126816,409.2465362570927,High,HTTPS,1987.2449292638826,1,0,0,Normal
46.85746247103452,36.146193441926115,428.4635506235785,Medium,HTTP,1305.8427567849358,0,0,0,Normal
45.976248280203436,36.28958039979455,414.757465159193,Medium,HTTP,1330.9324514951418,1,0,0,Normal
99.27501128142467,69.95696004533315,773.6133677783434,Critical,FTP,3195.5417801128797,4,0,0,Attack
81.34276373719331,59.07073651329192,411.872039039038,Critical,DNS,1517.4327505259685,1,0,0,Normal
66.89523601467954,51.109342722993276,408.90483366856796,High,HTTPS,1417.6512369330412,0,0,0,Normal
51.42222093825694,44.519254318382245,482.9152610291887,Medium,HTTPS,1816.0811372401133,0,0,0,Normal
56.79344285745174,48.89035044661399,289.5462991826351,Medium,HTTPS,1015.8411030514535,1,0,0,Normal
31.403531892892715,22.959780005252032,257.4905721231503,Low,HTTP,785.965585222062,1,0,0,Normal
37.85860400861566,26.59705250198132,228.18321459745724,Low,HTTP,777.2300231385702,1,0,0,Normal
49.20619957949384,36.63424224664773,269.35017730685894,Medium,HTTP,1340.6837699511632,1,0,0,Normal
89.72772182576591,78.56982336757498,1044.7358796830104,Critical,FTP,3834.6948477600704,2,0,1,Attack
78.25349540435127,55.0849350227123,545.615765936302,High,DNS,2533.278478520277,0,0,0,Normal
39.336284372984665,32.56952207324463,250.65153292163373,Low,HTTP,1231.8356553457836,0,0,0,Normal
30.76096067299659,22.796638511662856,297.04430333315605,Low,HTTP,1377.5301256026066,0,0,0,Normal
53.3513818973006,38.35731179838769,552.5209474479682,Medium,FTP,1871.418451240098,1,0,0,Attack
82.69414324418904,72.48781983975567,775.3334644087465,Critical,DNS,2887.631293047624,0,0,0,Normal
31.178815993116586,24.285072506453346,177.0268497118217,Low,HTTP,833.9701642670906,1,0,0,Normal
68.39297299477039,51.628538146859654,517.0825300311933,High,HTTPS,2365.5286523502723,1,0,0,Normal
42.3269821186841,37.51277097851782,416.654846340595,Medium,HTTP,1863.8552823156103,0,0,0,Normal
35.68688814222696,27.275533866713722,344.0093388137456,Low,HTTP,1506.778012563502,1,0,0,Normal
82.9732300111209,72.60462136194255,424.7676761176684,Critical,DNS,1667.8015988012817,0,0,0,Normal
53.668967851263005,39.02333459666615,296.3790288194257,Medium,HTTPS,1038.625203627566,0,0,0,Normal
46.464222358665666,37.283752218530175,363.6604051021423,Medium,HTTP,1363.0997421146417,0,0,0,Normal
85.87842388573335,76.7537290352987,576.294348810412,Critical,DNS,2151.279954957533,1,0,0,Normal
59.290380472593824,52.50674600221763,565.6655114181683,Medium,FTP,2023.6836547695195,1,0,0,Attack
82.51100994457374,58.15156166121216,569.4625524743834,Critical,DNS,2070.8442615358454,0,0,0,Normal
38.13351081102155,27.490224946395315,239.13421474824864,Low,HTTP,1100.39135978614,0,0,0,Normal
60.72555393737275,49.37394592741822,311.5836207892603,High,HTTPS,1506.1792769070375,0,0,0,Normal
88.12460765730066,67.71700594643055,530.1061985818591,Critical,DNS,1764.116074473599,0,0,0,Normal
85.67587650995847,63.97371977670185,851.934139250576,Critical,DNS,3828.446102045698,1,0,0,Normal
31.432007802141015,24.393319282096982,209.84732542845953,Low,HTTP,764.8574643552382,1,0,0,Normal
36.26824565901188,27.231610326993504,330.3104677682169,Low,HTTP,1011.7670823891664,1,0,0,Normal
63.9201097037585,45.079051999790956,625.5437181442082,High,HTTPS,2494.841795274223,1,0,0,Normal
60.52700402287883,44.827306999436566,750.4109065324969,High,FTP,3622.342396927198,0,0,1,Attack
44.008399036101764,39.50843015093357,262.62609545708017,Medium,HTTP,909.9975761853113,0,0,0,Normal
52.81986409187084,40.51543530102028,359.752575349438,Medium,HTTPS,1127.6849237718704,0,0,0,Normal
45.25167538860842,39.110894297744,419.820293748727,Medium,HTTP,1485.918105113186,1,0,0,Normal
41.572158787175795,37.05964519285451,571.526261494236,Medium,SSH,2242.6788927933653,0,1,0,Attack
52.18499522539787,45.07456420799784,653.1457422423344,Medium,FTP,2319.0154645849643,2,0,0,Attack
89.32424957238254,65.98430819539402,754.8010147567934,Critical,DNS,3669.426418220861,1,0,0,Normal
50.11476457351819,38.71051519675358,366.63778751687204,Medium,HTTPS,1725.463733207221,0,0,0,Normal
89.28914650256047,77.77960782523951,759.0352302202538,Critical,FTP,3714.587480721125,4,0,1,Attack
97.43604090355802,83.54906995009411,869.4529481043105,Critical,FTP,3654.649430906598,2,0,1,Attack
79.12370412210294,67.04451789517472,540.6034926188064,High,DNS,1731.6846741561667,0,0,0,Normal
41.611629018807434,34.870752064183925,268.1377459787191,Medium,HTTP,1037.9292046131923,0,0,0,Normal
51.73120053252205,41.00414322480296,340.971842353115,Medium,HTTPS,1061.177189134683,1,0,0,Normal
81.32943657270516,61.03271241733107,732.2828983703733,Critical,DNS,3317.875864235332,0,0,0,Normal
77.24281028451514,59.849864995635016,740.3624538934033,High,DNS,2235.7905103855333,1,0,0,Normal
84.20138745670556,65.11254063187945,690.0213578115539,Critical,FTP,2688.5360035425624,0,0,0,Attack
71.40149198501604,54.10467352125389,623.6614582723936,High,DNS,2821.8774199420404,0,0,0,Normal
57.791561781123164,44.132462112050135,382.1218910873319,Medium,HTTPS,1526.4862736741661,0,0,0,Normal
45.13144682652637,38.82010218802953,232.77435903826188,Medium,HTTP,1119.0908280939875,1,0,0,Normal
62.44829431445396,55.166503604284,666.5320468262896,High,SSH,2728.240414142079,3,0,1,Attack
51.988602320925565,38.0964891502385,497.419823083979,Medium,HTTPS,1764.2509766313299,1,0,0,Normal
47.32581077973009,40.197733077221365,291.6444779394065,Medium,HTTP,1110.8988177001515,0,0,0,Normal
49.094667552999454,37.53203024738401,261.99522902909746,Medium,HTTP,1258.7212708943466,0,0,0,Normal
88.04691573866876,62.188232825601304,758.969072982494,Critical,SSH,2359.87285196568,2,0,0,Attack
95.01846468294389,75.90338420836456,894.5890677960846,Critical,FTP,4416.249704534506,0,0,0,Attack
39.83562232584518,35.1634821947722,254.00516611911058,Low,HTTP,847.7436359642843,0,0,0,Normal
74.81486158355438,55.84924162536148,722.2343765606105,High,DNS,2400.2803071069325,0,0,0,Normal
49.34484813569725,35.20563708921121,457.2023275823001,Medium,HTTP,1715.3464187511702,0,0,0,Normal
31.892372278598486,24.044981931620914,310.4584902945529,Low,HTTP,1252.2542388595516,1,0,0,Normal
59.648318234685576,47.26543009408651,477.69199734885046,Medium,HTTPS,2169.174264116856,1,0,0,Normal
84.81435565743595,64.03935851547497,467.16671426973693,Critical,DNS,2306.669892833588,0,0,0,Normal
43.94978929281933,38.945880355937206,315.436495922158,Medium,HTTP,1162.5935709534526,1,0,0,Normal
34.03837534810009,29.63442515008808,179.74079437380587,Low,HTTP,710.6283429501065,1,0,0,Normal
46.18244000390405,41.073865477782256,407.66004602288353,Medium,HTTP,1654.9513022915012,0,0,0,Normal
57.72051665289837,47.35038827743719,291.46831928079257,Medium,HTTPS,910.3440691786599,0,0,0,Normal
46.51598783864756,33.506599137696064,336.8116142485077,Medium,HTTP,1178.3595714290295,0,0,0,Normal
85.84346124931471,67.5663635569363,756.4298876426429,Critical,DNS,2293.3460735903327,0,0,0,Normal
81.18542539436021,57.740808283677765,607.8277074240783,Critical,DNS,2274.3695349546665,0,0,0,Normal
86.81482490515918,74.06056591377738,826.3948120138954,Critical,DNS,3838.47915478138,0,0,0,Normal
66.10168631465058,46.40245435485945,511.16221799653533,High,HTTPS,2227.0282540267517,1,0,0,Normal
46.097307793970685,36.399855814445466,493.5021027409073,Medium,SSH,1760.350610216503,3,0,0,Attack
56.12641862390774,47.846055863381984,394.15980338240905,Medium,HTTPS,1827.9708249811022,1,0,0,Normal
33.36640660512785,26.67565026370696,317.34515271556734,Low,HTTP,1393.7295305024634,0,0,0,Normal
75.92598727700533,66.87272975847793,400.3792917316631,High,DNS,1223.5077910824702,1,0,0,Normal
30.595781780721154,24.76173881818879,301.1102086594151,Low,HTTP,1085.3433967579301,0,0,0,Normal
56.88925160531653,42.93320725660672,332.4473446234803,Medium,HTTPS,1105.8344169624922,1,0,0,Normal
75.74082777660806,59.14666169915727,439.9423232663065,High,DNS,1523.3567347018472,0,0,0,Normal
59.8428807099117,52.68786928759115,411.6939165743091,Medium,HTTPS,1399.9256131695884,1,0,0,Normal
84.2286211485225,59.880768088179344,638.7823153902826,Critical,DNS,2382.332389877551,0,0,0,Normal
62.79561472547357,56.11807865817143,555.8899318411933,High,HTTPS,2424.9067321169105,0,0,0,Normal
46.40414161782246,34.049064379791886,456.7992720647112,Medium,HTTP,1998.5152316429526,1,0,0,Normal
54.2725717506255,39.746024641849786,364.39500290125005,Medium,HTTPS,1761.7882580537869,1,0,0,Normal
94.13101439582533,72.96878292796045,895.0701376904963,Critical,SSH,2886.9402049480327,1,0,0,Attack
33.27940765855601,26.735225655030895,254.55716467236107,Low,HTTP,1186.4330927941887,1,0,0,Normal
88.09871471203223,75.24464940350487,467.65080907405644,Critical,DNS,1452.724413809417,0,0,0,Normal
40.12516464725195,35.86216000209913,250.6389990126104,Medium,HTTP,1095.42940241339,1,0,0,Normal
39.70227332036302,30.513841253017144,201.66795192065456,Low,HTTP,696.0389396215099,0,0,0,Normal
62.55496627643879,49.753896805728736,628.7829698536414,High,FTP,3110.978600141278,4,0,1,Attack
61.006924726534635,49.16935923631358,555.9025785791711,High,HTTPS,1982.652032557239,1,0,0,Normal
76.2284239314613,54.299821139490504,639.7077043211452,High,DNS,2182.688714645288,0,0,0,Normal
88.12719885914703,66.08281166411284,565.5690711480582,Critical,DNS,2589.3255388692514,1,0,0,Normal
60.56998026382644,42.591614258059,750.8292863391807,High,SSH,3626.9726170629665,0,0,0,Attack
58.608857620638446,45.37380365052079,496.9798514563622,Medium,HTTPS,1876.9117556050076,1,0,0,Normal
71.78907291287032,62.060569853437435,568.9728282460737,High,SSH,2311.732179641781,2,0,0,Attack
43.699109881818,36.51844395716883,484.5327995708084,Medium,FTP,1822.8965317584643,0,0,0,Attack
44.957150072586956,34.019336089486885,261.4645539936726,Medium,HTTP,1159.7923461510918,1,0,0,Normal
40.954076949710725,35.374652692743126,452.1366712625784,Medium,FTP,1479.269857471672,0,0,0,Attack
52.25399108210695,43.85071975631123,313.57671428953756,Medium,HTTPS,1523.8316042976894,0,0,0,Normal
79.3454714010295,55.985147494375454,541.4317179670505,High,DNS,2181.4081911423546,0,0,0,Normal
70.70380647979619,53.76651356254855,594.3020127945663,High,DNS,1813.4079127734128,1,0,0,Normal
47.01173918649147,34.44241997423436,396.66628770960585,Medium,HTTP,1882.3895144037688,0,0,0,Normal
79.12916608654996,59.051155343605956,758.6174487493943,High,DNS,2371.0408040368543,1,0,0,Normal
71.75523734105809,53.1017740642247,399.20645156758724,High,DNS,1720.7395549437751,1,0,0,Normal
41.67615431288141,32.21354266414982,581.4173235985297,Medium,SSH,2293.1266432040898,0,0,0,Attack
48.13416804332519,40.250785791956595,253.4781160715755,Medium,HTTP,833.8299981971011,0,0,0,Normal
49.79033686206094,41.69960785713835,619.5516153597957,Medium,SSH,2713.2735792785284,2,0,0,Attack
53.87884871306596,47.601052311794945,530.1979739565072,Medium,FTP,1751.9290633750218,4,0,0,Attack
42.01211799423618,30.35534647426853,414.61959334193995,Medium,HTTP,1530.1945171313305,1,0,0,Normal
51.8847062205532,44.93616490372484,332.9111930870634,Medium,HTTPS,1080.9544554457273,1,0,0,Normal
70.86619813846482,50.36056629469659,427.3248440768583,High,DNS,1709.8212309756548,1,0,0,Normal
71.25120948265248,59.64115628708348,637.3894161626073,High,DNS,2117.7447196251383,1,0,0,Normal
85.04493014668697,63.37047077536491,814.4374929948036,Critical,DNS,3413.0774526603245,0,0,0,Normal
36.76136260328349,32.89266683434934,255.18226215606458,Low,HTTP,1056.1157112514654,0,0,0,Normal
79.82318207243225,60.39857667454858,611.2444659427962,High,DNS,2000.538406541212,0,0,0,Normal
43.19289428916818,32.01461394466177,498.2656863273408,Medium,FTP,1583.8326419888376,4,0,0,Attack
71.11639530106913,61.0055341994384,610.8460343973596,High,DNS,2493.918371222698,1,0,0,Normal
43.54232286179467,38.45058027905868,247.29118239342554,Medium,HTTP,1141.5163426326937,0,0,0,Normal
88.42857150848431,68.76767694409847,853.2290999911583,Critical,DNS,3618.2573467536813,1,0,0,Normal
46.99637538782554,37.89314095403819,355.8756690960944,Medium,HTTP,1747.1683846596427,1,0,0,Normal
42.360282668232685,32.88078699909468,217.23664657798,Medium,HTTP,1014.9368935116364,0,0,0,Normal
77.3479741535266,65.24884542290384,724.2717953243606,High,DNS,3349.774733467023,1,0,0,Normal
84.91866592259612,61.75057506606577,451.23151484049185,Critical,DNS,1364.5145647659067,1,0,0,Normal
53.29906535072951,47.220401472090536,441.1030869078692,Medium,HTTPS,1338.9875521543242,0,0,0,Normal
71.88976686819842,57.72002560134801,729.1138522109794,High,FTP,2580.2032918758873,1,0,0,Attack
62.86520954039588,44.32829521111105,559.8332593994248,High,FTP,2575.8129339604616,0,1,0,Attack
73.07260909015895,63.90582797679385,617.3566609299554,High,DNS,2558.911547255012,0,0,0,Normal
38.151949498424074,27.185080929463968,219.7831051499519,Low,HTTP,719.26523402492,1,0,0,Normal
85.7855320427916,71.29120996941252,577.0360946976816,Critical,DNS,2556.8843159707344,0,0,0,Normal
70.86888071498834,56.29844262682163,598.1015795696214,High,SSH,2691.456290315044,0,1,1,Attack
31.539715854887618,22.991046778681643,236.6441606916776,Low,HTTP,825.918253038248,1,0,0,Normal
82.36572953599534,69.01766218089035,478.2419563704556,Critical,DNS,1931.3916387248617,0,0,0,Normal
33.76428691215551,24.662421966913957,269.33075261829424,Low,HTTP,1171.4340584880138,1,0,0,Normal
69.31200496786914,53.305081278421696,543.8691421338045,High,HTTPS,1776.7096633082824,1,0,0,Normal
58.32086266425904,42.26498572286599,331.3928617126746,Medium,HTTPS,1149.1344173995215,0,0,0,Normal
38.68662562905229,30.95402496437768,210.7155056095716,Low,HTTP,652.5064628591634,1,0,0,Normal
71.38244717687485,52.27000283592062,550.1317191421307,High,DNS,1907.0528779476647,1,0,0,Normal
39.12876789974689,32.0492683899134,353.73207008903177,Low,HTTP,1714.9629218910875,1,0,0,Normal
50.717959910980426,41.27768457836104,410.89958070312935,Medium,HTTPS,1278.41938965124,1,0,0,Normal
37.409262099790794,27.207360162924488,365.62793114125867,Low,HTTP,1241.549398892126,1,0,0,Normal
60.03663639094157,43.098446003480035,551.1413523975688,High,HTTPS,2227.143734467185,1,0,0,Normal
39.67586529950495,32.06892379612457,359.56495058098756,Low,HTTP,1279.6978693444776,0,0,0,Normal
75.72152493041358,65.24228578079955,583.1469154913607,High,SSH,2367.744979716784,3,1,0,Attack
64.16016328817932,52.87223041287287,326.5019879364644,High,HTTPS,1617.388444830986,1,0,0,Normal
38.1868230146938,34.0225154907136,242.37375480694544,Low,HTTP,806.2945832565327,0,0,0,Normal
35.360729352833005,30.664943006474505,318.33814111651554,Low,HTTP,1556.6184223041412,0,0,0,Normal
62.481848000361424,53.89074642382832,491.25548070131333,High,HTTPS,2164.521528253266,0,0,0,Normal
78.48245597571804,55.125911216263,445.90079118390537,High,DNS,1827.5686598021318,0,0,0,Normal
67.21989956007747,47.29285188655397,576.5895747297146,High,HTTPS,2646.256270920717,1,0,0,Normal
87.28472916656756,65.80239348882316,763.7410818595886,Critical,DNS,3708.1281724067053,1,0,0,Normal
90.16100545180961,77.54780461929812,761.280959747529,Critical,SSH,3201.1121424386683,0,1,0,Attack
88.75073232557043,72.28701414793412,874.178084804642,Critical,FTP,2943.174354313431,4,1,0,Attack
30.71936599430046,22.341008660946756,257.23057382306104,Low,HTTP,1145.216519418171,1,0,0,Normal
31.066301181926974,26.19219977380452,176.05243602268717,Low,HTTP,835.9812863670047,0,0,0,Normal
46.16462507405231,39.23992500113343,284.78836365587085,Medium,HTTP,1025.9925327988851,1,0,0,Normal
78.03107750638446,58.44627063265276,409.0043626243321,High,DNS,1581.8475120298785,0,0,0,Normal
64.348454104329,51.72665953871732,396.79487599238087,High,HTTPS,1523.1463188393316,0,0,0,Normal
38.17841551572201,31.87678381992753,367.2952035409082,Low,HTTP,1461.6180645835166,1,0,0,Normal
72.93194339828915,52.99815713563575,384.94749431741366,High,DNS,1824.1457899491322,1,0,0,Normal
74.99995898280758,56.00689084069708,449.1866495840485,High,DNS,2154.370514590838,0,0,0,Normal
44.70381994098716,31.724615290545255,339.8570456688353,Medium,HTTP,1042.8873644955374,1,0,0,Normal
61.15572126186066,45.66215576876309,391.2463674006502,High,HTTPS,1950.7747536146494,1,0,0,Normal
70.48276668370818,62.36454367789074,539.244080880598,High,DNS,2622.643477829871,1,0,0,Normal
38.00388690950058,27.025588710021403,375.63862344975877,Low,HTTP,1499.6815030917421,1,0,0,Normal
44.02768588261097,32.56139468867771,256.09341569816604,Medium,HTTP,1152.0320832345096,0,0,0,Normal
32.898687399138,26.45372428325357,319.925502332423,Low,HTTP,1200.948746705713,1,0,0,Normal
43.99616009715828,33.25677340541841,374.6384712499258,Medium,HTTP,1184.9990346506836,0,0,0,Normal
85.4459236443654,68.87188345425587,661.9066928002757,Critical,DNS,2933.20287114446,1,0,0,Normal
43.33808913581379,38.80356576536929,588.9048800570015,Medium,SSH,2611.965012603791,1,0,1,Attack
41.86990323880309,30.676646028656656,403.54383673658924,Medium,HTTP,1371.9210669173121,0,0,0,Normal
61.22899460067856,54.431516644940324,490.5823809159305,High,HTTPS,2354.3625393671537,0,0,0,Normal
46.770518145058304,39.315772443457,276.7400294264529,Medium,HTTP,1366.9459546708374,1,0,0,Normal
71.80866862967378,58.15496317567552,819.726959040533,High,SSH,3566.1648918886735,3,1,0,Attack
88.61059086222667,76.11204270421938,830.3873362550955,Critical,DNS,3812.567233510537,1,0,0,Normal
39.79973911351408,35.24352997209636,258.96188474002633,Low,HTTP,851.9873119151122,1,0,0,Normal
86.69480856216978,71.13224437186679,621.50567086101,Critical,DNS,2724.845118221983,1,0,0,Normal
72.1830460901856,53.175736854427804,512.2513106389614,High,DNS,1770.7974639440033,1,0,0,Normal
62.95797827246133,53.21271971037439,468.9440145445896,High,HTTPS,2229.681423911605,1,0,0,Normal
77.684917672741,67.96248669117303,726.0990314351137,High,DNS,2729.4209259735094,0,0,0,Normal
85.6564898949,65.12162330365783,812.9141006147095,Critical,DNS,3233.8876384326745,1,0,0,Normal
66.14707230430213,52.04158336503396,342.0805742016339,High,HTTPS,1243.649923543854,0,0,0,Normal
41.00371098771575,32.141267146436725,408.60731596246444,Medium,HTTP,1690.6623957231486,0,0,0,Normal
83.56303285385366,66.67836678284,1007.1260233893971,Critical,SSH,4443.011798630136,4,0,1,Attack
82.45436846882512,72.05429398821015,616.8311775396779,Critical,DNS,2742.0487050822207,1,0,0,Normal
48.07947202913056,42.29146723098433,420.5131356871762,Medium,HTTP,1936.9033690675844,0,0,0,Normal
66.02669726162276,46.67167074549966,654.5671930855051,High,SSH,3158.17533060818,2,0,0,Attack
65.15871884912485,58.551963931964295,552.3534031414483,High,FTP,2516.029220816683,2,0,0,Attack
69.3822884556721,61.49737596086733,795.203705931149,High,SSH,3492.341538403367,0,0,0,Attack
82.16061802275362,65.66565564781314,705.6142528957719,Critical,DNS,2144.7726682139896,1,0,0,Normal
83.8847648245428,71.28933153964742,503.24208190159925,Critical,DNS,2230.8878643098064,0,0,0,Normal
32.058179559862765,24.85739548192086,304.481985615673,Low,HTTP,1138.40596157488,0,0,0,Normal
89.58156160593717,64.16769222669662,882.257162596282,Critical,DNS,2863.954888594068,1,0,0,Normal
85.90666290932859,72.43172731961374,719.5606875450832,Critical,DNS,3511.8462599369964,0,0,0,Normal
59.77055149327498,50.41820456439079,536.6367276112891,Medium,HTTPS,2467.1337667991143,1,0,0,Normal
74.95451416747528,55.463963411858415,429.11655539087974,High,DNS,1288.888861859221,1,0,0,Normal
62.61516240032506,55.09581776137844,729.7656451672592,High,SSH,2850.2687350169545,3,0,1,Attack
34.89140536185005,31.191027831185547,214.31103781261535,Low,HTTP,877.7590771911395,0,0,0,Normal
72.9433394336229,60.9108262139462,684.6982929810051,High,DNS,2164.2976393678246,0,0,0,Normal
73.05875538088458,62.76705522993281,503.9264546083135,High,DNS,2503.0439168417065,0,0,0,Normal
41.990485941641964,30.611108212082407,312.6340631438205,Medium,HTTP,1169.977377623193,0,0,0,Normal
83.97352805281116,70.40562524819649,553.2903996758289,Critical,DNS,1824.7182249237949,1,0,0,Normal
88.18376194118173,65.75767900175758,691.7181578283619,Critical,DNS,2881.0391311542803,0,0,0,Normal
70.51290503106429,61.7318324928009,601.4001270461201,High,DNS,1932.9454041378701,1,0,0,Normal
77.73935609511682,60.31812342350869,669.6039701340569,High,DNS,2863.1945285017523,1,0,0,Normal
48.70031407561328,38.85380158909788,639.0390832033078,Medium,FTP,3190.4886611029924,2,0,1,Attack
71.52792867265816,54.615484409840796,683.9553913513038,High,DNS,3045.844627907478,0,0,0,Normal
43.70676036349323,35.56690707049348,388.4555970262554,Medium,HTTP,1321.8094529929115,0,0,0,Normal
82.64057252614293,69.51373584197691,700.7418759336208,Critical,DNS,2270.5534785047835,0,0,0,Normal
62.77060598382377,53.01215923860477,520.0645588772849,High,SSH,1857.2200668403405,2,0,0,Attack
69.34425676663523,59.67799497298183,795.1524974044922,High,FTP,2700.0104158774902,4,0,0,Attack
49.06640283035813,43.30026562229148,335.96117067132434,Medium,HTTP,1619.5638517527498,1,0,0,Normal
64.12864354184421,54.86274499547977,360.1092529082371,High,HTTPS,1242.45073317406,1,0,0,Normal
72.3472443997889,60.712050339800456,701.8663270399458,High,DNS,3304.834888268646,1,0,0,Normal
73.36138662863732,51.64335265584022,659.7756563723423,High,DNS,2792.7788203082723,1,0,0,Normal
78.18141727504553,65.93063333291802,391.60815755698957,High,DNS,1624.8021436832692,0,0,0,Normal
84.74489543485106,65.58262220455634,615.6147997944057,Critical,DNS,1860.7531193704758,1,0,0,Normal
76.65322997054318,55.54421751240701,593.243302527118,High,DNS,1823.8234422229125,0,0,0,Normal
71.75271363885258,63.72029973371781,387.6352157214745,High,DNS,1475.2859493534513,1,0,0,Normal
31.187472166784573,26.81311775816675,309.30813237418585,Low,HTTP,1265.4452892040076,1,0,0,Normal
72.99093683977844,51.119836864695,500.41165610593106,High,DNS,2388.3696813468623,1,0,0,Normal
52.16485854882194,41.240137021669554,299.67921320320835,Medium,HTTPS,1240.7646781969936,1,0,0,Normal
37.38503726621275,30.265898114404315,295.8135667294416,Low,HTTP,1322.5103908054666,1,0,0,Normal
86.41626428696327,61.88226197072346,478.3303303425896,Critical,DNS,2210.307389463506,0,0,0,Normal
77.92200420837617,69.87329850789008,638.1718909401076,High,DNS,2577.4304623706153,0,0,0,Normal
30.107606826204574,23.31027910479475,300.5216846175665,Low,HTTP,924.9480519339761,1,0,0,Normal
57.171947757160524,41.72374117847662,493.57680978945297,Medium,HTTPS,2409.974718567154,1,0,0,Normal
62.871750258418615,51.33508406462368,377.6595766948196,High,HTTPS,1251.093901109467,1,0,0,Normal
34.82852498193097,25.125560820007195,195.05835349225637,Low,HTTP,870.9873628341581,1,0,0,Normal
89.01245373914207,73.66628069365936,572.1572964496387,Critical,DNS,2659.9185715099775,0,0,0,Normal
52.26966433452617,47.00419939512886,313.0414742095021,Medium,HTTPS,1283.9614932458965,1,0,0,Normal
48.938182877900545,41.3688145579631,667.4437720273127,Medium,SSH,2892.646654872426,4,0,0,Attack
64.95143138352432,48.081789950043124,397.86079953162437,High,HTTPS,1768.3883238213577,0,0,0,Normal
36.42226450625458,26.370498116292914,337.69254125059655,Low,HTTP,1016.5056864189337,0,0,0,Normal
68.27856417556177,51.69461374896113,551.8481623596201,High,HTTPS,2097.551636203477,1,0,0,Normal
89.77903910556051,66.39687997878019,706.7968897523622,Critical,DNS,3182.88940224327,1,0,0,Normal
73.59838959188892,64.91884029386014,372.14900929345015,High,DNS,1702.8544268263374,0,0,0,Normal
42.081895314040594,31.351874550432715,218.22894752296298,Medium,HTTP,952.8198701068018,0,0,0,Normal
37.20641322368465,32.401720683001486,260.99010743409895,Low,HTTP,1174.7191690230645,0,0,0,Normal
47.134010680310894,38.805062843349425,364.2531043068371,Medium,HTTP,1311.6290367357622,1,0,0,Normal
51.86764518846758,42.26720760847255,689.2169066660751,Medium,SSH,2810.0460976058453,1,0,1,Attack
94.62062819788116,66.44821819593244,942.8451320815012,Critical,SSH,4613.773294920891,1,0,0,Attack
53.50614902061352,37.851995316641656,664.2670202331097,Medium,SSH,2385.5168682748754,3,0,0,Attack
81.2591583730682,63.42977370815078,735.5742946763767,Critical,DNS,2461.852604919373,1,0,0,Normal
66.98765678915152,54.20113641568767,508.90046025467626,High,HTTPS,2505.384392193706,1,0,0,Normal
74.47152432825533,65.33245221758472,586.8438267939375,High,SSH,2887.566849550106,3,0,1,Attack
40.677796569798375,33.11298517955921,594.8465706548282,Medium,SSH,1886.2449222999296,2,1,0,Attack
32.22978672260069,27.30106715129656,186.34905434180834,Low,HTTP,618.1890410850467,0,0,0,Normal
54.175845448480686,46.704350017915196,469.33423881414626,Medium,HTTPS,1639.2319353275889,0,0,0,Normal
62.736374193336815,50.4323378563762,572.3014168974779,High,HTTPS,2383.602510810722,1,0,0,Normal
93.18429550177825,65.95405542991756,922.544019054882,Critical,SSH,3435.769484430188,0,1,0,Attack
64.20928348029747,57.035014104735076,535.1712334950452,High,HTTPS,1910.100544258971,0,0,0,Normal
74.12269140600984,54.20411312826207,638.3337392497738,High,DNS,2716.638636393574,1,0,0,Normal
78.62642085943662,66.5593538571149,395.1275310913403,High,DNS,1959.6903610399659,0,0,0,Normal
61.16314580576727,52.899569731119435,428.28849215948065,High,HTTPS,1736.8374643339766,0,0,0,Normal
32.334240683267126,26.195811159360403,283.18804317661846,Low,HTTP,1283.6873666399783,1,0,0,Normal
96.48022379304166,80.40582848860443,1062.468750957693,Critical,FTP,4266.6444608228585,4,0,1,Attack
39.38266986835515,33.25764583943337,331.4197328171324,Low,HTTP,1024.8753361113568,1,0,0,Normal
73.95796907545446,51.845656277780996,647.3190338967573,High,DNS,2525.125538192894,1,0,0,Normal
79.46786598800827,61.99254775343428,516.7144956924467,High,DNS,2166.4138071139914,0,0,0,Normal
63.04709749609174,53.6105794506078,485.0146720157303,High,HTTPS,1492.5721256804868,1,0,0,Normal
70.01754347424139,60.045174386804526,681.5259566143839,High,DNS,2141.5225446154404,0,0,0,Normal
73.3422387354949,61.35920196568155,475.1113386383847,High,DNS,2198.034558757023,0,0,0,Normal
40.30454294203082,34.262933580878354,436.47121299860095,Medium,SSH,1615.5964292420497,3,0,0,Attack
54.02873721104697,41.06655503525276,529.9047364332799,Medium,HTTPS,1748.5361464022649,1,0,0,Normal
85.09776776289073,68.73480999698003,1034.0651487588545,Critical,SSH,4826.600764976506,3,0,0,Attack
87.27198388027318,77.61497454841364,673.6637214017865,Critical,SSH,3256.743160703013,1,0,0,Attack
70.98443825925642,53.885719009269714,411.24328461344055,High,DNS,1826.1441776506551,0,0,0,Normal
75.0303098349832,55.123600103294116,467.56543303990793,High,DNS,2147.1493529990194,0,0,0,Normal
48.02617915076553,42.85439597525206,380.00024228420875,Medium,HTTP,1277.140234136832,1,0,0,Normal
62.31473446576274,55.58787799169348,424.3997421605375,High,HTTPS,2001.0691465786301,1,0,0,Normal
86.80374765477609,62.24676966575414,557.5272429876036,Critical,DNS,2142.276911437341,0,0,0,Normal
47.736051720785326,34.93024241689147,388.5509411511693,Medium,HTTP,1410.4944394884608,1,0,0,Normal
50.405327758326166,37.76707362379761,698.9673968315844,Medium,FTP,3099.4427934685664,3,0,1,Attack
97.69397482603381,79.76656899127244,946.2105139790049,Critical,FTP,3925.7203754761313,1,0,1,Attack
87.61509200798173,67.67594424164294,773.8571806904887,Critical,DNS,3323.614606721907,0,0,0,Normal
35.12931646677316,26.589868082920738,264.8560308845334,Low,HTTP,949.0655781244728,1,0,0,Normal
39.521144864702364,32.62797765670531,206.7330083371388,Low,HTTP,662.3438896731964,1,0,0,Normal
44.78024825992179,40.12149094963952,324.757333877071,Medium,HTTP,1240.0403275016863,0,0,0,Normal
64.94827587877808,52.317771658605075,518.3961689116735,High,HTTPS,2376.8223120167227,0,0,0,Normal
51.727009664537036,44.13858367868535,268.64101825358216,Medium,HTTPS,1110.7391265103877,0,0,0,Normal
57.07417129568057,45.74941995522222,505.66735773583156,Medium,FTP,1952.121835122289,1,0,0,Attack
67.67484167074144,47.997560836605786,613.5328008932133,High,HTTPS,2602.42488820956,0,0,0,Normal
88.78920400413335,70.15144461899955,599.6591885877306,Critical,DNS,2658.39254321924,0,0,0,Normal
61.65893990590121,50.51513999970144,354.49542016021445,High,HTTPS,1279.6361629379066,1,0,0,Normal
75.98957274894929,53.78067180053881,696.7480759250486,High,DNS,2125.248344835791,0,0,0,Normal
60.473504476540256,43.191667505007594,579.6952584547607,High,HTTPS,2592.8523051759776,0,0,0,Normal
32.77136222997797,28.269746248598132,281.8783395382794,Low,HTTP,1166.4128150505462,0,0,0,Normal
57.02694062580122,43.91927525365295,512.1290289619394,Medium,HTTPS,1609.2697159401005,0,0,0,Normal
75.78012568879785,55.31735402834819,647.2719605017478,High,SSH,2045.278641326545,0,1,0,Attack
32.32125614740653,28.014766591673826,300.1883049018175,Low,HTTP,1093.0630628870529,1,0,0,Normal
34.26739468239248,30.273102036809323,243.5093667824822,Low,HTTP,878.2417118836279,1,0,0,Normal
78.79070314695127,66.50364498924316,518.0765138021086,High,DNS,1956.3600123176552,1,0,0,Normal
51.044878639950184,43.85873009376439,438.260696618175,Medium,HTTPS,1622.423042461783,1,0,0,Normal
38.9915371301322,28.701254091331965,306.94984804601853,Low,HTTP,1400.8774814961478,1,0,0,Normal
80.02795000207698,69.74481782017631,659.2038715263898,Critical,DNS,2222.414732259291,0,0,0,Normal
85.03125478953734,66.68543336039045,549.1586895953774,Critical,DNS,2077.8529631453066,1,0,0,Normal
73.21634025225649,55.86509501509251,403.3966512997645,High,DNS,1570.3256136628331,1,0,0,Normal
77.76570301866741,65.59005668724109,547.9293154869233,High,DNS,2129.350890111658,1,0,0,Normal
40.82679630359053,33.26929442463899,365.90541240450835,Medium,HTTP,1100.6791148229881,1,0,0,Normal
91.45172212345642,75.8579982862721,916.675013905502,Critical,FTP,3811.32310524971,2,0,1,Attack
55.27384204353439,41.915957943265916,395.27515017090457,Medium,HTTPS,1816.641404322874,0,0,0,Normal
48.904209726752015,35.22991450000293,396.3325009697623,Medium,HTTP,1896.7922980062085,1,0,0,Normal
73.02950069709937,57.097090775772706,626.8071590435051,High,DNS,2656.3577070236342,1,0,0,Normal
74.46660602938209,63.92923476199671,685.8461301349147,High,SSH,3010.6615476214993,2,0,1,Attack
68.84604638893506,56.003914229639676,352.87717030816265,High,HTTPS,1276.91301282174,1,0,0,Normal
57.49978865365847,45.19762928034962,699.2110208976584,Medium,FTP,2896.5796199878064,1,0,0,Attack
36.11583970079664,29.76560812772031,283.3288412631914,Low,HTTP,1402.799651050033,0,0,0,Normal
54.55079206658411,46.003623214057455,292.16218032225066,Medium,HTTPS,1409.2133937351564,1,0,0,Normal
77.54860401495534,59.01246843776454,418.7322837895877,High,DNS,2025.9256187515887,0,0,0,Normal
74.03978369326069,52.19981907864952,688.8954251255195,High,SSH,2715.209119469444,3,0,0,Attack
55.81458474182,47.29049810599404,363.71621687624787,Medium,HTTPS,1186.099201833494,0,0,0,Normal
67.25113723769027,54.72898135413463,466.75634953759527,High,HTTPS,2070.375482699319,0,0,0,Normal
72.99517094768817,52.13543599014175,493.07486121654733,High,DNS,2298.447802511284,1,0,0,Normal
58.29218857266824,41.73629964627556,719.3636379025629,Medium,SSH,2781.153665388827,2,1,0,Attack
31.50717820128193,24.075447708460384,186.7872948062591,Low,HTTP,913.9393431251868,0,0,0,Normal
74.1835525145143,56.42848633031666,516.2623029969945,High,DNS,1848.572865363336,1,0,0,Normal
64.14002618588711,49.87656073597261,463.85396335019715,High,HTTPS,1438.0896965371683,0,0,0,Normal
34.26939061833764,26.394143463744385,247.26890924297973,Low,HTTP,1009.1993398169294,1,0,0,Normal
34.795330222914345,29.798248948906043,174.6810292225223,Low,HTTP,683.7671077805326,1,0,0,Normal
59.23773961592815,43.666280925023855,667.647768602942,Medium,FTP,2833.562322457183,3,0,0,Attack
48.19810221117223,37.51596760753222,433.2877741461061,Medium,HTTP,1721.4950331979126,0,0,0,Normal
53.285969940625364,42.05732750661621,504.3332015818005,Medium,HTTPS,1612.0672642639288,1,0,0,Normal
61.058763994660694,48.152028563569935,694.25826642382,High,SSH,2911.8092279949724,0,0,1,Attack
76.91593174720765,53.90343402710155,651.8056168847921,High,DNS,2580.174413819716,1,0,0,Normal
41.14085315275588,33.56175831864071,269.326171423442,Medium,HTTP,968.9909541823858,0,0,0,Normal
53.511067156723584,45.997528691725535,420.4150648363383,Medium,HTTPS,1827.230555173334,0,0,0,Normal
56.782745365126175,49.88853135041346,560.8908861202835,Medium,HTTPS,2032.0524882117584,1,0,0,Normal
66.5853421195061,54.85246271757429,836.455042949677,High,SSH,3949.226153998721,3,1,0,Attack
30.242921600147383,25.372916238340867,290.1986776947425,Low,HTTP,1333.8872529581067,0,0,0,Normal
64.73307488806313,49.31738788880523,476.01388882345066,High,HTTPS,2093.9884820986595,1,0,0,Normal
87.87672234422644,71.55485240279562,696.7356270939447,Critical,FTP,2488.692557514581,3,0,0,Attack
93.57583292046911,83.76100151183569,1003.7383756079051,Critical,FTP,4103.175331534534,2,0,1,Attack
67.13755747830874,59.2381141623785,614.553383014221,High,HTTPS,2033.491377189128,1,0,0,Normal
71.69112204639532,63.362305728464406,513.6902697971076,High,DNS,2482.6332669448707,0,0,0,Normal
48.55729304108536,38.561265371073546,472.57677686630956,Medium,HTTP,1476.6958171574133,1,0,0,Normal
74.27920327696484,53.934550578562394,679.2281293615629,High,SSH,2550.5293037221354,1,0,0,Attack
88.53408267183113,74.68439913942943,464.87188726847523,Critical,DNS,2235.9060089612453,1,0,0,Normal
84.70182884528185,73.36413409848474,652.4971246897559,Critical,DNS,2797.1004646318447,1,0,0,Normal
85.14708064183651,66.97780437974271,620.3763736901874,Critical,DNS,2053.086186333928,0,0,0,Normal
68.24185589451645,60.687084572767596,753.4581100047793,High,SSH,3129.786893045058,1,0,1,Attack
37.83170066104503,28.67902189861693,281.1934372593191,Low,HTTP,1228.345194241108,1,0,0,Normal
73.06999367552635,51.88193886845985,401.2333547567351,High,DNS,1534.9033123507322,0,0,0,Normal
79.84374280451448,64.52479358925136,637.5781794562871,High,DNS,2699.54494585352,1,0,0,Normal
55.98391351129976,44.30777028082213,414.0714238604654,Medium,HTTPS,1540.9950404626472,1,0,0,Normal
86.78825089358725,71.54908148106826,563.6537510127503,Critical,DNS,2348.77306314635,0,0,0,Normal
47.42056051538384,37.80888029426346,396.70307199549893,Medium,HTTP,1424.966877986747,0,0,0,Normal
33.009210451746185,23.754856981053525,216.44977719227654,Low,HTTP,943.9045127560472,0,0,0,Normal
62.44151635237358,51.1653884853688,580.9222798943017,High,HTTPS,2881.377064386538,0,0,0,Normal
57.43125927707297,45.706684255079,516.3733829407719,Medium,HTTPS,1742.393166698415,0,0,0,Normal
67.3229293517943,51.15084659918654,572.0777890814074,High,HTTPS,2016.1516688589422,1,0,0,Normal
59.19295691579464,49.40394390645529,380.6007086926465,Medium,HTTPS,1536.2939250442269,0,0,0,Normal
45.892988556443015,34.983773585160286,554.2816240925567,Medium,FTP,2150.5453594054084,3,0,0,Attack
75.82389157541911,66.1289338031048,637.673128145774,High,SSH,3155.8480081068255,4,0,0,Attack
58.755086500386824,50.50858802482486,563.011521307577,Medium,HTTPS,2810.4698868785463,1,0,0,Normal
47.935030865482986,40.26066651283106,254.627816818164,Medium,HTTP,853.8703464041839,1,0,0,Normal
70.38761271920521,53.29702449903276,484.8018531921377,High,DNS,1848.8845510000217,0,0,0,Normal
48.68704797117971,39.37756467029061,463.7106781618206,Medium,HTTP,1830.416752614842,1,0,0,Normal
81.64154501617304,59.67093155503594,670.841002567509,Critical,DNS,2371.6096044706587,0,0,0,Normal
77.89386604592437,68.80316957041805,449.72419551105037,High,DNS,1749.4141423488522,0,0,0,Normal
71.97021334446617,51.2771534021204,567.4664829439546,High,DNS,2328.6267463535296,1,0,0,Normal
47.15797186494456,36.57119934599517,397.1088047334907,Medium,HTTP,1448.650504749219,1,0,0,Normal
72.63679753350516,63.99102222398322,713.0814412818348,High,FTP,3041.025095420248,0,0,0,Attack
49.266789512184914,40.826220339238574,598.3295144598729,Medium,SSH,2754.231628076685,0,0,0,Attack
94.98814244187088,69.43082599316547,846.2917678363405,Critical,SSH,4230.2132013100845,2,0,0,Attack
43.743232175911544,35.667778117743055,546.3424504496786,Medium,FTP,2416.0534189307855,4,0,0,Attack
52.65122247452382,44.060270466877896,341.1830549950977,Medium,HTTPS,1113.3591229277947,1,0,0,Normal
84.29175457989913,65.96219981329875,708.2293735009996,Critical,DNS,3002.898838321474,1,0,0,Normal
68.6028869151778,56.48803601297333,679.1693351075958,High,HTTPS,2248.897769431241,1,0,0,Normal
39.28261004468368,30.332335223944405,233.17069906923825,Low,HTTP,863.013001439946,1,0,0,Normal
64.61689050072891,52.7729341170879,407.77480591572737,High,HTTPS,1933.505421162102,1,0,0,Normal
81.04984307741688,61.53323380071272,815.269176407215,Critical,FTP,3433.9961362393396,1,0,1,Attack
64.7638869615912,54.148099526257845,666.2803150110651,High,SSH,2229.8475458955672,1,0,0,Attack
67.02183196524857,60.05159093107759,661.6740074754947,High,HTTPS,2050.535847610997,0,0,0,Normal
51.64704577502562,38.08602556187719,515.4183382185876,Medium,HTTPS,2010.730126407911,1,0,0,Normal
65.01148403214756,48.916339974639016,382.49597618968966,High,HTTPS,1761.522734378213,0,0,0,Normal
47.760714139585616,38.38288743260412,335.9597501731129,Medium,HTTP,1627.1376691073,1,0,0,Normal
70.82543096141308,55.809579108776056,521.8639082478547,High,DNS,2090.9441898423074,0,0,0,Normal
98.80013200272515,88.4162954086684,826.2145639987601,Critical,FTP,3684.076947589116,1,0,0,Attack
41.228678177139955,37.07221502252015,297.87422537577936,Medium,HTTP,1338.234807999369,1,0,0,Normal
55.727841947664274,40.97894249598424,632.3852762837487,Medium,SSH,2887.2821332030835,4,0,1,Attack
61.0949341361993,47.737694793131226,404.4475351474741,High,HTTPS,1527.4594343140334,0,0,0,Normal
56.3963551701454,44.82001633452462,460.2824079212946,Medium,HTTPS,1570.6547135844226,0,0,0,Normal
98.47017392516136,74.20001596883996,1087.0198233707051,Critical,FTP,4009.0948379145584,1,0,0,Attack
89.75554391949117,70.81686513496592,897.225166264987,Critical,DNS,4130.047670757698,1,0,0,Normal
40.60216794938242,32.90216737784904,347.37516138728324,Medium,HTTP,1228.6134097144243,1,0,0,Normal
54.41073536494514,41.613297318572876,307.8601580025243,Medium,HTTPS,1239.776484210828,0,0,0,Normal
58.41974999610102,48.281733891938735,473.2012730417691,Medium,HTTPS,1781.4011759458915,1,0,0,Normal
46.05834745016182,39.624926770480904,266.13060209433326,Medium,HTTP,935.8716688495902,0,0,0,Normal
56.69913425677805,51.02087541269936,382.8902324055594,Medium,HTTPS,1814.567244499168,0,0,0,Normal
63.10648203958408,53.14974730528229,590.2981883105065,High,HTTPS,2739.9080553763906,1,0,0,Normal
59.439817562451935,43.17251257618011,677.3167477772631,Medium,FTP,2366.220320638461,3,0,0,Attack
67.93875647445134,55.98159571828695,398.58153894554977,High,HTTPS,1509.001163031928,0,0,0,Normal
78.09606052425806,57.09796280128987,409.81146720906827,High,DNS,1442.5046707774725,0,0,0,Normal
89.95584367286938,69.27685644390668,652.4410536374404,Critical,DNS,2648.812505935872,0,0,0,Normal
72.66697930623195,63.52257378400409,654.9723078023242,High,DNS,2955.3064695207877,0,0,0,Normal
37.89693010490737,31.121341868174824,364.11861332819774,Low,HTTP,1384.7214776525802,0,0,0,Normal
67.2002666372282,49.370092666569036,505.1250509562221,High,HTTPS,2295.9906271516593,0,0,0,Normal
39.33742528621224,27.925686357042572,340.1687433608673,Low,HTTP,1181.9994507730644,0,0,0,Normal
51.03620715015495,40.32453099864616,445.62481143384235,Medium,HTTPS,1429.117747779689,0,0,0,Normal
82.2480295333662,70.77719822358381,733.1797174835732,Critical,DNS,3302.1611309458685,1,0,0,Normal
66.36303084727842,58.68649928536723,460.6683613430629,High,HTTPS,2096.6371682420677,0,0,0,Normal
40.4013248924457,32.34806739933943,243.6575431769539,Medium,HTTP,794.4703283205716,1,0,0,Normal
42.97036717980518,36.34856186029763,488.77724582917625,Medium,FTP,1703.1985361379147,0,0,0,Attack
57.03484202895197,48.437506885695385,513.7604466082449,Medium,HTTPS,1856.9173512026935,0,0,0,Normal
88.16009924543323,75.51530565246435,759.1220967061103,Critical,SSH,2916.8062798224128,2,0,0,Attack
85.29755438878055,66.33297853671746,645.505609075059,Critical,DNS,2095.6071638563735,0,0,0,Normal
70.20054405731571,52.03525338407311,685.1864848612245,High,SSH,2687.415656096349,2,1,0,Attack
73.76949916346348,56.7151156621356,464.1185819568613,High,DNS,1701.979424495221,0,0,0,Normal
74.77850992087042,64.33295413585758,699.0167454763308,High,DNS,2378.5692875137497,1,0,0,Normal
76.97103212951333,58.01190282622174,700.7377517852622,High,DNS,3268.2342201967103,1,0,0,Normal
53.29969661630457,42.78407554332327,332.2597896150698,Medium,HTTPS,1140.754105468285,0,0,0,Normal
52.371154310094425,40.66396994191422,564.755713698077,Medium,FTP,2452.797589166554,4,1,0,Attack
50.64457386295544,38.06743937069937,319.051023523524,Medium,HTTPS,969.1010008346564,0,0,0,Normal
78.09402007582321,68.24739277478643,597.3898768532653,High,DNS,1934.2128655151782,0,0,0,Normal
46.10546287833131,39.84234046923233,404.8185321633366,Medium,HTTP,1550.132296438332,0,0,0,Normal
60.81230246760242,45.569826906741255,426.133187186543,High,HTTPS,1622.4672678586955,1,0,0,Normal
52.93721788795665,41.216538750971665,469.20777852747625,Medium,HTTPS,1950.5240891004025,1,0,0,Normal
45.49763854491175,34.21387231836599,281.4875704292416,Medium,HTTP,1070.1379236983348,0,0,0,Normal
92.17395150815719,74.29081798787536,708.5692487121281,Critical,FTP,2844.2500409916274,3,0,0,Attack
89.24698277754942,75.96800486940522,981.7791275992673,Critical,SSH,4509.885269846611,4,0,1,Attack
44.805631710878515,34.961568522325976,397.7949323386171,Medium,HTTP,1274.683623486064,1,0,0,Normal
53.57785162534128,45.78436663285801,302.79552698203764,Medium,HTTPS,1509.4425218251174,1,0,0,Normal
45.59767987469968,34.08310042701867,283.2312351947672,Medium,HTTP,1071.3334488375363,0,0,0,Normal
61.79548594474909,44.53599254137156,403.88976111053796,High,HTTPS,1534.3355500341474,0,0,0,Normal
85.36327113295556,72.5919906545287,806.5789045722958,Critical,FTP,2657.7068504125746,2,0,1,Attack
54.08821963224909,46.252427027465494,303.7673502809075,Medium,HTTPS,1396.0333357381924,1,0,0,Normal
76.36171614169143,55.443204640516655,557.8541718297218,High,DNS,2782.2490955944418,0,0,0,Normal
54.242333298607264,40.59827610068619,561.6772900750902,Medium,FTP,2022.3890278391475,2,0,0,Attack
36.20993116483078,27.57156025314488,217.5072425963463,Low,HTTP,980.2907744187994,1,0,0,Normal
85.11671363248752,66.75143293938012,979.6670762258641,Critical,SSH,4897.395476682221,3,0,1,Attack
86.53882125501696,62.709997585483364,726.4415622364047,Critical,FTP,3236.196838721056,0,0,0,Attack
37.81806686078198,29.96010322545769,316.0751283722081,Low,HTTP,1577.439103954703,1,0,0,Normal
54.53832808329025,41.8152010624361,477.7975646465522,Medium,FTP,1612.184454595864,0,0,0,Attack
48.430925159482285,35.85213423192072,270.9435522091349,Medium,HTTP,1018.8806190609808,1,0,0,Normal
55.27024279013858,47.88608586935247,390.9268276583338,Medium,HTTPS,1617.5315609875422,1,0,0,Normal
37.393754650365736,27.79597358304049,262.44977179483357,Low,HTTP,1062.7871565020057,0,0,0,Normal
57.66500283381902,48.11056048891804,455.1294392169163,Medium,HTTPS,1784.8729905062803,1,0,0,Normal
50.0136575432407,35.1968531107315,350.3111045863321,Medium,HTTPS,1351.0272063489783,0,0,0,Normal
42.082073265337385,30.458049731046977,317.09630263884384,Medium,HTTP,1322.1729022066943,0,0,0,Normal
79.91971512325108,62.570766523338804,717.9956007582026,High,DNS,3279.4086197456404,1,0,0,Normal
52.999593190907035,41.378999037925034,492.0772747864009,Medium,SSH,1485.0386046058043,2,0,0,Attack
80.29337444531848,65.49577362742025,999.9272640015015,Critical,SSH,4053.0337107660325,2,0,0,Attack
41.1234501114086,32.08337889233751,486.06910218732014,Medium,FTP,1520.9544728210265,0,0,0,Attack
47.133192599626454,37.77289360904466,529.8023633123921,Medium,FTP,2534.005401564295,0,0,1,Attack
54.87608693365473,47.158228377109104,314.85654256949306,Medium,HTTPS,1473.764731438172,1,0,0,Normal
54.222547079989454,39.06394927171545,487.42437070310746,Medium,HTTPS,1804.8788318561678,1,0,0,Normal
64.7117489327502,58.14365216540795,645.0811569707319,High,HTTPS,2885.492682936575,1,0,0,Normal
54.051706304453546,42.06595611276906,351.4204830790626,Medium,HTTPS,1135.2122804774503,1,0,0,Normal
60.4222472042602,47.122687470832275,529.7420740219659,High,HTTPS,1629.946470418432,0,0,0,Normal
77.8075315435126,56.76087748402217,777.888691717002,High,DNS,3640.118044092569,1,0,0,Normal
36.131211324809556,31.057420979937596,312.0708635841817,Low,HTTP,1301.697866825931,0,0,0,Normal
89.55067568564118,80.4828898292998,893.4268007788542,Critical,DNS,3737.089099385796,0,0,0,Normal
53.47619708336424,40.64524952516078,317.40794315574254,Medium,HTTPS,981.0870937110368,1,0,0,Normal
53.966906153946184,45.909290573811205,372.4378119237863,Medium,HTTPS,1169.7521495995034,1,0,0,Normal
48.85109201393789,43.96129597966547,583.1981873150391,Medium,SSH,2648.012505596505,1,0,1,Attack
77.87196034536464,65.8396670659965,593.6739881560131,High,DNS,2482.7544602710973,0,0,0,Normal
89.6223871447728,80.57688356271088,654.6203183536612,Critical,DNS,2892.040866010063,0,0,0,Normal
48.01873585998692,35.40997531312302,342.9317650244077,Medium,HTTP,1442.7854919896777,0,0,0,Normal
75.20801827799914,58.36511016389792,595.9531744933414,High,DNS,2182.296157467654,0,0,0,Normal
89.97121763699397,73.21573108408423,802.4194296810103,Critical,DNS,3697.465537338011,0,0,0,Normal
73.64585702220211,59.2811429727026,371.52441227954677,High,DNS,1200.1988478960131,0,0,0,Normal
99.72128102061106,78.99602902563129,961.2045818844377,Critical,SSH,3324.9453788514465,2,0,0,Attack
41.225994472479215,32.38981959204381,219.43473868944338,Medium,HTTP,997.0430672327286,0,0,0,Normal
52.814711118262494,43.14764228469429,499.4853355590079,Medium,HTTPS,2328.0880270894677,1,0,0,Normal
64.13051086899941,54.94349107838207,590.1209293277708,High,HTTPS,2063.7114878062507,0,0,0,Normal
71.48463485799766,50.16718151585657,683.0377631801401,High,SSH,2591.7635596669675,0,0,1,Attack
57.65046402473672,46.4278126909392,500.5601337234515,Medium,HTTPS,1925.4056979794207,1,0,0,Normal
55.69949013843143,39.708673611809004,310.57383954447124,Medium,HTTPS,1240.6654809038005,1,0,0,Normal
65.08877188447514,57.166985500184616,337.95197934559786,High,HTTPS,1046.2452982403806,0,0,0,Normal
87.0234838325996,75.54290989344967,1000.5038909289851,Critical,SSH,3171.857743832133,0,1,0,Attack
30.536914466356393,23.522249331328236,242.09369311593835,Low,HTTP,791.9604977915077,0,0,0,Normal
61.59985600992513,52.19398453740818,490.16099579264574,High,HTTPS,2040.4923163550925,0,0,0,Normal
33.87273122134502,24.49118104264534,177.06413756113446,Low,HTTP,693.2205060416709,1,0,0,Normal
93.48777451961723,66.16006459963974,700.3462365761261,Critical,SSH,3108.824132664368,3,0,1,Attack
80.42249712307239,69.80258139720367,711.8400193259126,Critical,DNS,2469.892437893879,1,0,0,Normal
51.08670023531886,41.743766099701396,406.39681763342065,Medium,HTTPS,1265.2212476802406,0,0,0,Normal
74.19207731101778,60.710420149409806,633.950985001744,High,DNS,3122.0969474576964,1,0,0,Normal
36.91059586490155,26.173060968421105,295.9499568640971,Low,HTTP,1380.5161648865505,0,0,0,Normal
42.306041959818685,30.209892421248522,481.53173635425054,Medium,FTP,1813.2828747624937,2,0,0,Attack
90.38453378430859,77.19292868574465,1015.2450671236774,Critical,FTP,3103.639233109945,4,0,1,Attack
75.13483494188449,61.47544650640074,618.9651802325868,High,FTP,1924.6990041673673,1,0,0,Attack
65.48613147024298,55.125508202923434,402.59962215402913,High,HTTPS,1505.0751390961784,0,0,0,Normal
32.72802853862231,26.860575928411908,289.9448341729149,Low,HTTP,1297.8213016707944,0,0,0,Normal
34.223957301001064,26.221911584444847,313.2325214582841,Low,HTTP,1322.0013833680239,1,0,0,Normal
86.21505844115745,74.21302843072584,738.2189048195706,Critical,FTP,3174.6917813830505,0,1,1,Attack
65.46049733369728,47.331022906781705,457.31783309443705,High,HTTPS,1421.5999425600114,1,0,0,Normal
72.53671410398965,54.10618196845432,516.1898060477268,High,DNS,2308.456722895361,0,0,0,Normal
76.21625983410922,65.1167971733816,770.6220001606514,High,SSH,2853.1792566433182,2,0,1,Attack
49.85575297872856,43.17993667910945,261.2242189828299,Medium,HTTP,1040.0839764726206,1,0,0,Normal
78.23688960801519,58.65497301737303,424.4860345615087,High,DNS,2039.8797646481191,0,0,0,Normal
36.91413066495443,28.772593587757815,209.60743354014517,Low,HTTP,787.7197672557184,1,0,0,Normal
43.774329883017344,34.34753794367703,346.1348171151886,Medium,HTTP,1368.2780375882944,0,0,0,Normal
86.3106507001794,69.00322512628017,829.0064244547415,Critical,SSH,2620.591666086274,0,0,1,Attack
79.82921187169268,56.64553248074883,686.3279982593933,High,DNS,2941.703999027515,1,0,0,Normal
44.91297894604941,32.20377489230593,277.3072920793567,Medium,HTTP,868.8336884337585,1,0,0,Normal
53.83397958555179,39.1442882228515,284.41374802064604,Medium,HTTPS,1251.7360160030796,0,0,0,Normal
55.395068539946806,45.21845300878577,543.539719112749,Medium,HTTPS,1929.289719619608,0,0,0,Normal
59.84256137511693,47.365874259923906,548.2617784158493,Medium,HTTPS,2152.3995865033035,0,0,0,Normal
32.875203773000976,27.743324325127887,227.30376185365293,Low,HTTP,1031.7995695893587,1,0,0,Normal
45.10780835305923,33.694313456481616,431.9707991092354,Medium,SSH,1574.3956495583957,4,1,0,Attack
38.1389255868271,27.12923088422825,201.13928350759105,Low,HTTP,822.098439921834,1,0,0,Normal
64.887067751406,57.91056515428402,444.2155408601124,High,HTTPS,1565.0689227040518,0,0,0,Normal
57.452441062887374,49.78078556853981,499.27569422620024,Medium,HTTPS,1628.0364415437339,0,0,0,Normal
73.16945120728633,56.820878817503875,589.1076034929257,High,DNS,2712.1528275441888,0,0,0,Normal
44.091890207273536,31.115799196802207,363.81042894280023,Medium,HTTP,1784.2299856023185,1,0,0,Normal
33.397969136276515,23.744430635973497,176.05405803158598,Low,HTTP,676.9363187754775,1,0,0,Normal
87.74471629454638,67.9002995889972,761.6478972482682,Critical,DNS,2839.901362290592,1,0,0,Normal
79.94083792218589,67.75863238578299,540.0876566898124,High,DNS,2088.2893884539985,1,0,0,Normal
52.96968016009487,43.54378521194304,394.8327647839097,Medium,HTTPS,1916.40228571374,0,0,0,Normal
31.7110360920924,26.32166552908752,301.69313420777314,Low,HTTP,1486.9171490472193,1,0,0,Normal
33.28629779032781,23.661764642634306,229.51499108728373,Low,HTTP,958.8040567681863,1,0,0,Normal
52.15175496516167,44.1835316796421,385.0130074871592,Medium,HTTPS,1520.456731969734,0,0,0,Normal
84.28292027063435,64.91838671807346,655.3644930369273,Critical,FTP,2159.5417507504444,4,1,0,Attack
66.61533775739372,53.16953544407626,547.2697982674497,High,HTTPS,2158.0164803700272,1,0,0,Normal
69.01424336290802,60.770689134333004,368.0370823236789,High,HTTPS,1751.705187300846,0,0,0,Normal
33.25680126712541,25.80086492442031,282.775047368856,Low,HTTP,1157.9322133153873,0,0,0,Normal
84.16324940066261,66.9352050205237,736.4337637091529,Critical,FTP,3222.138577398945,4,1,0,Attack
51.07310416969085,36.57408050145705,373.5820214009546,Medium,HTTPS,1641.7137829396934,0,0,0,Normal
59.447268004769285,49.25889147537413,526.0040298185816,Medium,HTTPS,2074.720039538606,1,0,0,Normal
84.16585695842514,60.036414552146404,556.4795510884717,Critical,DNS,2621.141746246307,0,0,0,Normal
62.74215145211201,52.71036774802557,684.2454536715074,High,SSH,2927.186928761413,3,0,1,Attack
58.59061584662413,44.23293678173125,369.592483126836,Medium,HTTPS,1309.213003799588,1,0,0,Normal
34.83370413479861,27.608710044407495,196.87979189519405,Low,HTTP,972.026076556873,1,0,0,Normal
68.5844671857194,58.56632209748496,617.9173577093827,High,HTTPS,3049.4892064387377,1,0,0,Normal
33.99323926019861,25.986746128972786,331.79822510656885,Low,HTTP,1062.0622579219532,0,0,0,Normal
82.03328158864679,66.34203543870458,783.4715768237197,Critical,SSH,2584.531885511946,2,0,0,Attack
46.48475089008571,34.97149913541217,317.09893429095763,Medium,HTTP,1488.3126565562918,1,0,0,Normal
57.77583289076574,41.94985658483767,414.0468839994923,Medium,HTTPS,1310.6656855193214,1,0,0,Normal
76.17894765688106,65.5430918155889,733.928230061258,High,DNS,3089.153445248217,1,0,0,Normal
49.34042204738944,43.93411739757312,484.5938346131321,Medium,HTTP,1458.5760548395199,1,0,0,Normal
62.61629238986643,49.122782473302834,497.41170671550515,High,HTTPS,2203.621822053334,0,0,0,Normal
55.69658952095779,43.04581983488212,610.6377045505574,Medium,FTP,2962.9319823976857,4,0,0,Attack
37.82389531701142,29.754450631221577,217.03129990435576,Low,HTTP,1061.5679108658514,0,0,0,Normal
88.1149799186096,78.01441545784544,848.3589629683635,Critical,SSH,4111.581997574013,0,0,0,Attack
87.12854637953569,77.79337350332,818.9187750947925,Critical,DNS,3058.3089702487005,0,0,0,Normal
55.35144256442436,45.2637671177662,428.26632031773994,Medium,HTTPS,1774.2221621877743,0,0,0,Normal
51.85882765057613,41.22312579600218,437.60126122577,Medium,HTTPS,2101.8632154336365,0,0,0,Normal
55.99724762752885,40.850981131074114,475.20948685458916,Medium,HTTPS,2336.103770491837,1,0,0,Normal
95.61118959536543,75.94626817307574,903.7711293095507,Critical,SSH,4462.466116010607,0,0,0,Attack
87.85724106235648,76.95933077421823,814.9244830178716,Critical,DNS,3576.5117030743245,0,0,0,Normal
65.3256772761597,52.88040561242745,535.3403159817664,High,HTTPS,1661.2144721429206,1,0,0,Normal
58.47314524980902,48.97317159437218,371.6428884062554,Medium,HTTPS,1757.739586579101,0,0,0,Normal
38.85529840394156,32.617159185701986,382.44834458771305,Low,HTTP,1457.5518517942594,1,0,0,Normal
58.29721759917447,46.313084563986415,573.5146917497318,Medium,HTTPS,1726.0215635521772,1,0,0,Normal
82.78766500166967,72.10988699376331,455.5242428743439,Critical,DNS,1605.5706682836792,1,0,0,Normal
62.846646911348216,52.02431542009665,361.1828579189176,High,HTTPS,1340.9697788178469,0,0,0,Normal
81.25981192810286,61.28870999266343,950.3384315348067,Critical,SSH,3252.0518828229765,3,0,0,Attack
71.83560949612911,64.20059866577336,388.9001498496045,High,DNS,1708.370124816863,0,0,0,Normal
58.329133728548186,52.117713877472816,467.9553153515515,Medium,HTTPS,1517.692340513739,0,0,0,Normal
81.30663423944497,58.54832261448425,408.54428223839517,Critical,DNS,1623.5614267377355,0,0,0,Normal
78.33933699032059,57.178473745534255,871.7944481260107,High,FTP,4075.305608973217,1,0,0,Attack
46.26945056268596,40.22447537522735,445.59713143591796,Medium,HTTP,1363.5098451016984,0,0,0,Normal
98.11465420600143,70.30406196934143,1154.4869517128632,Critical,FTP,5547.296874812327,3,0,0,Attack
88.05325510242255,72.28351129026649,846.7447827652289,Critical,DNS,3656.9131028892966,1,0,0,Normal
46.027842606526974,32.26502957828424,514.6658208722001,Medium,FTP,2439.584608769067,2,0,0,Attack
48.96460683321493,41.27802944083513,584.7150446195449,Medium,FTP,2064.4489284947144,0,0,0,Attack
80.80583334827679,71.53088305835021,768.2911707275422,Critical,DNS,3298.2577887160905,1,0,0,Normal
34.965019868686795,31.08849183424237,342.3027496335099,Low,HTTP,1113.7479206487922,1,0,0,Normal
76.27202437724918,67.47413881994831,950.8230291230357,High,FTP,3722.4999722211082,1,0,0,Attack
30.296818737115245,23.433284607423364,256.6719652443842,Low,HTTP,807.3658861829692,1,0,0,Normal
72.90530514073907,59.36533953690298,383.3178468656412,High,DNS,1451.6965598603597,0,0,0,Normal
85.56578935353173,75.3248227790657,797.8254246172686,Critical,DNS,2452.562930876441,1,0,0,Normal
86.7393751040072,77.33635104723496,609.5843249612689,Critical,DNS,2600.4373787220156,0,0,0,Normal
95.39536365082313,85.26062130966588,679.2545584588256,Critical,SSH,2747.6487493252625,3,1,1,Attack
52.037080963054905,43.65268214143189,328.44058184849285,Medium,HTTPS,1259.96707582505,1,0,0,Normal
74.28403154874104,52.76468958379756,703.7789096806952,High,FTP,2275.5323304436797,1,0,0,Attack
84.09441208277713,73.4114512776125,509.1902869709664,Critical,DNS,2052.756058490456,0,0,0,Normal
87.47835439615301,68.33028523839165,741.9967704429156,Critical,DNS,3075.165638534142,0,0,0,Normal
88.12819212602335,61.77390341160704,494.2321585010433,Critical,DNS,1829.0938443207715,0,0,0,Normal
81.6629372759644,61.44863019892163,807.1671613958159,Critical,FTP,3585.262751404378,2,0,0,Attack
33.0929965042742,25.5236920578079,304.0102626118025,Low,HTTP,986.6707081299127,0,0,0,Normal
91.88940308667952,68.20025473336189,673.2214672961418,Critical,FTP,3365.9141727625374,1,0,0,Attack
54.33323263816419,45.600928863495646,516.8433543854404,Medium,HTTPS,1710.1532270434031,0,0,0,Normal
30.28652212655288,21.937260959559694,251.28653503133964,Low,HTTP,1102.1666672673884,1,0,0,Normal
45.739970598660875,36.47312475872433,427.6839708046,Medium,HTTP,1867.6115400064568,0,0,0,Normal
51.38151349798136,44.5714977660765,325.07700642978705,Medium,HTTPS,1177.2910930527719,0,0,0,Normal
52.65980333671905,37.17761579662373,633.5190538034552,Medium,SSH,2022.940234457353,2,0,0,Attack
71.78473642739846,63.2063800383893,404.45182173392124,High,DNS,1405.5615009737412,0,0,0,Normal
37.29726048994053,31.02680865121458,271.80651334254264,Low,HTTP,824.6041673724295,0,0,0,Normal
59.22047356842086,51.75948345592788,317.6462489600533,Medium,HTTPS,1293.6665085189036,0,0,0,Normal
80.23852587270085,60.4251652076499,559.099541708252,Critical,DNS,1838.250103635072,0,0,0,Normal
41.79883008051547,34.663681610513756,416.73316529478643,Medium,SSH,1518.8001020071329,1,0,0,Attack
84.14966405420273,61.03957947557407,687.0649752431493,Critical,DNS,2128.916535750958,1,0,0,Normal
69.56370717562095,55.05987771527881,529.5701222221173,High,HTTPS,2641.9815705843766,1,0,0,Normal
82.20399975083183,58.739003159556425,582.8695349381773,Critical,DNS,2184.998847256332,0,0,0,Normal
45.920770167867886,35.75936476433205,256.38778955511583,Medium,HTTP,962.2420052421995,1,0,0,Normal
68.78936714550946,48.66200852070465,521.3223586899944,High,HTTPS,2050.0107497371473,1,0,0,Normal
37.61077775518061,31.088764397946004,295.66266073740445,Low,HTTP,1071.5258973184011,1,0,0,Normal
67.45087755145505,54.26486711800047,655.4417927367897,High,FTP,2462.809014437484,1,0,0,Attack
44.36549317892059,34.76573255358968,581.741189569017,Medium,SSH,1901.2003513774364,0,0,0,Attack
53.615625131787965,38.78182046071242,300.9870968232357,Medium,HTTPS,963.222177797552,0,0,0,Normal
32.22178894786339,25.87864766751978,322.194776428688,Low,HTTP,1105.7976675310283,0,0,0,Normal
67.97757121890754,55.36396663641905,392.3737538972856,High,HTTPS,1749.0343603472963,0,0,0,Normal
61.35282929390087,47.24707678060308,519.3663032535687,High,HTTPS,2472.5636834344527,0,0,0,Normal
65.08630286189145,54.94445559672736,747.8318587200323,High,FTP,2781.4639521326876,1,0,1,Attack
36.999169731134316,26.8078141587041,242.4903408620336,Low,HTTP,1069.2929154234198,0,0,0,Normal
70.9423732747382,63.846100436921446,588.9734469784257,High,FTP,2403.9958620297875,1,0,0,Attack
64.33338368973637,47.02025651723186,398.0991656431117,High,HTTPS,1810.5795682803866,1,0,0,Normal
51.026395967528515,42.7912214731505,259.4425685165773,Medium,HTTPS,906.0465372915462,1,0,0,Normal
73.25354113283538,61.28979294258793,562.7088346246004,High,DNS,1751.8591550174456,1,0,0,Normal
37.3655329579924,28.478425018707267,213.7192884020104,Low,HTTP,751.1182682355201,1,0,0,Normal
89.99139226565603,64.73242634477005,594.9642736889907,Critical,DNS,2212.301249195454,0,0,0,Normal
39.2652732708666,29.351679304332794,206.00197062631835,Low,HTTP,764.0195775688248,1,0,0,Normal
71.58285625569988,50.34988536284657,713.8452431309344,High,DNS,2293.731625190541,1,0,0,Normal
71.00408251164481,57.319211541837284,487.92103149733526,High,DNS,1678.1674340394857,0,0,0,Normal
48.64728077656764,35.45353621174159,334.82374762695025,Medium,HTTP,1142.443424484987,1,0,0,Normal
35.79539347611899,27.363926671723256,262.4096278807767,Low,HTTP,940.1159833428824,1,0,0,Normal
44.256781063413655,31.415970475183457,290.34110454527087,Medium,HTTP,1451.3734818415433,1,0,0,Normal
31.0137314847816,27.87798690194279,213.7993118892052,Low,HTTP,951.6834467863129,0,0,0,Normal
72.17992619975121,55.93000767140192,609.2819394199796,High,FTP,2464.7949023673964,2,0,0,Attack
48.63628744991729,37.70806708732413,467.52522033030596,Medium,FTP,1998.2770740504363,2,0,0,Attack
59.3361576537427,47.06738922716803,560.7754383835277,Medium,FTP,2150.8371836571887,1,0,0,Attack
42.956995879358146,32.75105896366193,571.317293155498,Medium,FTP,2392.93666887164,2,0,0,Attack
89.66752048803755,69.55939403440708,843.0387426340375,Critical,DNS,3413.460217149243,0,0,0,Normal
62.46078494159519,45.39725162099631,624.6350812547007,High,FTP,2069.8013464708692,3,0,0,Attack
52.592180022911634,37.86747860707485,448.29981361483755,Medium,HTTPS,1818.4133538999836,1,0,0,Normal
57.9698539050878,43.083648732057654,446.6100499724277,Medium,HTTPS,2055.330467829212,0,0,0,Normal
58.724506636644946,49.66667582258711,720.8954322022128,Medium,SSH,3571.6541349348945,4,0,0,Attack
52.72438109968789,46.1904162915688,328.5100269511461,Medium,HTTPS,1232.9427616770365,0,0,0,Normal
38.04361727176001,29.367278694587835,200.99017859652432,Low,HTTP,783.6834223326357,0,0,0,Normal
36.006325981798,30.279991385966913,226.34553711611815,Low,HTTP,890.6437962083543,1,0,0,Normal
42.96234592516214,34.72075468861704,291.9695925119794,Medium,HTTP,1006.2516761457291,1,0,0,Normal
73.72716775586014,63.02243789835299,499.279904855892,High,DNS,2054.024261711739,1,0,0,Normal
82.82195444400713,62.05254146159475,458.25506025557223,Critical,DNS,1794.2016612664802,1,0,0,Normal
51.581122936913744,36.690996132429035,314.5706069809028,Medium,HTTPS,1418.6436004355212,0,0,0,Normal
72.28892890605493,54.321577495953726,435.91562588751145,High,DNS,2036.668258584356,0,0,0,Normal
62.45013120860676,48.201363307467275,403.213585962099,High,HTTPS,1520.8506358576362,1,0,0,Normal
76.4418510163523,58.92747440414622,764.1999584372024,High,DNS,3541.271026515021,0,0,0,Normal
54.76845135384792,39.505610710033615,672.5549744499535,Medium,FTP,2120.0381600108235,1,1,0,Attack
33.39781325023068,24.846050221666523,254.27503841199493,Low,HTTP,910.4013759101024,1,0,0,Normal
45.43525675922865,33.67694881071286,371.9056239324495,Medium,HTTP,1515.3780290334266,0,0,0,Normal
51.55129881051835,39.08943027464385,365.43036011910596,Medium,HTTPS,1647.4858043886916,0,0,0,Normal
51.263922657526564,46.13166772955638,408.63175291084514,Medium,HTTPS,1899.115986497738,0,0,0,Normal
36.39617188440752,30.75947239718442,277.42942604726517,Low,HTTP,1151.6257440652998,0,0,0,Normal
53.18272788259492,42.78768203419905,507.6111418274552,Medium,SSH,1525.6029327585238,1,0,0,Attack
42.36222184794315,35.051175425653156,323.67319809046836,Medium,HTTP,1008.4121160770842,0,0,0,Normal
57.478828913626785,45.0373620420606,717.6068343824603,Medium,FTP,3376.5765983534366,0,0,1,Attack
89.96569129762065,73.66799983209846,889.4163631699688,Critical,DNS,3495.6840902818813,0,0,0,Normal
73.53879931280972,59.191347712209215,506.15576325189306,High,DNS,1753.3432852627857,1,0,0,Normal
61.3622828561347,44.878022743508346,444.74048296995016,High,HTTPS,2102.136401851861,1,0,0,Normal
68.22476652523619,54.963535451436464,500.57971329072546,High,HTTPS,1766.5732495817838,0,0,0,Normal
55.064089996012626,47.366512644392195,336.7755919148881,Medium,HTTPS,1077.7954823343764,1,0,0,Normal
65.65364452675567,58.78935304665891,511.109261269263,High,HTTPS,1802.3657185532054,0,0,0,Normal
61.46987004953189,47.658425363284906,448.00631285694453,High,HTTPS,1379.1095665106593,0,0,0,Normal
39.4085062744125,31.129224502563012,345.7877700935926,Low,HTTP,1286.7911355913602,1,0,0,Normal
61.687314962546225,48.94817876311808,566.3144767364732,High,HTTPS,2002.0136384319173,1,0,0,Normal
78.06208355294075,58.1283550320275,540.9358700218031,High,DNS,1676.410105717191,0,0,0,Normal
88.63407265700516,71.91745103544022,805.2313929885632,Critical,DNS,3198.5382174072615,0,0,0,Normal
52.594075723027345,41.62973853181343,282.9844516853774,Medium,HTTPS,1387.9005787084855,1,0,0,Normal
56.97339061116509,48.4830905578405,367.53255795388174,Medium,HTTPS,1603.1002178247716,1,0,0,Normal
58.04656821019307,50.33892212387707,446.17938455283524,Medium,HTTPS,1716.603932765276,0,0,0,Normal
43.39278835392179,33.72411091346421,380.5920814368775,Medium,HTTP,1823.9976264370755,0,0,0,Normal
63.419202840013895,54.7558776495592,578.3038228573078,High,HTTPS,2067.6664325715155,1,0,0,Normal
57.45871351202368,41.09570966874349,452.6394019005987,Medium,HTTPS,1735.5983849343181,1,0,0,Normal
75.29333977363422,57.07521606744164,377.4936929349218,High,DNS,1675.7964947590622,1,0,0,Normal
80.16484872074216,64.73015391121882,423.9769627006553,Critical,DNS,2091.5884347060974,0,0,0,Normal
53.15471666675876,45.22586194129358,492.38934768153246,Medium,HTTPS,1945.9466755898927,1,0,0,Normal
79.0187602374499,68.3314712686504,578.8741166995584,High,DNS,2112.0536539258574,0,0,0,Normal
34.566462544330534,28.175325421548646,212.93277630769276,Low,HTTP,855.1508162516138,1,0,0,Normal
57.41141343591153,40.21931285613106,734.8818354160887,Medium,SSH,3118.389422442545,1,0,1,Attack
72.23891747133166,51.40178624306061,656.7404559114377,High,FTP,2473.135311444908,0,0,0,Attack
75.2503227032139,65.50788531828869,413.94022623868767,High,DNS,1581.7930006993881,1,0,0,Normal
79.42499374825275,62.98650064828203,501.6443832013563,High,DNS,2009.250462669641,0,0,0,Normal
64.53175142305554,48.16675069737483,335.2950728016084,High,HTTPS,1400.3893515267227,1,0,0,Normal
40.163678870376316,35.049471120640796,473.24677342959626,Medium,SSH,2231.789893522161,3,0,0,Attack
33.46576627533068,25.19655888534588,212.1028799399112,Low,HTTP,730.6714613159232,0,0,0,Normal
91.15988462926907,65.63819158814665,678.382494404221,Critical,FTP,3232.352788542441,2,0,0,Attack
57.90936961704574,43.58479486944375,430.29522541301634,Medium,HTTPS,1320.6578936703206,0,0,0,Normal
43.921168890665285,31.088836008928627,428.7268040344189,Medium,HTTP,1766.4071273571412,0,0,0,Normal
81.79975619583274,63.160308493225415,687.4842184292733,Critical,DNS,2407.8708754144313,0,0,0,Normal
45.87164457596373,34.56502909244583,326.53045699649226,Medium,HTTP,1036.0955393908507,0,0,0,Normal
46.01011844766617,32.66300704609754,636.2364808192403,Medium,FTP,2840.191939832633,0,0,0,Attack
45.79141419257212,36.50582029370118,294.82781130249106,Medium,HTTP,896.8030266630249,0,0,0,Normal
42.34978572395903,37.71041661379321,500.09008161886743,Medium,SSH,2098.37941836876,1,1,0,Attack
51.63996360337478,43.18025849130953,444.00946749007176,Medium,HTTPS,1985.3092680770103,0,0,0,Normal
46.05487166612875,36.14082510093967,452.8644188764551,Medium,HTTP,1604.8594465740982,1,0,0,Normal
32.972764349106,28.991390349132672,243.3430143580061,Low,HTTP,960.4547323067491,0,0,0,Normal
59.1659283998888,44.82054659952767,391.7604367979814,Medium,HTTPS,1450.2140865921049,0,0,0,Normal
87.13535359725938,68.26528027018367,657.0136473046906,Critical,DNS,2450.6412670340487,1,0,0,Normal
70.85373117006384,59.79537807131785,574.5155128149286,High,DNS,2214.2586506693874,1,0,0,Normal
65.42020937289635,58.44157154642134,652.343580646095,High,FTP,2294.1378204604107,0,0,0,Attack
83.77579424806754,66.61891947535034,590.8932470411737,Critical,DNS,1876.9628480168194,1,0,0,Normal
47.261945236095926,36.148555497487756,355.09415809025,Medium,HTTP,1143.9457215076056,0,0,0,Normal
65.0318583167973,52.129928142647785,716.4485392622117,High,SSH,2658.6811763130563,4,0,0,Attack
73.17810544569511,60.323558207702774,679.8084059841973,High,DNS,2633.5471116276303,1,0,0,Normal
97.99778893997427,76.10285587239356,798.9849643128988,Critical,FTP,3820.549219688592,2,0,0,Attack
68.56146064608765,53.624028451900124,845.2994264195187,High,FTP,3271.8093498232756,2,1,0,Attack
49.4566293256139,39.591655614713254,255.83793317192828,Medium,HTTP,799.9366241553779,0,0,0,Normal
60.481801498126515,49.453476765877774,471.77663620408595,High,HTTPS,1896.5069034188748,1,0,0,Normal
67.30166696841479,58.65953720137577,421.04562818132246,High,HTTPS,1963.1997073919194,0,0,0,Normal
52.97318244294729,39.4379608955649,287.7826536501698,Medium,HTTPS,914.0468250032512,1,0,0,Normal
54.63923294475535,47.890161701136634,473.18268975176426,Medium,HTTPS,2178.585736581936,1,0,0,Normal
60.1598500822729,42.52814232958038,307.08380723433186,High,HTTPS,1188.8829997814805,1,0,0,Normal
65.2976376740844,53.0224843634614,521.7285937345697,High,HTTPS,2532.2243038012252,1,0,0,Normal
91.47734451616998,68.63031088822231,993.8682797577293,Critical,FTP,4462.985087736863,2,1,0,Attack
43.34675250844157,31.092816724826132,275.6633181761832,Medium,HTTP,1057.7137837766961,1,0,0,Normal
82.94381776675436,70.20406830357655,611.0714109552963,Critical,DNS,2417.3152057526536,1,0,0,Normal
32.07570632948773,22.5870250831705,216.654396700081,Low,HTTP,765.9224446060103,0,0,0,Normal
63.603687294671545,52.129600369078524,434.0904131761772,High,HTTPS,1840.2673713488891,1,0,0,Normal
45.07314106420381,38.18290882457034,321.6117411671296,Medium,HTTP,1162.5550748045525,1,0,0,Normal
35.19132294008159,26.54761869062687,221.420555856654,Low,HTTP,1016.5882811772325,1,0,0,Normal
83.92152252141386,66.6917391961026,656.6345931470039,Critical,SSH,2692.363562993183,3,0,0,Attack
31.25357163909939,24.070838322882338,173.57669992710612,Low,HTTP,837.8877329695423,1,0,0,Normal
65.88008613824059,50.92510967655694,446.4886395091874,High,HTTPS,1870.4769112950603,0,0,0,Normal
74.13965782980085,58.230266267347595,532.6850839522028,High,DNS,2193.7750120246133,1,0,0,Normal
56.31390188849764,42.32982586553396,732.4132512723407,Medium,FTP,3348.974249599564,1,0,1,Attack
58.40751642375835,41.916059751491666,419.1603997767275,Medium,HTTPS,2011.9843381692576,0,0,0,Normal
51.05364021277637,36.868528490607765,271.4435117704389,Medium,HTTPS,854.4592408720974,1,0,0,Normal
61.89910333312582,47.72988578819892,667.3266926788331,High,SSH,2857.3633162373985,2,0,0,Attack
65.62396147426625,51.672011360659695,800.8984128313774,High,FTP,3325.1647176555334,0,0,0,Attack
45.50289242617737,39.95951888181278,247.5551501975627,Medium,HTTP,1043.6071750580659,0,0,0,Normal
35.294515079440316,27.778873438804116,318.01339554733016,Low,HTTP,1362.4876202725975,0,0,0,Normal
36.64583565609064,26.116504558232883,263.07369137098146,Low,HTTP,1082.6135654931788,0,0,0,Normal
51.327514704025816,41.16428411148205,494.48002927230334,Medium,HTTPS,1748.5206564251553,1,0,0,Normal
56.218647273781244,48.700397482128885,490.58073929793323,Medium,HTTPS,2402.893284383159,0,0,0,Normal
93.45260763351689,67.0631862306421,862.8072225469597,Critical,SSH,3272.657009256762,3,0,0,Attack
56.11776540587016,48.28434956324618,414.6911626244533,Medium,HTTPS,1649.933769736474,1,0,0,Normal
33.80195668065426,26.60729870152078,214.23907204483712,Low,HTTP,1006.1070132109364,0,0,0,Normal
60.59776329821034,53.65039901153451,490.74556751478025,High,HTTPS,1880.757294752057,0,0,0,Normal
89.88030579050246,76.31305068007072,787.5426353024361,Critical,SSH,2589.617202829451,2,0,1,Attack
35.28512021934148,27.652867204164025,316.79069580876205,Low,HTTP,1048.822930265006,1,0,0,Normal
78.12333695415873,62.15386197075196,605.5039664314143,High,DNS,2079.737665366842,0,0,0,Normal
56.14578546053963,42.30712312105522,537.2014901183966,Medium,HTTPS,2120.4087836406934,0,0,0,Normal
85.6058380282775,70.53376799549454,682.5577325028438,Critical,DNS,2803.790234418674,1,0,0,Normal
74.71559094807162,56.89426447810435,582.4703907278737,High,DNS,1781.456119197873,0,0,0,Normal
55.10930697359072,47.34556318831065,492.1977552339565,Medium,HTTPS,2150.6638893308664,1,0,0,Normal
58.67591065863962,47.52893283896153,557.426197428513,Medium,HTTPS,2496.90165643144,0,0,0,Normal
46.056806084525306,40.655218416385466,247.30598830975154,Medium,HTTP,886.4402958371355,1,0,0,Normal
77.18092697905377,63.20581203334418,833.232038290713,High,FTP,2994.004981050795,1,1,1,Attack
58.44334263907513,47.44625667874829,660.5033491187937,Medium,FTP,2659.823627550916,2,1,0,Attack
77.73630147989024,66.63960002122725,624.9328699973298,High,DNS,2504.488087913698,0,0,0,Normal
63.007389090926154,55.446719147285606,517.3492280053489,High,HTTPS,1726.2353690841899,0,0,0,Normal
84.81570394898881,60.624861161624764,660.5549473200495,Critical,DNS,2010.5979844967817,0,0,0,Normal
65.67913799673988,54.394186728286456,416.41877592863057,High,HTTPS,1927.8725687298738,1,0,0,Normal
63.55001546588028,51.804659451746836,619.3042351687112,High,HTTPS,2397.753127031749,0,0,0,Normal
77.17560040517128,63.40481286555489,538.8851626282041,High,DNS,2530.077996800946,0,0,0,Normal
84.00103200881858,69.58957797852202,625.5357186900105,Critical,DNS,2068.159985348725,0,0,0,Normal
44.43503386384691,36.060133375100634,610.6006253383871,Medium,FTP,2699.154227772354,2,0,0,Attack
68.45417458578595,51.587609649098496,484.7323733072976,High,HTTPS,1788.2956541066105,1,0,0,Normal
74.55380099581816,66.3384101552433,626.4896358133036,High,SSH,2507.6222711691075,4,0,0,Attack
66.46965828324028,51.80002976241372,383.99117398634746,High,HTTPS,1456.388609994733,0,0,0,Normal
68.53115365731355,54.678985297820695,417.1357321735124,High,HTTPS,1618.8008584755794,0,0,0,Normal
73.45744949081563,63.879980926834456,741.2232278608044,High,FTP,2228.0127727284275,3,0,0,Attack
46.082382679742295,36.093790605976295,358.03362576946995,Medium,HTTP,1624.2880201737064,0,0,0,Normal
86.94176260294626,63.36511079707032,447.4130111519283,Critical,DNS,1548.5903961328413,1,0,0,Normal
53.79101578204427,39.325404980036275,453.1236532701593,Medium,HTTPS,1522.6626429397288,0,0,0,Normal
59.36114765223465,44.13336177268786,516.344090127389,Medium,HTTPS,1612.3003842263665,1,0,0,Normal
80.88564755364132,64.28094587882289,522.599479812739,Critical,DNS,2124.948173996581,0,0,0,Normal
64.97346604330232,52.67899242625811,621.229924474909,High,FTP,3066.2274579893437,4,0,0,Attack
38.64674317606841,27.27860746913149,292.45581203470573,Low,HTTP,1436.5456104646628,0,0,0,Normal
49.32327029877342,41.281169176830865,570.8630738816601,Medium,FTP,2172.3128876647274,3,0,0,Attack
43.041653597611,36.496482993754476,251.43778953667547,Medium,HTTP,781.1871353583912,0,0,0,Normal
58.41416056980961,44.30355826376276,298.4673382197279,Medium,HTTPS,1312.3554697444067,0,0,0,Normal
73.2331025305757,55.60767248850145,864.5260551208413,High,SSH,3068.5782763123875,2,0,0,Attack
31.75347696069366,25.48840365705496,227.96524190634685,Low,HTTP,962.8051079271761,1,0,0,Normal
71.08535338455113,56.922388543875385,656.6549614375443,High,DNS,2383.0745219515884,0,0,0,Normal
74.38021040004969,54.57047433091658,428.8432030188645,High,DNS,2033.8123428396111,0,0,0,Normal
47.53160106178257,33.48031517038735,406.4534677311569,Medium,HTTP,1549.868998201928,0,0,0,Normal
47.79728251422057,41.247374820001525,321.3463028186763,Medium,HTTP,1480.3480008633921,0,0,0,Normal
60.808939020498656,47.8669030082072,456.47075854783014,High,HTTPS,1758.4026029857891,0,0,0,Normal
60.228341706097126,52.36867899990382,420.509139247507,High,HTTPS,1919.632681588938,1,0,0,Normal
40.100779645872535,29.298520041658087,288.8011306708469,Medium,HTTP,1016.2335525516746,1,0,0,Normal
31.314037960991072,26.367955732965687,157.0288898742272,Low,HTTP,624.140428604869,0,0,0,Normal
78.88945553168014,60.66002163443307,697.5191193596662,High,DNS,2719.9955369924705,1,0,0,Normal
56.150657021353254,44.93543718309133,345.4963988672295,Medium,HTTPS,1687.647135937125,1,0,0,Normal
80.85067685635295,63.00503932603568,477.09356273379126,Critical,DNS,1688.532865160526,0,0,0,Normal
39.18666145938914,30.882041060644084,207.93725101292333,Low,HTTP,709.2326409339342,1,0,0,Normal
72.61471323959995,50.87284679740573,556.6121639639779,High,DNS,1847.5848389711912,0,0,0,Normal
50.67729860325926,43.261645197615834,498.6312845234964,Medium,HTTPS,1631.5462413943076,0,0,0,Normal
70.07966905535795,52.28791287748409,885.3807579148737,High,FTP,2904.0602337061373,1,0,1,Attack
53.78297539045889,39.586254067586225,377.19524989632004,Medium,HTTPS,1714.4670087820614,1,0,0,Normal
56.42259823012864,40.18717002015619,297.1891631430001,Medium,HTTPS,1227.0956197444189,1,0,0,Normal
40.17578061437234,32.406235826459074,541.1909941521283,Medium,FTP,2028.0946789599939,2,0,0,Attack
76.10073774631019,68.00161699527808,485.03454311919324,High,DNS,2011.7193933402937,0,0,0,Normal
43.83630052325316,39.066950923386756,353.26285856101947,Medium,HTTP,1443.5791081096695,1,0,0,Normal
50.81106770419865,39.65963061118941,533.9699930961206,Medium,FTP,1609.0545583286323,4,0,0,Attack
33.67592745151342,23.933078811779456,315.08500038033594,Low,HTTP,1280.0546785326796,0,0,0,Normal
61.9833690663836,52.04732252131067,435.9216518499628,High,HTTPS,1362.684526861172,1,0,0,Normal
88.07210682491132,66.48945681454651,794.1255311255701,Critical,DNS,2842.609062522898,0,0,0,Normal
87.36027304126765,71.84048710757165,622.9157031496007,Critical,DNS,2354.0747420132952,0,0,0,Normal
54.15940110964584,41.31881469426763,482.698386697811,Medium,HTTPS,2242.058781339513,1,0,0,Normal
33.2064114305831,29.03088679198856,209.1008112815419,Low,HTTP,972.8509824603806,0,0,0,Normal
71.90945557784289,56.18395322876649,534.7700106514276,High,DNS,2231.065867083704,1,0,0,Normal
46.483023552718805,40.00657263291845,336.947104195321,Medium,HTTP,1142.7455778607994,0,0,0,Normal
66.70419839565511,52.377265306011246,647.8149217757067,High,HTTPS,3189.246780855718,0,0,0,Normal
48.87336555264483,41.86013593230824,310.24897681012754,Medium,HTTP,1429.3073569105075,0,0,0,Normal
82.27664063619159,61.862164377562635,495.8815754295412,Critical,DNS,1892.5784656949506,0,0,0,Normal
54.39457068874617,43.37795861625559,315.3987146446198,Medium,HTTPS,1514.8696339957621,0,0,0,Normal
78.20118556322996,61.77524774702338,444.192409900016,High,DNS,1601.7628541140675,0,0,0,Normal
55.565076407947345,49.36791753087386,316.72271594104717,Medium,HTTPS,1057.0545828618776,1,0,0,Normal
76.95060361998912,58.014652757542606,682.0331716697627,High,DNS,3322.411781240329,0,0,0,Normal
45.56401391411782,33.76658524218036,356.4250987428125,Medium,HTTP,1343.2377305301598,1,0,0,Normal
69.24056059457143,50.67951822216114,675.5901603995017,High,SSH,2803.77235633081,0,1,1,Attack
56.9858486240264,41.440391155741345,448.4187415385519,Medium,HTTPS,1370.1506891420438,0,0,0,Normal
96.54107609836501,70.28202713434618,944.9148804358273,Critical,SSH,2998.2403604365677,0,0,0,Attack
46.176209262921475,39.45897372291308,232.42565360118027,Medium,HTTP,870.528667297514,0,0,0,Normal
52.324038258520886,42.53423825645854,600.6149951363005,Medium,FTP,1860.2039496961404,0,0,0,Attack
39.580190225096885,30.664616552672335,210.36722270408416,Low,HTTP,715.6829320252905,1,0,0,Normal
38.161484770462266,31.092373615935237,246.09828680095936,Low,HTTP,806.828094945974,1,0,0,Normal
38.400384503906935,31.052149568970396,266.7984303239444,Low,HTTP,1324.9103495866339,1,0,0,Normal
76.35911448407569,53.55354949966542,695.7926807682635,High,DNS,2196.7746874552145,0,0,0,Normal
63.870157993005705,51.49575809187513,583.2216025539118,High,HTTPS,2450.6567913359113,1,0,0,Normal
52.423970513627864,37.35724253562297,415.7234053367601,Medium,HTTPS,1322.236473747865,1,0,0,Normal
64.427389051707,48.83303747233803,385.1902206141469,High,HTTPS,1362.9346088758316,0,0,0,Normal
72.59248939924873,56.470586675868525,911.9659453948732,High,FTP,2850.4063462550603,0,0,1,Attack
30.401403400901472,26.281539457332794,274.1422839841613,Low,HTTP,871.9173262214507,1,0,0,Normal
61.877081770398945,53.539424882037835,435.7064870405454,High,HTTPS,1418.314767462799,1,0,0,Normal
33.779548761449405,27.604681248145855,321.1616322994234,Low,HTTP,1309.7753143466941,0,0,0,Normal
57.38638733200787,42.41696892495451,573.87393613223,Medium,FTP,2602.582048792335,4,0,1,Attack
53.373674645408755,47.6257741425292,311.8992592404976,Medium,HTTPS,1341.0857385195477,0,0,0,Normal
79.34532472820138,68.29227344930352,767.9307505999619,High,DNS,2576.287445639752,0,0,0,Normal
79.57635694925557,62.20160454180936,550.795626529428,High,DNS,2644.763352585224,1,0,0,Normal
65.16030196042266,57.36081230463421,513.1550259393836,High,HTTPS,2480.225703338136,1,0,0,Normal
41.74406281868869,31.75058139429468,214.51398413197492,Medium,HTTP,648.2898055968462,0,0,0,Normal
87.69249705365382,64.34416256680535,476.3953937367004,Critical,DNS,1502.96206136372,1,0,0,Normal
78.20906404973357,69.38187752199137,536.7892775095455,High,DNS,2522.1869298923675,0,0,0,Normal
64.49780912240385,50.10602320663256,538.1564255877945,High,FTP,2268.910481253667,1,1,0,Attack
84.09091384877684,68.53500579329648,504.97956897419925,Critical,DNS,1640.7283550751342,0,0,0,Normal
58.18033931340324,41.049232135575444,531.4067209192096,Medium,SSH,2458.6009929363863,0,0,0,Attack
40.12429134309059,28.781262227709668,397.8283424544814,Medium,HTTP,1346.6511631253852,0,0,0,Normal
86.14003772454453,66.71896501787366,464.558805566606,Critical,DNS,1842.1031327637197,1,0,0,Normal
63.05918707195815,44.75414772835917,704.7778768760379,High,SSH,3433.2459326293624,0,1,0,Attack
74.50325007721403,55.147788792434866,606.1484689524839,High,SSH,2708.435776668093,1,0,1,Attack
41.66548332308594,30.326135042586287,464.4030814074482,Medium,FTP,1604.7149977150013,1,0,0,Attack
35.19080784462858,31.551937768361675,187.00063310861634,Low,HTTP,768.1248397713756,1,0,0,Normal
52.36220965409302,37.47681642240025,285.4432161349987,Medium,HTTPS,1108.8865669712302,1,0,0,Normal
32.914960403577425,26.99662261795544,185.57511538332966,Low,HTTP,662.2081847548479,1,0,0,Normal
42.061945224995725,30.202864918720895,323.69226552087974,Medium,HTTP,1156.8309667686867,0,0,0,Normal
38.354373624533764,28.912837296043097,338.9674283367338,Low,HTTP,1121.3867506767951,1,0,0,Normal
88.97880185928443,63.40239929489236,734.0172916651061,Critical,DNS,2231.2154189717007,0,0,0,Normal
44.71677763394837,32.10900927959254,463.25252684496445,Medium,FTP,2213.9722345641003,1,0,0,Attack
66.05792278292938,47.926389785263204,627.8334090509959,High,HTTPS,2037.7654131956406,1,0,0,Normal
35.41703378548846,28.610742020688686,339.4091703201246,Low,HTTP,1193.4579179784307,0,0,0,Normal
46.15025013117702,39.38975114417018,233.30486754122796,Medium,HTTP,863.9792269882155,0,0,0,Normal
33.766867961967364,28.025622660329358,181.9074112368353,Low,HTTP,825.6908068346925,0,0,0,Normal
35.41585269696952,26.047805209315865,327.4774373657676,Low,HTTP,1422.632571007715,0,0,0,Normal
37.65620730802766,33.14391862980022,302.7634272329772,Low,HTTP,1461.1310353415124,0,0,0,Normal
62.34730266212864,55.073164086896796,350.5630606948284,High,HTTPS,1236.7504728622473,1,0,0,Normal
76.05333253151912,53.40566215150298,689.5356280450787,High,DNS,3157.235392989843,0,0,0,Normal
78.99220169216278,56.517835801071975,670.9921065336011,High,FTP,2221.961855275063,1,0,0,Attack
40.645303380297264,35.35594190153792,301.3111926187917,Medium,HTTP,1097.5704008767027,1,0,0,Normal
84.05143533454975,69.05733072121537,813.4891285430912,Critical,DNS,3977.6975236341027,0,0,0,Normal
84.99862096046854,61.616337486338345,736.9956832825499,Critical,DNS,2887.5922807752236,1,0,0,Normal
40.66399212435499,35.079158567734666,449.6195473311022,Medium,FTP,1481.5461768485834,2,0,0,Attack
34.645881202268356,25.58600263541509,269.16433240236876,Low,HTTP,1035.1891155396852,1,0,0,Normal
80.9596112795407,64.4865518070701,583.8784198228644,Critical,DNS,2266.8879429499557,1,0,0,Normal
66.48239656948135,58.97910823642599,426.8852085937181,High,HTTPS,1306.8822730924855,0,0,0,Normal
37.47295470238896,31.733114493506516,241.12538464911503,Low,HTTP,1110.9657797901618,0,0,0,Normal
88.79769841922098,66.2025532981463,712.4167487377637,Critical,SSH,2696.1535887997666,3,0,1,Attack
41.550167704263,33.68723705848976,211.87795567791667,Medium,HTTP,758.9087114727844,1,0,0,Normal
58.95823159677093,46.48731954650424,557.0360225108933,Medium,HTTPS,2588.097761312384,0,0,0,Normal
86.14161618611206,65.19551098686769,483.6228042289424,Critical,DNS,1604.129187078158,0,0,0,Normal
84.04813748100423,63.65688594437939,728.7217673800776,Critical,FTP,3085.9724012984584,0,0,0,Attack
43.6630717125081,31.910035477358754,295.07721028267605,Medium,HTTP,1204.5760895242315,1,0,0,Normal
63.228166718326975,44.51093114172213,559.4225599521556,High,HTTPS,2481.519078352909,1,0,0,Normal
56.54365957467235,49.64075784006326,472.7354619926116,Medium,HTTPS,2278.986281349203,1,0,0,Normal
47.05231410800479,34.09274407749639,450.0533390656207,Medium,HTTP,1748.5902561463383,1,0,0,Normal
47.215811743953964,35.48872949602956,298.3918067396073,Medium,HTTP,967.5136012519177,1,0,0,Normal
49.247301386385516,37.93627917954995,640.6137591464766,Medium,FTP,2874.4666943112725,1,0,0,Attack
31.19194238232012,26.63502366606906,180.2471242522828,Low,HTTP,783.6215705151052,0,0,0,Normal
83.3757253074873,69.57050224140778,550.8315874716073,Critical,DNS,1830.464905636815,0,0,0,Normal
37.3713114252314,32.983854482248766,363.4056473473019,Low,HTTP,1364.114438855387,0,0,0,Normal
45.48842126328964,34.24321632922108,331.844698053133,Medium,HTTP,1079.5702145021241,0,0,0,Normal
51.09659683832433,43.834671868043195,293.18086406704026,Medium,HTTPS,1205.6860099544108,1,0,0,Normal
76.17215503545594,55.69294755480801,541.9529216719474,High,DNS,2258.1072557533566,1,0,0,Normal
70.32646607211063,53.74803757234165,506.7840671485353,High,DNS,2295.6308965260882,0,0,0,Normal
84.77947835659506,75.36620164532665,436.9189338353565,Critical,DNS,2036.321991605443,0,0,0,Normal
45.83691879095568,36.293940938642436,413.38247745247594,Medium,HTTP,1840.804152122531,1,0,0,Normal
77.36355010143598,56.43756613621806,538.5503803992262,High,DNS,1960.6812109084087,1,0,0,Normal
39.34372552103014,30.868839916094537,253.94604925620078,Low,HTTP,977.6702298358339,1,0,0,Normal
49.27941886300687,38.844332932706095,449.2058777090506,Medium,HTTP,1562.0337709839962,0,0,0,Normal
86.69025254552253,61.215777732442504,502.13193246200166,Critical,DNS,1622.899074586454,0,0,0,Normal
57.54175823312835,49.52860472535923,465.33653907264994,Medium,HTTPS,1813.378787724657,0,0,0,Normal
38.85332070032746,30.245435142943617,299.38818045206375,Low,HTTP,1379.0717328135179,1,0,0,Normal
55.37811562553543,41.986690781806985,475.67836399259375,Medium,HTTPS,2255.8229743526144,0,0,0,Normal
56.47397125780117,48.82849454835326,539.4462921543964,Medium,HTTPS,1697.8623627213863,0,0,0,Normal
31.843117080425145,23.299294996482008,229.692013671665,Low,HTTP,844.4477828770791,0,0,0,Normal
78.22258258791408,64.41453330565358,438.5210455718674,High,DNS,1879.7127956382153,0,0,0,Normal
53.53552230109926,43.268695765532904,466.7027593476437,Medium,HTTPS,1962.329704701452,0,0,0,Normal
47.45460173682659,40.032028512620144,397.13385392912704,Medium,HTTP,1866.8708437418452,1,0,0,Normal
79.38583808168914,70.02504908159911,461.0518246878588,High,DNS,1432.0502698985172,1,0,0,Normal
39.5070439018491,31.152471928229268,271.97600290243406,Low,HTTP,930.484881512482,0,0,0,Normal
67.04323677855427,48.55557370907828,377.6611404277279,High,HTTPS,1150.2263839778745,1,0,0,Normal
62.46721002651611,53.01624056813728,486.0621683121584,High,HTTPS,2188.6081016813528,0,0,0,Normal
73.07574216698413,60.99986216831815,578.5062070022274,High,DNS,2194.559857071104,1,0,0,Normal
94.625470135652,69.29511717638081,1035.0226615397385,Critical,FTP,3630.121260606283,0,0,1,Attack
56.55886787397321,43.85402853461495,517.6041778938741,Medium,HTTPS,1597.261575248862,1,0,0,Normal
47.272805023385445,34.28809674019107,608.0859143369798,Medium,SSH,1879.8929460806805,2,0,0,Attack
74.61153401424326,60.52809051967505,492.5600588870754,High,DNS,1706.18796719426,0,0,0,Normal
80.42453361169464,65.67959180861425,773.0073361753789,Critical,SSH,3502.012345735518,3,0,0,Attack
39.69280705408892,33.85717392227691,245.82972443194672,Low,HTTP,993.1874635085987,1,0,0,Normal
62.610889413481345,54.2250392179189,549.3714652330333,High,FTP,1867.2567022235453,4,0,0,Attack
47.59717911743792,40.23403344692648,544.7129280607921,Medium,FTP,2531.4682518068616,4,0,0,Attack
73.3729234468774,56.06178859277319,861.5119083412995,High,SSH,3370.945990107937,4,0,0,Attack
64.99834388494492,51.02313532168078,608.1128568573778,High,HTTPS,2704.0337620284513,1,0,0,Normal
85.89402540470473,64.22573412592477,661.125698895437,Critical,FTP,2025.424169747872,0,0,0,Attack
79.8192090507655,57.725389786406815,534.0773333059112,High,DNS,2423.569374870288,0,0,0,Normal
73.59086941469286,58.11411328860238,604.6377645476299,High,DNS,2407.8387390166995,0,0,0,Normal
49.21993274547276,42.36015001505043,394.3337391315714,Medium,HTTP,1403.6816215889055,0,0,0,Normal
65.49739395821234,57.25997217537599,805.9917939777308,High,SSH,3542.131390633174,1,0,0,Attack
44.31967936063302,31.677122412707423,233.34871183160732,Medium,HTTP,1074.9159696286388,1,0,0,Normal
36.96051792379876,28.37250173658945,223.72221217232138,Low,HTTP,1118.0832061616743,0,0,0,Normal
56.907569175964454,47.15635771210129,291.033451247344,Medium,HTTPS,1390.7656420172284,1,0,0,Normal
78.18899571097063,64.15146751620507,684.6879131953034,High,DNS,3307.228050364299,0,0,0,Normal
82.26984944732976,71.58184826915607,574.5508383519483,Critical,DNS,2524.9876161779594,0,0,0,Normal
34.42250622989377,24.46080690472093,215.767733917696,Low,HTTP,698.5128917340288,1,0,0,Normal
60.29305321222637,44.744693516082066,514.4093676686132,High,SSH,1885.6765448615477,2,0,0,Attack
68.59447554132203,48.32931627435798,358.66205035905455,High,HTTPS,1218.6335280022563,0,0,0,Normal
66.1400108782982,56.2370844457018,407.4090134257418,High,HTTPS,1421.1595349030558,1,0,0,Normal
81.02581474267936,63.147420550246224,715.1285763680526,Critical,DNS,2593.3112277070827,1,0,0,Normal
33.181516255881434,24.910315713514954,252.19146123840392,Low,HTTP,1209.494939719729,1,0,0,Normal
42.636064018442994,30.21138022347238,255.69875252555144,Medium,HTTP,882.4672068567492,0,0,0,Normal
31.369716990884626,22.245810774088223,286.0403573398021,Low,HTTP,1270.5182792389953,0,0,0,Normal
75.08198607276427,56.040583505598114,546.7518584289847,High,DNS,1862.2849522888232,0,0,0,Normal
53.80482165142894,45.89752522549889,463.6090539222043,Medium,HTTPS,1705.5338137797967,0,0,0,Normal
45.218602321401704,36.35640699715733,233.28268022345398,Medium,HTTP,985.8536700635426,1,0,0,Normal
32.57623741068528,24.102820610551586,288.12560229150006,Low,HTTP,1101.1532418658269,1,0,0,Normal
32.74477019240294,28.315528567424103,244.1354352216263,Low,HTTP,862.5040373076646,1,0,0,Normal
43.917559071842334,34.7511992872707,281.03159109261924,Medium,HTTP,1210.0373196690527,1,0,0,Normal
75.91122031502891,64.11916052504618,644.2487916326244,High,DNS,2632.8492718878806,0,0,0,Normal
61.204317232623,43.23227669363665,551.8302309717462,High,HTTPS,2453.518080322315,0,0,0,Normal
41.966892370255664,35.8307546548485,419.42137987170383,Medium,HTTP,1411.5586478675682,0,0,0,Normal
79.42031415441306,63.39554298475448,750.2666420503289,High,DNS,2809.1566228084075,1,0,0,Normal
57.38477289065486,43.3807565376344,549.4980533019213,Medium,HTTPS,2008.7173044562983,0,0,0,Normal
73.39795721483824,61.61574060793767,622.9130027020658,High,DNS,2201.314807659255,1,0,0,Normal
31.907976340889945,27.461533226203915,178.4722487765284,Low,HTTP,808.4721498950888,0,0,0,Normal
76.13586780786136,68.50431737685668,507.3907236817541,High,DNS,2144.6238213599977,0,0,0,Normal
59.46849238658615,52.20568895486786,356.4721108611073,Medium,HTTPS,1749.945241738403,0,0,0,Normal
46.788855400518514,41.3158264711844,291.0602428918017,Medium,HTTP,1278.7788889086796,0,0,0,Normal
81.84246106844512,68.70441966219775,737.3687180224345,Critical,SSH,2630.7281114480265,4,0,1,Attack
88.19437371537788,63.82924136125201,1036.9512227497685,Critical,SSH,3649.040812075619,3,0,0,Attack
89.92921739489248,68.93714726982033,551.0859559256023,Critical,DNS,1994.5636986109023,0,0,0,Normal
83.36142145068152,61.66845258752366,717.2718538702354,Critical,DNS,3174.8747004367046,0,0,0,Normal
84.90812470736273,63.581640012303474,510.7410531308786,Critical,DNS,1630.2811936253518,1,0,0,Normal
71.84147237974685,54.788868652929686,481.1257598304193,High,DNS,2076.197273755856,0,0,0,Normal
37.1201132418355,32.65062628316232,299.37413633350087,Low,HTTP,1129.136526863011,0,0,0,Normal
49.971357252361486,37.23465130850343,352.52069158461103,Medium,HTTP,1236.661475417617,0,0,0,Normal
41.93162561656209,35.397608388723725,265.52065958972804,Medium,HTTP,815.081144481598,1,0,0,Normal
44.64860776788555,33.06715188855545,368.9870970382988,Medium,HTTP,1362.5545840563038,1,0,0,Normal
58.79069778799021,45.14431294344657,653.6726004540428,Medium,FTP,3039.122065991165,4,0,0,Attack
83.87817895741819,68.99822824696379,722.6412436125743,Critical,DNS,3219.5711717847735,0,0,0,Normal
43.53596153370745,34.0528800471816,257.45975293890586,Medium,HTTP,946.3961767737078,0,0,0,Normal
73.25234498952341,55.18019769375635,502.54972936623943,High,DNS,1641.4958372828382,1,0,0,Normal
42.18264045630349,35.035629648323244,280.04521876140683,Medium,HTTP,1309.1926821687348,0,0,0,Normal
50.36457114139921,40.72830003908975,319.0474819543193,Medium,HTTPS,1235.1631402814191,1,0,0,Normal
76.78013675758848,64.84962875595248,877.5770308374101,High,FTP,2877.94504270483,4,1,0,Attack
64.65346013421367,47.62044430829776,721.5545923024627,High,FTP,2565.2462878718284,1,0,0,Attack
45.98674909990223,35.61310887676034,449.4131328556969,Medium,HTTP,2203.566594374813,1,0,0,Normal
79.17095707616681,60.60971766025238,871.6704912202771,High,FTP,3805.0471085527183,3,0,1,Attack
62.60089453404362,47.16291353371632,401.854556634684,High,HTTPS,1865.1474903561461,1,0,0,Normal
73.3843966468703,62.5965968773316,462.13991144139277,High,DNS,1687.3676046429432,0,0,0,Normal
40.96471345590544,33.70072702456473,268.25058538174494,Medium,HTTP,861.1964114886841,0,0,0,Normal
52.326330348296324,46.61787485722074,448.21687105268575,Medium,HTTPS,2229.3086320235525,1,0,0,Normal
49.666483387118205,41.68766029643931,272.17129623821415,Medium,HTTP,957.6453403009119,1,0,0,Normal
46.01712268537085,34.82448862102624,381.40028905393825,Medium,HTTP,1814.607580207737,0,0,0,Normal
85.89880030716813,64.587386309089,795.2050063460752,Critical,FTP,3859.7531076714035,4,0,0,Attack
66.80309599265456,50.899504743547396,418.86436075512563,High,HTTPS,1454.7062139251277,0,0,0,Normal
87.27199029774056,73.53817109847206,451.57726501972263,Critical,DNS,2202.3764407530552,0,0,0,Normal
71.80558871972607,51.642519684619835,483.3752921901058,High,DNS,2050.2296436676556,0,0,0,Normal
57.031721599341836,47.423531539499926,720.3151000719389,Medium,SSH,3075.74544559169,0,0,0,Attack
45.570273664343404,35.4156531739998,393.64546776581363,Medium,HTTP,1524.613844005158,1,0,0,Normal
58.579996123880846,43.98217498270176,591.8854556601299,Medium,FTP,2243.3068967077297,3,0,0,Attack
72.7895978340348,51.460401248137806,412.41405728363003,High,DNS,1918.4959598020037,1,0,0,Normal
35.75975048206601,27.50886381760901,328.53673295572185,Low,HTTP,1363.6421542711778,1,0,0,Normal
69.45870583738724,60.07694016674512,498.6107995194672,High,HTTPS,1683.9083209959053,1,0,0,Normal
53.149706987896934,44.93958083613884,302.8764711322907,Medium,HTTPS,1452.733541198487,0,0,0,Normal
45.24160750894225,34.72700324000569,288.999532912268,Medium,HTTP,1066.868531237863,0,0,0,Normal
42.09239827978308,30.585747246721123,610.7385874381597,Medium,SSH,2027.9290710436644,1,0,0,Attack
50.780669161031255,44.05189112782709,427.2222962398666,Medium,HTTPS,1617.5556965138148,1,0,0,Normal
89.47909384056402,70.4326501719157,1014.5616590066807,Critical,SSH,3116.3993349957977,1,0,0,Attack
73.65848684568846,53.61911778271349,488.2093911840411,High,DNS,2064.474294648775,1,0,0,Normal
50.27698496218363,37.985096278214854,277.83283622795847,Medium,HTTPS,1185.9955345482028,1,0,0,Normal
47.99005400040187,42.72654888706231,676.7485078591319,Medium,SSH,3156.1723417894154,3,0,1,Attack
90.24799508726574,75.49457463859832,768.2327546663306,Critical,SSH,3803.1100091196986,2,0,1,Attack
56.1422556337493,48.51448589150565,527.4215333953946,Medium,HTTPS,2261.2447545497785,1,0,0,Normal
48.38264704667381,37.018555615689664,666.1406428553402,Medium,SSH,2105.9556996283513,1,1,0,Attack
46.65497726316971,33.64018710936914,288.4416927998012,Medium,HTTP,971.5884343918237,0,0,0,Normal
97.09627511590952,87.13155259624747,1141.1239870118723,Critical,FTP,3966.286240311068,0,0,0,Attack
70.95706967982551,53.349350087710896,575.0159099578302,High,DNS,2415.0741521835316,1,0,0,Normal
89.24048834800487,78.15459698840168,929.5409824217884,Critical,FTP,3245.992024113175,0,0,1,Attack
49.536153199587716,43.85823863641097,355.80126876127684,Medium,HTTP,1474.2689661836428,1,0,0,Normal
36.31252922670683,27.136268903924122,253.28925035321978,Low,HTTP,1083.1201291979473,1,0,0,Normal
89.21182864811271,79.19401433745216,814.4746659610645,Critical,DNS,3498.6922036274113,0,0,0,Normal
45.55617218313273,37.5450565542869,358.82928810502585,Medium,HTTP,1429.0470930257693,0,0,0,Normal
82.73252792037965,68.41980022588248,491.67938392035154,Critical,DNS,2141.4858115367806,1,0,0,Normal
85.61351136633675,67.4040600757946,812.5697332129243,Critical,DNS,2789.1625941644643,1,0,0,Normal
54.18930447813182,42.21402684691737,564.6388245821254,Medium,FTP,2145.068656695278,3,0,0,Attack
86.31226667203009,74.67623807160211,500.70899997950113,Critical,DNS,1591.1879976725684,1,0,0,Normal
67.24458677097573,54.80873293352328,468.3947813913438,High,HTTPS,2128.6581315785106,1,0,0,Normal
68.09999867909937,50.23873005390191,352.7019321296806,High,HTTPS,1148.4087994345402,0,0,0,Normal
56.19190125507885,49.42895635659534,453.5621569697902,Medium,HTTPS,2004.0652844027345,0,0,0,Normal
53.70309281577647,41.30623102091696,438.85332581514916,Medium,HTTPS,1799.7996257857817,1,0,0,Normal
79.55605483757267,58.238639888343414,728.6797688026872,High,DNS,2305.591307389561,1,0,0,Normal
64.5196062555624,50.23635607795778,637.2062513018598,High,HTTPS,2148.7592620931086,1,0,0,Normal
41.315995719633065,29.217311692900978,339.5511381695533,Medium,HTTP,1535.9929147540934,1,0,0,Normal
83.89366751740454,69.03329422393611,453.3253110848662,Critical,DNS,2181.098794175215,1,0,0,Normal
60.7477773912251,50.23074441561359,559.6883462039642,High,FTP,2466.5604791129576,3,0,0,Attack
39.61360454806709,34.32015754910883,245.18558360029488,Low,HTTP,1096.167111522883,0,0,0,Normal
53.586466161796125,47.96238348657233,428.69343710851746,Medium,HTTPS,1943.1868208711292,0,0,0,Normal
32.15012140455656,26.643955509302376,200.29827524133893,Low,HTTP,611.3692442830395,1,0,0,Normal
76.85997024607786,55.04271452340679,804.0267523804162,High,SSH,3050.2781650938828,2,0,1,Attack
78.0621344816609,57.51934204438952,839.3714850815472,High,SSH,4187.111956244651,1,0,1,Attack
79.91190102984547,59.74031128101989,658.402695556717,High,DNS,3070.0189301612654,1,0,0,Normal
88.51397519902093,72.58157250170285,659.9881571998311,Critical,DNS,3077.1792698908907,1,0,0,Normal
68.62072998759686,51.41090864570425,575.6338637721288,High,HTTPS,2460.1460914303934,0,0,0,Normal
44.84284087222477,36.51784823999586,472.7028693966853,Medium,SSH,2004.736991704862,0,0,0,Attack
41.05214939223515,33.97565503208405,287.2634627094157,Medium,HTTP,1277.1686034310915,1,0,0,Normal
44.273145217912315,36.72741966757421,241.05286216108138,Medium,HTTP,810.459882149343,0,0,0,Normal
76.00038244301686,60.667505503696,873.473822634913,High,SSH,3159.5694308184598,4,0,0,Attack
44.761126797966426,37.399943326981514,252.45634299750583,Medium,HTTP,1135.1641476671723,1,0,0,Normal
64.30554039194249,47.79522731233024,549.571541390816,High,HTTPS,2235.939785928923,1,0,0,Normal
68.28654919474502,53.2567494030251,529.4156441205596,High,HTTPS,1940.8664313689578,0,0,0,Normal
78.86928285850445,56.6113441695333,626.695948976335,High,SSH,3055.0728606048415,1,0,0,Attack
59.47579033243528,50.81957216933025,352.71472055754145,Medium,HTTPS,1732.0907062547253,0,0,0,Normal
80.6635511821878,58.529731363353356,910.5648577876605,Critical,SSH,3107.336661672552,2,0,0,Attack
42.97562708135956,36.179040127618805,409.48600858320435,Medium,HTTP,1327.0535179830504,0,0,0,Normal
63.970306148330565,51.82325075722351,744.871065099213,High,SSH,3015.5318659155296,2,0,0,Attack
35.336093283985974,25.315012512838795,306.6081844216689,Low,HTTP,953.0767112714867,0,0,0,Normal
76.3374368895893,56.27715387379416,674.2145615901585,High,DNS,3263.4771459368653,0,0,0,Normal
37.68096186773619,32.11773784529584,193.33103955501315,Low,HTTP,802.7109833986441,0,0,0,Normal
72.55505912078661,63.930674917079436,506.7521185304582,High,DNS,2256.30528155407,1,0,0,Normal
63.03424765730597,52.993048973751065,628.5128387795419,High,HTTPS,2126.8822025790264,1,0,0,Normal
34.92199753993191,29.581603247709964,319.7832298549005,Low,HTTP,1101.0161912038259,1,0,0,Normal
41.164697821295704,35.12506337705993,376.9118454807421,Medium,HTTP,1456.8450514648105,1,0,0,Normal
75.7079457634245,53.391469942847394,619.6323674702221,High,DNS,2384.0388315358223,0,0,0,Normal
84.33997446263675,65.73248514871105,683.3664819735162,Critical,DNS,2261.137350049964,1,0,0,Normal
82.21074706176296,73.89422209135869,908.242186209826,Critical,SSH,3455.452751167268,3,0,1,Attack
74.1229482696508,64.21143974252914,437.7268818608974,High,DNS,1345.4498871552223,1,0,0,Normal
85.98436453641625,74.4837536730089,762.6055213257212,Critical,SSH,2861.6920739835664,2,1,0,Attack
31.56882307844171,26.119424270100485,275.9491619888878,Low,HTTP,999.7326104726724,0,0,0,Normal
53.81256243264943,44.34697963241013,412.81157050993903,Medium,HTTPS,1826.0552248667439,1,0,0,Normal
89.65168691087456,75.71966646738694,597.5406350085356,Critical,DNS,2730.5324914003527,1,0,0,Normal
79.88485850131838,58.81256371561459,773.8622943477696,High,DNS,3325.837021267445,0,0,0,Normal
89.87429484855966,68.45945861639925,1078.6877667709005,Critical,FTP,4859.613878726704,4,0,0,Attack
68.21410863369238,57.957960720944584,411.4227262122741,High,HTTPS,1380.6698606329835,0,0,0,Normal
67.23026163963368,54.24483409996586,376.6203388878676,High,HTTPS,1507.101769253412,1,0,0,Normal
73.37950375433138,56.25312509670778,559.2241750460568,High,DNS,2401.2922741782318,0,0,0,Normal
40.86499801953323,36.26723000594965,215.40467942203222,Medium,HTTP,943.3789764956783,0,0,0,Normal
58.51737106284418,52.1433148609344,761.8272285235035,Medium,FTP,2985.592487148226,4,0,1,Attack
84.89431093577878,62.92822575947371,868.9677269330542,Critical,FTP,2918.4449293788675,2,1,0,Attack
62.05543505420792,44.93296698469164,535.6133635747703,High,HTTPS,2161.3842647219267,1,0,0,Normal
49.981625189393526,40.22718334344276,297.88944360357254,Medium,HTTP,1424.32023797428,1,0,0,Normal
86.24665432711481,61.308017071213676,526.7531477258959,Critical,DNS,1714.8165937751987,1,0,0,Normal
97.32223567392793,86.03687887973054,897.1226511256735,Critical,SSH,4463.201417164072,3,0,0,Attack
42.376122966866205,34.54502655913769,301.6655891865214,Medium,HTTP,1187.3403615203158,1,0,0,Normal
37.223359785202774,31.462982229417005,214.85518470050377,Low,HTTP,1037.9964044849196,0,0,0,Normal
71.45183269458357,52.759973647502854,700.975581977558,High,SSH,2528.7408222026384,4,1,0,Attack
33.25354896209319,24.750642809853343,172.39637689287227,Low,HTTP,662.8603397236473,1,0,0,Normal
95.21239966576104,74.88659264975615,855.184961935649,Critical,FTP,4239.8485397620625,2,0,1,Attack
64.56007869914174,50.66355611813667,423.33446547240294,High,HTTPS,1666.693390022636,1,0,0,Normal
83.57449524417461,61.08310239237769,915.2847298102745,Critical,SSH,4444.1931784354765,4,0,1,Attack
41.51974970196534,32.4042959867789,370.5241234031456,Medium,HTTP,1787.7629943439943,0,0,0,Normal
43.29023742458958,30.62230198417819,356.8968039818262,Medium,HTTP,1648.596030089846,0,0,0,Normal
55.95642871929158,43.380330365209595,490.33448091726,Medium,HTTPS,2134.4039023868545,0,0,0,Normal
55.42515966051724,42.249972479948546,326.43236355913757,Medium,HTTPS,1337.3384011603812,0,0,0,Normal
49.264629288809374,41.4978605012338,569.6876060205493,Medium,SSH,2195.2984055540287,2,0,0,Attack
54.136498071748065,46.39291128565734,445.8101086585026,Medium,HTTPS,2144.2377014678846,1,0,0,Normal
32.211601085728034,26.728257856626694,272.1530669728003,Low,HTTP,1176.5187622147773,0,0,0,Normal
52.57558438635897,44.716146160035926,383.6688740991568,Medium,HTTPS,1495.2492801770861,1,0,0,Normal
48.68660769981943,35.8131016980159,287.07076641780156,Medium,HTTP,1377.7790948681677,0,0,0,Normal
72.70378220826387,58.175002396125635,551.702503876359,High,DNS,2707.103605274544,1,0,0,Normal
77.08854250697186,63.93701199989455,728.7511360134597,High,DNS,2740.8608154930766,1,0,0,Normal
68.93135040532798,57.7614789392857,388.6774006806751,High,HTTPS,1253.7778469653422,0,0,0,Normal
75.15349005785538,59.5139657002024,746.8412060288418,High,DNS,2501.586030251586,0,0,0,Normal
40.67527431048802,29.93097932651171,298.5513231033589,Medium,HTTP,1032.7367501947908,1,0,0,Normal
60.04941955899994,48.25177534377627,575.1449811653704,High,HTTPS,2236.0827575703975,1,0,0,Normal
68.81912377878507,60.43263250521318,448.6076460422186,High,HTTPS,2138.722075814004,0,0,0,Normal
71.38697530066565,51.79443668972587,507.7360010620202,High,DNS,2011.0086074838093,0,0,0,Normal
67.56966837223445,60.643899589062535,868.5705598344016,High,FTP,3836.593303844524,4,0,0,Attack
40.75558063632343,32.343420769664384,299.2540121488338,Medium,HTTP,1006.5989045996505,1,0,0,Normal
61.06032513620448,53.923254330402415,588.5499075616037,High,HTTPS,2632.54146110212,1,0,0,Normal
83.44115931846318,63.477521630892554,797.8971337706043,Critical,DNS,3520.486706090217,0,0,0,Normal
37.66338945548341,29.546847551083296,340.78317926552654,Low,HTTP,1360.5174488369591,0,0,0,Normal
89.25054266204825,79.94898193109526,748.1326204397669,Critical,DNS,2517.1404366599127,0,0,0,Normal
58.07846874966344,46.09723185290697,449.6480838597479,Medium,HTTPS,2241.27515462243,1,0,0,Normal
84.93432950177521,75.21385692166818,605.9029625626102,Critical,DNS,2518.6238648668004,0,0,0,Normal
48.22377642893116,42.557275745760144,459.30201517204455,Medium,HTTP,1490.3951419238126,1,0,0,Normal
65.34935101371957,56.32624794721744,742.8903660769795,High,FTP,2821.3091743698383,4,0,0,Attack
88.73443974618567,74.11947770840446,642.7121876758688,Critical,DNS,2987.261308032673,0,0,0,Normal
58.11181412995211,47.052156921889306,551.9809666081693,Medium,HTTPS,2713.327828236393,0,0,0,Normal
95.66592341237993,75.13135412389299,1134.3733046366997,Critical,SSH,5403.271195233073,0,0,0,Attack
84.74871254729351,74.66154515739049,584.9860686759033,Critical,DNS,2295.524576066622,0,0,0,Normal
78.57753936405061,65.40011643545934,437.23576578381574,High,DNS,1501.386777629234,1,0,0,Normal
70.58864828723017,55.745542270664046,414.6298578298897,High,DNS,1636.771366795396,0,0,0,Normal
62.90494605796994,55.35283370391791,386.7332943601225,High,HTTPS,1798.688487131863,1,0,0,Normal
55.6053799847723,49.52669820709285,401.4512827745125,Medium,HTTPS,1492.6090604112162,0,0,0,Normal
84.29267034254735,65.41986292633592,793.9246005212323,Critical,DNS,3559.372057444674,0,0,0,Normal
69.69011615059571,50.35636654806448,515.835209284019,High,HTTPS,2525.5883938863294,0,0,0,Normal
56.91716851057208,41.83158858968844,486.23410254730067,Medium,HTTPS,1884.2661143481105,0,0,0,Normal
93.98321836048126,70.10358490159054,755.3689072204751,Critical,SSH,2804.333370967786,1,0,1,Attack
97.20453068024653,76.67356602632734,1043.9608821767483,Critical,SSH,3398.662476248741,1,0,0,Attack
52.831144133233465,46.31953042057838,450.6768981332412,Medium,HTTPS,1781.6537104550641,1,0,0,Normal
36.77263289064285,29.273724778565832,275.0892372517947,Low,HTTP,1324.0513020427452,1,0,0,Normal
40.486663432238856,34.07817064030287,239.3333150685387,Medium,HTTP,860.4415305966405,0,0,0,Normal
43.77479551520082,32.23441960817341,436.0527236595406,Medium,HTTP,2023.912186823617,1,0,0,Normal
56.635778671297885,47.987088454536924,446.9710678781807,Medium,HTTPS,1706.3299978634495,1,0,0,Normal
83.02400514230612,69.84150534608585,465.9541991426346,Critical,DNS,1854.4524254169937,0,0,0,Normal
68.82210065530671,55.00486446289527,681.366951841019,High,SSH,2168.6818715778727,1,0,0,Attack
72.51404599446687,53.403436700535764,661.3097822394982,High,DNS,2171.1747801075066,1,0,0,Normal
40.91081794074853,36.75636332572544,400.47788470960217,Medium,HTTP,1444.240315549673,1,0,0,Normal
74.18784510606201,60.51362022724518,697.9632149898545,High,DNS,2476.0617965629053,0,0,0,Normal
72.3661869589705,52.42867384226207,529.0089630106008,High,DNS,2306.3936234829225,1,0,0,Normal
59.76977136335336,46.60695163401465,363.6714311331624,Medium,HTTPS,1706.5911434686843,1,0,0,Normal
40.93693422351862,35.40184708560518,301.6589713666909,Medium,HTTP,1118.662003786694,0,0,0,Normal
89.53528559824917,79.8262444972757,817.228651375357,Critical,DNS,3906.2154491201345,1,0,0,Normal
74.70431837209617,65.46504811014132,707.6219800034005,High,FTP,2932.9925205432824,2,0,0,Attack
47.3473940473923,37.518392663369035,612.3084559111462,Medium,FTP,2153.100550177237,2,0,0,Attack
53.93239042532514,40.09234186708072,525.3169590776826,Medium,HTTPS,1797.757303504872,1,0,0,Normal
79.43696876987815,63.13291415808267,570.9977183773707,High,DNS,2659.92268584466,0,0,0,Normal
97.46855375698942,84.31984259422569,860.9671151139435,Critical,FTP,3631.940735844292,4,0,1,Attack
82.89664186773734,63.97990057880205,467.44293316377417,Critical,DNS,1839.5918745198123,1,0,0,Normal
57.72201248804777,48.967095983373866,426.17372057657985,Medium,HTTPS,1863.9862289506957,0,0,0,Normal
53.01445319353661,47.1622660779907,705.3828245082727,Medium,SSH,3071.4317393211527,4,0,0,Attack
58.426447291712975,46.01213660191791,379.0649288275046,Medium,HTTPS,1209.1068980217844,0,0,0,Normal
79.5293743799266,61.337306921975,724.0034453223745,High,DNS,2900.843107542813,1,0,0,Normal
61.540985752653796,44.65134413488981,633.4854956922152,High,SSH,2586.2913510916783,3,0,1,Attack
74.4978624585201,59.250264759011074,554.9909737653312,High,DNS,2163.81707370698,1,0,0,Normal
86.88344349691761,76.57185697190799,474.13160207552386,Critical,DNS,1981.5155478646773,1,0,0,Normal
56.25672311814924,42.72788060111265,321.1054010240086,Medium,HTTPS,980.3834052597559,1,0,0,Normal
51.376044638382155,44.3962963953987,334.7524750186287,Medium,HTTPS,1566.537980849971,0,0,0,Normal
47.66637431363051,37.2633795039073,503.5815883113142,Medium,FTP,2078.4830809993323,1,1,0,Attack
58.59851599903777,46.76104623464691,492.2038696206578,Medium,HTTPS,1648.2341365903396,0,0,0,Normal
84.3951041418768,60.619651529065116,779.1088278751569,Critical,DNS,3636.707995688601,0,0,0,Normal
47.85479618876707,34.8533338186126,324.0208092016076,Medium,HTTP,1286.7695191460102,1,0,0,Normal
79.24317475910357,60.27467507102883,748.8146684232685,High,DNS,3275.892486491036,1,0,0,Normal
54.52620452349947,41.153944191464575,428.6929061808717,Medium,HTTPS,1896.9737749891951,0,0,0,Normal
59.39708423033153,49.655002925766084,373.6619873572039,Medium,HTTPS,1558.2934295637176,1,0,0,Normal
35.4851948301075,30.84611986798158,214.88357053503591,Low,HTTP,1072.0364360221351,0,0,0,Normal
48.49429896930815,37.38118263921445,643.5260800370726,Medium,FTP,3083.206370683901,0,0,0,Attack
48.188769269763725,42.30892860900151,387.73202285520716,Medium,HTTP,1450.5020412639442,1,0,0,Normal
56.426602866122266,45.95866594539699,614.0917419749517,Medium,SSH,2237.4694839402587,4,0,0,Attack
80.79515384903061,60.72859360471998,881.4608527655147,Critical,FTP,3139.4207721423813,2,0,1,Attack
80.78019311149546,59.956945668358635,677.3977250688897,Critical,DNS,2309.5403886249787,0,0,0,Normal
51.250993005628516,44.3750423330821,280.5619296484192,Medium,HTTPS,1161.0422281389722,0,0,0,Normal
83.39495228952728,68.5376665352832,626.8528172956125,Critical,DNS,2959.467329950828,1,0,0,Normal
64.34573558028205,51.06114841076717,495.88637019169767,High,HTTPS,1960.595857442471,1,0,0,Normal
45.490975801076274,38.09310106083353,329.67684449013854,Medium,HTTP,1545.8700919185908,1,0,0,Normal
42.66700545864296,35.64519539551475,339.1229289595625,Medium,HTTP,1177.134434540016,0,0,0,Normal
89.75131249579135,64.52858388543986,660.6825826587395,Critical,SSH,2159.3415096976273,0,0,0,Attack
66.55329124958371,53.287026097345255,612.2387857031307,High,HTTPS,2987.1315234475237,0,0,0,Normal
58.06308817649551,46.930286734239665,453.96637983668853,Medium,HTTPS,2220.2180099880748,0,0,0,Normal
71.21312781291635,56.25005976488707,418.14244177295575,High,DNS,1644.9995639534159,1,0,0,Normal
80.62829002657963,65.94791197386846,939.3169164523138,Critical,FTP,3681.4019602404774,4,0,0,Attack
35.69127656533965,25.173597733860706,265.11978161385287,Low,HTTP,930.0876900981376,0,0,0,Normal
70.20010925160022,60.931522213630736,792.2731831936302,High,SSH,3803.844606799027,3,0,0,Attack
62.479111298307544,50.779278293798086,534.9801833479945,High,HTTPS,2565.0790448663806,0,0,0,Normal
56.96498732366308,41.86175651778022,451.49438109686923,Medium,HTTPS,2033.9842010612058,0,0,0,Normal
75.3775664303248,65.33561038442326,951.687261365832,High,FTP,3629.679858796564,4,0,0,Attack
31.594542053790065,25.18481767197626,299.44622266203834,Low,HTTP,1006.5246195141077,0,0,0,Normal
80.39071532744856,67.32538089235085,550.8755852772907,Critical,DNS,1731.9532554161242,0,0,0,Normal
63.82202581924503,53.7701708681289,421.7906262217884,High,HTTPS,1646.074844792695,1,0,0,Normal
40.46045378679992,33.05752197385115,259.1098705171231,Medium,HTTP,1200.21037727922,1,0,0,Normal
80.03337655434734,71.94134304596706,482.0871238145788,Critical,DNS,2221.98424523031,1,0,0,Normal
59.13767411882873,51.98859943704635,463.9756098184216,Medium,HTTPS,1768.5721321038284,0,0,0,Normal
71.2431216146797,55.14923693591272,662.7661821885597,High,DNS,2935.795270707183,0,0,0,Normal
82.7505364076751,63.25072585253997,811.0547851141641,Critical,SSH,2518.0863649104876,2,0,0,Attack
65.10987060137268,49.23355213460063,600.4833694704513,High,HTTPS,2165.089575465023,1,0,0,Normal
99.66752926055051,73.84796200019201,815.7246319894015,Critical,FTP,3811.354970561322,4,0,1,Attack
93.73339945319458,76.2828117530951,731.5502464395634,Critical,FTP,2198.677123233665,3,0,0,Attack
52.229732580453856,45.550342824396175,506.50177470052313,Medium,HTTPS,1662.458852076684,1,0,0,Normal
49.306281016470166,39.216835323633674,479.59112772498634,Medium,HTTP,2109.2694663466073,1,0,0,Normal
46.848333500893204,40.70673536553378,343.64014433785275,Medium,HTTP,1607.6772070361712,1,0,0,Normal
42.28291164057737,31.590046410419692,308.5841891769276,Medium,HTTP,1334.443311393561,0,0,0,Normal
64.14822954709962,46.62517444847355,402.2381296412829,High,HTTPS,1374.5080273249948,0,0,0,Normal
81.63455511225038,72.48356799906445,775.7686949714296,Critical,DNS,2505.278577154975,0,0,0,Normal
58.611599872238,52.10987495536664,556.0362134713059,Medium,HTTPS,2143.0808762631564,0,0,0,Normal
90.6713984698581,71.93927731687123,994.5091403568043,Critical,FTP,4128.120217047444,4,0,0,Attack
44.13342779429513,34.950290266974946,310.4722468459463,Medium,HTTP,1453.8028975628524,0,0,0,Normal
38.05048141308362,28.56898311914354,224.62024364369626,Low,HTTP,968.3033800264398,0,0,0,Normal
86.37090592113964,76.01657202666135,462.948218524567,Critical,DNS,2101.627108869646,0,0,0,Normal
96.72130637428154,85.06366015203156,901.8551482183083,Critical,SSH,4398.907507512862,0,0,0,Attack
58.021951345945126,49.34769550464731,526.8468517430156,Medium,HTTPS,2307.9979812076795,1,0,0,Normal
57.5769933158881,44.99032767341622,519.5017662855956,Medium,HTTPS,1755.470359244463,1,0,0,Normal
45.245374498626916,33.30641756357677,318.0498983745606,Medium,HTTP,1000.7271640235274,1,0,0,Normal
84.03534112308989,60.034854033747855,720.5209769665953,Critical,DNS,2443.3792245204163,0,0,0,Normal
83.84153608159977,66.25650788521075,441.154384440806,Critical,DNS,1620.838510960805,0,0,0,Normal
85.15013383686892,73.50203776088334,754.6632705245523,Critical,SSH,3717.6963245121483,3,0,0,Attack
64.41825501333369,55.45827292616422,791.4167339938571,High,SSH,2769.478691771573,4,1,1,Attack
40.83860239406931,31.902210542021514,204.75494155956423,Medium,HTTP,701.3657168078017,0,0,0,Normal
34.32002261695743,28.930438319307548,195.8160613713486,Low,HTTP,666.9026584202915,0,0,0,Normal
57.07762637146516,40.55197339440969,484.8826736993699,Medium,HTTPS,1627.263111955119,1,0,0,Normal
78.96155807000468,60.05482822145685,726.1254074462997,High,DNS,2985.5080698444617,0,0,0,Normal
78.27278113021748,67.88093359383093,650.5262531261862,High,DNS,2651.7202304722996,0,0,0,Normal
54.353347116411896,38.07725855374323,328.4504833416054,Medium,HTTPS,1588.027430936647,0,0,0,Normal
72.88828019314678,53.078972895898154,406.24544953458457,High,DNS,1388.6568984789742,0,0,0,Normal
33.14116917105821,27.83214519255498,236.47972190180005,Low,HTTP,929.1256995971441,0,0,0,Normal
58.16733745887177,50.47979243557854,658.2004467483521,Medium,SSH,3023.471609153861,0,0,0,Attack
90.17064660409233,75.06170693391911,1030.145569408784,Critical,FTP,4831.1160271524805,4,1,0,Attack
30.165117185097188,22.373919912602208,249.68017790452208,Low,HTTP,987.8627068970778,1,0,0,Normal
38.46710920566693,27.809467235230258,340.4011361617336,Low,HTTP,1179.2961999652753,0,0,0,Normal
71.94173188850982,56.50455401339606,697.4069054478293,High,DNS,2978.4716847604855,0,0,0,Normal
80.35122789282468,65.49358112570982,679.1237332143487,Critical,DNS,2102.847394582906,0,0,0,Normal
69.73217924283745,60.5453375025284,414.7569318144735,High,HTTPS,1514.780192390876,0,0,0,Normal
42.51450019550248,35.33314830454376,228.13780866011726,Medium,HTTP,697.0250386366206,0,0,0,Normal
46.88243132499338,40.035998289626,480.254794987687,Medium,FTP,1608.4044233618358,2,0,0,Attack
55.626329239457846,49.38294622934203,371.87376990225056,Medium,HTTPS,1368.6902152191365,1,0,0,Normal
74.52736881532473,62.459717505758036,931.5416883646623,High,SSH,3053.5249278401852,2,0,0,Attack
80.47660417301813,59.38483087254428,502.85678318440176,Critical,DNS,2469.319463398395,1,0,0,Normal
69.3253935156099,49.543025387729344,420.35294918829794,High,HTTPS,1984.0236270218895,1,0,0,Normal
76.1897740248969,56.31284106989724,458.235922068345,High,DNS,1763.488337085554,1,0,0,Normal
86.32862659385864,66.24931801384656,508.47421258577606,Critical,DNS,1910.928494279753,0,0,0,Normal
71.42327643632598,63.754546515240634,555.5944979236949,High,DNS,2001.4764743978967,1,0,0,Normal
51.37426702873199,38.52758518202526,595.1027082858056,Medium,FTP,2199.5277086435235,4,0,0,Attack
34.39341145567596,25.538452499046503,329.73880703400005,Low,HTTP,1185.5057426285875,1,0,0,Normal
41.73385519490694,30.907094725633026,252.30939324388333,Medium,HTTP,1007.9043750801825,0,0,0,Normal
50.22253669871134,36.94366546234491,367.75286432872815,Medium,HTTPS,1595.950464588551,0,0,0,Normal
97.78894652954477,79.32208922439905,1078.52179518794,Critical,FTP,4477.895081604661,1,0,0,Attack
44.98180943668558,36.32852091019301,414.928078812258,Medium,HTTP,2066.279460997923,0,0,0,Normal
42.761727477591194,37.779587108642616,316.06393825914347,Medium,HTTP,1469.2123060981219,1,0,0,Normal
42.172822864959016,31.28494142569051,259.83001501547545,Medium,HTTP,1059.4957403001467,0,0,0,Normal
50.67980566556798,40.18395088152714,614.4062771069919,Medium,FTP,2381.1511152348326,4,0,0,Attack
63.34679543899256,54.4373367631194,332.0025759941369,High,HTTPS,1430.394808442588,1,0,0,Normal
62.288080660655396,54.12672952410688,413.00296829052945,High,HTTPS,2058.8026525892183,0,0,0,Normal
85.04719994140032,67.66790964853357,436.9896668157176,Critical,DNS,1952.9045569014493,0,0,0,Normal
52.54811962102394,39.2241805590192,508.59734374822006,Medium,FTP,1557.4652244352878,2,0,0,Attack
57.86960321058359,47.862677518951735,387.80210405425714,Medium,HTTPS,1363.613074512181,1,0,0,Normal
77.80626968989964,55.21454052002876,443.0923550451126,High,DNS,1631.3617297838723,0,0,0,Normal
80.69223332946422,61.74740662556491,788.8839861155977,Critical,DNS,3046.2159786268267,0,0,0,Normal
58.695370436034864,41.411231290382425,545.852181200561,Medium,HTTPS,2367.399536271906,0,0,0,Normal
43.93292571781785,32.28659174449683,312.84953137851505,Medium,HTTP,1146.7535428057834,1,0,0,Normal
78.12340951146325,60.00286965308969,738.6925603006899,High,FTP,3412.2206582389595,2,0,1,Attack
32.89238286357431,23.938833577029907,213.99826547716577,Low,HTTP,917.6248880441625,0,0,0,Normal
49.56635630638175,44.166508184745005,334.08309241135305,Medium,HTTP,1233.5860995157425,1,0,0,Normal
31.658420328967622,27.605824000672797,205.40673991621253,Low,HTTP,685.739746631523,1,0,0,Normal
40.47194365251926,31.764116969147892,303.00494499867733,Medium,HTTP,1224.3036658995418,0,0,0,Normal
50.41571032925276,39.11332511094666,420.9379480619962,Medium,HTTPS,2022.8526339773027,1,0,0,Normal
38.337786681368016,29.145938647586185,302.0904363881568,Low,HTTP,1130.8361959749807,0,0,0,Normal
87.31745972050703,67.1999292856185,868.7759105816184,Critical,DNS,3226.398943466712,1,0,0,Normal
81.59698159746767,61.9752517397755,744.2594263360647,Critical,DNS,2714.9016298455876,0,0,0,Normal
55.452865139359346,44.33299092608788,426.661211736236,Medium,HTTPS,1968.7399234648524,0,0,0,Normal
52.744861803039385,43.9878240027471,379.1738292741219,Medium,HTTPS,1471.0868044737604,0,0,0,Normal
48.07215416338295,39.187852169837385,397.6029445857129,Medium,HTTP,1557.8695603224076,0,0,0,Normal
50.88141650267062,45.69074717609736,506.90083150841633,Medium,HTTPS,2513.215490387222,1,0,0,Normal
57.85861876182025,50.0388267013919,701.7781217800772,Medium,FTP,3200.306456097782,4,0,0,Attack
59.84148058720166,48.33785079294905,308.5240598098099,Medium,HTTPS,1047.342016452263,1,0,0,Normal
70.19208980207623,55.28000410782675,441.55389148333984,High,DNS,1997.6492888490864,1,0,0,Normal
64.55645592654037,53.635986869744734,432.81303912008536,High,HTTPS,1321.1051101029525,1,0,0,Normal
99.39549043627267,89.30643555221063,911.0317373087883,Critical,FTP,3774.1658377288745,0,0,0,Attack
89.45396436465671,75.75851607321259,946.2855228988108,Critical,FTP,2996.3179402032997,4,0,0,Attack
72.32948609540472,51.08107631695911,681.9876853711423,High,SSH,2181.8123925427935,3,0,0,Attack
66.26595645051566,49.807216605164406,799.5860322293336,High,FTP,2546.9278198920433,3,0,1,Attack
69.25154006647062,53.19740262348911,569.2479228264249,High,HTTPS,2268.016761549621,0,0,0,Normal
99.54875465744408,78.25950222134111,870.0758449159479,Critical,SSH,3527.5491788675126,4,0,1,Attack
74.0698445662565,61.7525535589546,433.0212236701481,High,DNS,2067.4873550910356,0,0,0,Normal
31.86826731873225,24.42865683708324,242.2418709883019,Low,HTTP,1030.2515320234568,0,0,0,Normal
45.48780372177134,39.20716789325959,432.769135851387,Medium,HTTP,2131.840674322034,0,0,0,Normal
60.45293681163457,50.10340322964895,614.6118926853298,High,FTP,2527.310686217603,0,0,1,Attack
55.842736026097555,42.95676193791188,378.85523490836124,Medium,HTTPS,1141.0575986261465,1,0,0,Normal
70.11212290468393,51.451417717544096,464.1053357355431,High,DNS,2202.5047992973227,0,0,0,Normal
49.96534382706159,40.1748356445368,451.47350474142405,Medium,HTTP,1980.1891382275971,0,0,0,Normal
78.57811117726669,69.19261521443599,565.7066267296906,High,DNS,2399.3734412749914,1,0,0,Normal
68.64004565617506,53.15052519536843,500.7555562779161,High,HTTPS,1736.6543013567834,1,0,0,Normal
50.773588445790665,39.1653739606652,502.40495009415855,Medium,HTTPS,2489.292975906226,1,0,0,Normal
50.15344388084486,38.35629753807315,646.4010657743663,Medium,SSH,2063.7846321201705,1,0,0,Attack
71.21620647856616,61.34772824380735,626.3509641902513,High,SSH,1943.0664173570158,2,1,0,Attack
94.16751756099984,74.20133028168607,1029.6475440731042,Critical,SSH,3710.8609397859,4,0,1,Attack
52.30109196723788,41.41280995889968,268.35285157243743,Medium,HTTPS,875.7516233770729,1,0,0,Normal
51.4118924397917,46.05478509153654,403.93527575210334,Medium,HTTPS,1788.7006305100283,0,0,0,Normal
49.43368133921467,42.31662750570454,267.7327476744213,Medium,HTTP,858.3790161982371,0,0,0,Normal
78.42879567983346,57.99562436786499,431.2007681279345,High,DNS,1634.9631250623377,1,0,0,Normal
66.39148255220789,56.592994118043165,562.7146020951235,High,SSH,2257.840387670911,3,0,0,Attack
57.544619440304814,40.58258911480043,429.31648242123816,Medium,HTTPS,2011.618241258809,0,0,0,Normal
88.74006911224569,72.25871368155588,677.5971563191517,Critical,DNS,2884.0668924222177,1,0,0,Normal
76.80847365176305,55.04402017873639,724.7961642959242,High,DNS,2524.8532344844625,0,0,0,Normal
41.84055179663119,30.12183403380184,340.2669293325778,Medium,HTTP,1425.376026563495,1,0,0,Normal
75.72404143953463,54.4100564038188,743.2401766288804,High,DNS,3591.2738265501343,0,0,0,Normal
31.571070464196964,25.207080495438078,245.62634203007693,Low,HTTP,1021.6357415336968,1,0,0,Normal
74.28214132949506,59.829070903511116,573.612520604702,High,SSH,1807.6611419838255,0,0,0,Attack
34.991982896171976,30.703937800068665,327.6736960977893,Low,HTTP,1180.9102824752777,0,0,0,Normal
35.9758851666993,29.690851316670727,304.5411165065785,Low,HTTP,1508.2598044567721,1,0,0,Normal
35.559241303562885,31.740342390782953,288.15201045854076,Low,HTTP,1308.6596033651253,1,0,0,Normal
59.52701119866106,48.2885689535071,367.2917729837947,Medium,HTTPS,1324.5253558158365,0,0,0,Normal
61.62902347467025,43.21338683203315,609.319079964101,High,HTTPS,2824.325339181116,1,0,0,Normal
93.23690678953426,81.54220373049786,711.1086075565456,Critical,FTP,2147.269497439851,2,0,0,Attack
67.58961047735738,56.681041775893725,355.21732094766327,High,HTTPS,1768.5754509728652,0,0,0,Normal
87.78138025911176,72.34391947329254,571.459170663983,Critical,DNS,2090.1207509547785,1,0,0,Normal
63.36129757473827,47.318647642788164,358.5351720815934,High,HTTPS,1648.2013495285703,1,0,0,Normal
40.35569474726799,36.13753221584072,545.8670937389163,Medium,FTP,1688.703416566824,1,0,0,Attack
82.37100694866967,59.24724838382634,454.29750666833695,Critical,DNS,1585.1857148689978,1,0,0,Normal
71.58175069620484,50.838796193610186,499.5782898628155,High,DNS,2380.8379463643523,0,0,0,Normal
67.24122334286221,51.130299312486436,506.3949430037994,High,HTTPS,2196.4339668625653,0,0,0,Normal
44.042038850166136,31.98964101736823,405.8066623856873,Medium,HTTP,1411.7634747496923,0,0,0,Normal
88.64262237701041,74.7096530321389,721.6207365234399,Critical,DNS,3088.4499415029322,1,0,0,Normal
35.78192586894147,25.784827685295618,222.1642160176111,Low,HTTP,847.3588725503012,0,0,0,Normal
43.06602185257361,33.55554423347738,543.3431819647817,Medium,SSH,1992.6151054169145,3,0,0,Attack
48.12032606147113,38.55596698062585,460.9825739300835,Medium,HTTP,2017.0122052020338,0,0,0,Normal
37.90299803920789,32.92114214264858,299.3681632912052,Low,HTTP,1432.1232452800396,0,0,0,Normal
82.84558724262752,68.39992587693466,645.5772801835453,Critical,FTP,2428.2278107450493,3,0,0,Attack
46.18311808932049,34.56130079209198,500.64303677766355,Medium,FTP,2448.772220019329,3,1,0,Attack
53.749550968605035,44.01547347764292,531.121542076271,Medium,HTTPS,1789.4560861730547,0,0,0,Normal
60.37223021747195,53.32024436962067,534.5296675146653,High,HTTPS,1832.0731256123956,0,0,0,Normal
80.56890361491241,65.73865431527085,524.9454653286966,Critical,DNS,1712.0411789678656,1,0,0,Normal
67.68944787589135,48.40717974785343,615.1643517255225,High,HTTPS,2500.702059446936,1,0,0,Normal
44.5060677274887,33.842064583364554,224.71206631975073,Medium,HTTP,815.3624114223154,0,0,0,Normal
75.66981128838961,67.7438936345017,952.6979730084429,High,FTP,4349.9197568841055,2,0,1,Attack
84.95746891021554,72.56693059818981,564.4394674897893,Critical,DNS,2196.639230884732,0,0,0,Normal
64.77925613637126,49.27235836755148,582.5343100525726,High,HTTPS,2118.7037714485473,1,0,0,Normal
34.540883107547415,29.82679745955108,180.78840202418598,Low,HTTP,819.9225316831662,0,0,0,Normal
58.117645377569715,40.79631094534992,561.6823715800399,Medium,SSH,2561.8096704812965,4,0,0,Attack
88.57696278500953,79.53196843619492,833.8846481331027,Critical,DNS,3276.450607457239,1,0,0,Normal
76.24679570508306,58.386101681941966,636.1638379592315,High,DNS,2149.667922998684,0,0,0,Normal
48.18581737257773,41.42555098669563,298.62035137808283,Medium,HTTP,1271.786479997556,1,0,0,Normal
79.05646969142254,56.07962732827667,648.2392752794635,High,DNS,2645.060666993553,1,0,0,Normal
30.588250850378245,22.908495235374026,215.19679594600026,Low,HTTP,854.7525262471845,0,0,0,Normal
99.36564294679556,87.10089569945647,862.6007340232646,Critical,SSH,3618.6295089045184,3,0,0,Attack
49.72546377335675,41.45807420150432,419.61616032701846,Medium,HTTP,1605.4153662543429,0,0,0,Normal
77.91126878510113,58.26911020724922,737.0054374709296,High,DNS,3300.9521002956576,0,0,0,Normal
42.80849327260512,35.4449174444756,495.52071296271265,Medium,SSH,1897.8610649180803,4,0,0,Attack
44.67935823558946,34.91294430285319,434.6468205544812,Medium,HTTP,2151.3376461968655,0,0,0,Normal
82.97086130492971,63.61644172341445,491.43695304333585,Critical,DNS,2264.8288498348293,1,0,0,Normal
70.12179508550616,58.73025016508804,425.5426873980377,High,DNS,1632.759193003873,1,0,0,Normal
44.36719790035795,38.9713456306261,250.82658072261523,Medium,HTTP,1211.665301862821,1,0,0,Normal
68.39639100653585,53.084681514923716,524.1037372904492,High,HTTPS,2557.7691091745023,0,0,0,Normal
64.42331547441427,57.2804056747976,623.337897924328,High,FTP,2490.456707083269,4,0,0,Attack
60.01969868535525,44.22973202467533,735.0599917612487,High,SSH,3109.09353090135,3,0,0,Attack
71.26389060693327,52.93089065210467,515.1876865757255,High,DNS,1911.9585446460558,0,0,0,Normal
93.51458380231634,67.90439553886095,816.505523165273,Critical,SSH,2549.5300194493466,0,0,0,Attack
52.839835846825736,42.61583413337129,467.00648544321916,Medium,HTTPS,2311.8671239825085,0,0,0,Normal
96.73761783129521,73.79606268632439,1061.196469949558,Critical,SSH,3991.093496880408,1,0,1,Attack
41.076078321602836,35.18534103651301,300.79409327027383,Medium,HTTP,1275.2301830542394,1,0,0,Normal
42.82346726220567,33.79507270623361,254.7044046264034,Medium,HTTP,1067.0678801673932,0,0,0,Normal
47.84108781066607,36.53645627761475,589.7702048671156,Medium,SSH,2577.713380365078,2,0,0,Attack
71.9528758013621,61.41365518722579,754.1049697026071,High,SSH,2377.899006327973,4,0,0,Attack
48.8542895950377,41.823951824341854,362.98218013594703,Medium,HTTP,1715.5190998784547,0,0,0,Normal
76.9768766217021,61.03605312930397,614.8571366859436,High,DNS,2810.1487777534785,0,0,0,Normal
66.75153975254943,49.25669898130683,671.5852862489407,High,FTP,2580.545433959563,3,0,0,Attack
49.11136399454335,40.560457207411396,427.13021986878715,Medium,HTTP,1440.735220611343,0,0,0,Normal
76.05782049671689,61.45758678288652,538.1155014016039,High,DNS,1701.5743362445405,1,0,0,Normal
76.82873809666489,61.247543439024014,758.6112655096148,High,DNS,2855.8290084477535,1,0,0,Normal
57.874238893564325,47.42806913228443,522.1102404450833,Medium,HTTPS,2560.8081580878534,1,0,0,Normal
41.37331586913206,32.37840142365448,293.4285518701782,Medium,HTTP,996.5743731063899,0,0,0,Normal
67.76622297795257,57.45810461966281,648.9783781592575,High,HTTPS,2611.54154298242,0,0,0,Normal
62.41131174225302,48.86826786394005,605.4322573631146,High,HTTPS,2848.454055826378,1,0,0,Normal
59.15872480671169,52.94482496508064,443.0035787182244,Medium,HTTPS,1762.1147149758185,0,0,0,Normal
65.85067573592823,56.688112324617876,531.6971217463235,High,HTTPS,1973.748592662578,1,0,0,Normal
54.777421703911386,42.92844624720621,371.2797700232229,Medium,HTTPS,1703.4314140626775,1,0,0,Normal
74.36612265533768,65.67041302000399,394.6033082414291,High,DNS,1311.0695238727242,0,0,0,Normal
64.90101313247578,57.63386886967502,840.961786728676,High,FTP,4122.106542076349,3,0,0,Attack
88.488672489475,70.7498423839874,610.779214277574,Critical,DNS,2752.3955553261467,1,0,0,Normal
78.25754264973511,64.40371935951754,633.797135331297,High,DNS,3093.1284885359373,1,0,0,Normal
65.10660913860193,50.20493264236591,719.1334574494504,High,FTP,2177.694656890757,1,0,0,Attack
84.92068165647652,60.484667348565544,715.6070625662784,Critical,DNS,2735.461716873281,0,0,0,Normal
96.40817802966922,86.28913888548571,718.9828699452485,Critical,SSH,3037.5694306407117,2,0,0,Attack
59.86067502279184,46.45749518161397,557.6291167979026,Medium,HTTPS,1722.1183364816834,1,0,0,Normal
66.89141971059144,55.11548825892915,597.0743681259714,High,HTTPS,2483.971145161747,1,0,0,Normal
51.33565074240323,42.04100420076552,364.79994957674506,Medium,HTTPS,1567.531097813646,1,0,0,Normal
33.6746885519824,28.18809864463825,199.78001512760522,Low,HTTP,618.0826075379621,0,0,0,Normal
88.51188555476256,63.314970062531046,478.42858535513494,Critical,DNS,2171.679076012079,1,0,0,Normal
52.82812212153658,46.09876997493133,365.1147830139398,Medium,HTTPS,1618.4473783070555,1,0,0,Normal
67.18635886660195,57.58145950899466,655.8609624213468,High,HTTPS,2706.346079979185,1,0,0,Normal
65.6830891950085,51.51175703651169,393.492635592166,High,HTTPS,1468.3502222086074,1,0,0,Normal
81.12124141363893,59.811165889168706,813.2930065201125,Critical,FTP,3201.083144583639,2,0,0,Attack
44.5981966117688,31.941668670587532,613.0715119476652,Medium,SSH,2482.5148383742303,3,0,0,Attack
81.78539832748356,63.50267034185735,608.8214345197604,Critical,DNS,2539.5024928009866,1,0,0,Normal
87.11227910112939,77.57110578704251,790.657655810037,Critical,SSH,3810.96940337617,2,0,0,Attack
55.27406065011746,40.88240965886071,495.808260460736,Medium,HTTPS,2027.4979999831953,1,0,0,Normal
51.19175513176742,41.076678829126955,497.2321386902225,Medium,FTP,1546.7146141419985,4,0,0,Attack
34.86296149130794,30.347604991258663,340.05832684166705,Low,HTTP,1366.0902063660687,0,0,0,Normal
52.93645922312862,42.23087267582955,464.0366905887447,Medium,HTTPS,2240.211477058965,1,0,0,Normal
87.1418079774594,67.20521894598684,845.3437566496739,Critical,DNS,3457.7449495030723,1,0,0,Normal
41.88930491814972,35.97453313662774,212.40186432806115,Medium,HTTP,865.9374679493504,0,0,0,Normal
60.72242916889081,44.4639992550454,428.48403681822145,High,HTTPS,1653.1675022280442,1,0,0,Normal
91.14481122458528,81.1339880820546,934.8128280112616,Critical,SSH,4107.343431749023,1,0,1,Attack
69.32960361681126,58.9743081821288,561.950145646654,High,SSH,2752.625267257775,1,1,0,Attack
51.36501470122312,45.61374150592274,405.81410736294043,Medium,HTTPS,1696.7320612591814,1,0,0,Normal
77.63998619877384,54.56709403338152,639.9399853144956,High,DNS,3124.840021828785,1,0,0,Normal
49.67500245111296,38.85864357479081,460.02578748954346,Medium,FTP,2294.9788099182956,0,0,0,Attack
97.04972118095611,79.82159778068986,1058.6939254778886,Critical,SSH,3908.3925862966835,4,0,0,Attack
75.19102276171907,53.297549309907104,645.2721451235453,High,DNS,2581.175615129556,1,0,0,Normal
86.4093942418549,70.5121174699735,675.37628804733,Critical,DNS,3126.807829332681,0,0,0,Normal
30.84661411587149,25.593314937006934,210.65017617152057,Low,HTTP,721.1200225829969,0,0,0,Normal
54.677252082874475,38.787036573157444,401.3246217944468,Medium,HTTPS,1873.2808516645305,0,0,0,Normal
66.744442362251,56.994358996033675,508.81075828240427,High,HTTPS,1880.337056001847,0,0,0,Normal
32.64858763315715,27.53160203158374,258.8361962514204,Low,HTTP,917.907415365493,1,0,0,Normal
64.80712342206971,52.66487465731714,618.9079267091587,High,HTTPS,2900.2345138025594,0,0,0,Normal
68.90882520398009,53.27742651783138,532.1963596844985,High,HTTPS,2211.8440962411137,0,0,0,Normal
42.81448003843252,33.977370634197605,425.91583990465006,Medium,SSH,1341.2221603840148,3,0,0,Attack
86.17575177286199,69.36550923131905,850.0286978864824,Critical,FTP,4107.976508493829,1,0,0,Attack
82.98125304161658,67.80545782537048,994.0601055448072,Critical,SSH,4949.522352832622,1,0,1,Attack
63.792064250374096,56.26459665385199,492.84821538973335,High,HTTPS,1796.5373669929895,0,0,0,Normal
51.94747418834595,42.0217579832276,399.5907004828115,Medium,HTTPS,1509.5012562382215,0,0,0,Normal
58.07859352978994,41.297648823343685,414.99733408018824,Medium,HTTPS,1412.3438334287346,0,0,0,Normal
71.47921359879547,57.306481093243725,806.4582820170582,High,FTP,2474.673701400811,4,0,0,Attack
65.13533601872041,57.49926154303818,634.799907337835,High,HTTPS,3011.809012986457,0,0,0,Normal
84.5999811184447,68.44427681563462,672.7934819390696,Critical,DNS,2434.810313131606,0,0,0,Normal
72.67835139126873,58.70145127968058,905.5288080538043,High,SSH,2951.161503466437,3,0,0,Attack
33.31946753580269,26.183029261093363,332.26212162034255,Low,HTTP,1510.833116313983,1,0,0,Normal
60.516696566774044,50.79626412517622,407.2337268905846,High,HTTPS,1515.1214249296063,0,0,0,Normal
84.8298069415614,75.48448252109078,636.252156780556,Critical,DNS,2267.3294404459916,0,0,0,Normal
62.71025564346928,51.303619861509006,569.0527686829856,High,HTTPS,2182.5080978988835,1,0,0,Normal
62.30647843258339,55.34697207955621,377.4691653951349,High,HTTPS,1380.6234802298866,0,0,0,Normal
55.74532725913741,50.10838595693044,511.1490629352742,Medium,HTTPS,1536.82742044388,0,0,0,Normal
71.8128070777675,55.23633972103167,483.9380448277814,High,DNS,2381.270183668015,0,0,0,Normal
86.95032763575,69.56143489904487,553.5012033401733,Critical,DNS,2204.7335389829614,1,0,0,Normal
65.43172086487175,56.46578875646441,602.9617573408959,High,HTTPS,1958.1418972581846,0,0,0,Normal
86.49061287957011,64.20462898823574,682.4255724084945,Critical,DNS,3104.9458724625442,0,0,0,Normal
89.66414094582433,77.71858769456288,481.7275341675406,Critical,DNS,2034.368052191268,1,0,0,Normal
60.75134632133995,46.75151972941194,782.1118634911375,High,FTP,2811.9052353734005,2,0,1,Attack
60.00404641526984,45.28077501879018,596.9049028228186,High,HTTPS,2213.086958839168,1,0,0,Normal
78.8918097068381,68.52583342132368,521.7143597842872,High,DNS,2233.637363505404,1,0,0,Normal
42.699181508753554,34.82574147748872,296.50510022767895,Medium,HTTP,1122.465932984306,0,0,0,Normal
80.0323391539132,57.215366931702626,480.8463014994191,Critical,DNS,1704.8969293897596,1,0,0,Normal
60.866585978801595,53.76193601308169,514.766986461849,High,SSH,2032.4708845968453,4,0,0,Attack
46.38860738865333,41.652783640014825,434.2555066824594,Medium,HTTP,2171.1836710365214,1,0,0,Normal
80.5815496284049,61.606321627506226,527.5989235196131,Critical,DNS,1748.6348154243308,1,0,0,Normal
64.6820307575399,50.307216448701446,365.2994685163216,High,HTTPS,1222.4507591307797,0,0,0,Normal
34.47092838934623,25.519724582660544,305.6806186763188,Low,HTTP,1399.0646360367368,0,0,0,Normal
84.98251125078241,60.070483070600794,577.9916577765491,Critical,DNS,2367.44554068812,0,0,0,Normal
89.37293002378283,78.1521706632897,572.7845256903797,Critical,DNS,2746.876914935877,0,0,0,Normal
49.356429275430855,37.60444853347561,349.8550496020656,Medium,HTTP,1598.987636193763,1,0,0,Normal
53.32855752756586,38.711453840635954,354.31220277085765,Medium,HTTPS,1299.4828170841204,0,0,0,Normal
42.097800451592775,35.981461996813024,211.18498473791772,Medium,HTTP,971.3129921754473,1,0,0,Normal
32.05710040740087,24.74975005306936,314.20843809993806,Low,HTTP,1540.5263954950594,1,0,0,Normal
82.33504029405594,62.274688498778076,614.0649743377417,Critical,DNS,2967.1064760683516,0,0,0,Normal
48.56869359588018,38.05519931425259,272.90009764936303,Medium,HTTP,1204.4454491064491,0,0,0,Normal
37.77142849190568,28.923771640512097,335.2089076935595,Low,HTTP,1100.221967899322,0,0,0,Normal
76.41336324581061,53.53988647230871,615.7136320790406,High,DNS,2044.8594218267042,0,0,0,Normal
51.6156146863068,46.04427472921618,334.8914569209879,Medium,HTTPS,1244.180144237209,1,0,0,Normal
46.90711613075109,37.44712238997652,317.51472902752334,Medium,HTTP,1210.6085911762916,1,0,0,Normal
55.06005513074342,39.90499037312881,451.67711601538815,Medium,HTTPS,2154.3807885576666,0,0,0,Normal
49.72738492040662,42.516254777457284,346.30831162878434,Medium,HTTP,1233.149591431922,1,0,0,Normal
30.198390169316554,24.83234107080058,192.18385548960114,Low,HTTP,769.4548848150592,1,0,0,Normal
87.61828765800601,66.54847663365229,645.8194689235603,Critical,DNS,2611.652685347831,0,0,0,Normal
59.49749299612449,45.85831103732989,594.9427796720755,Medium,HTTPS,2232.5402107896803,0,0,0,Normal
37.426173720887164,30.993892732940697,216.54091475873506,Low,HTTP,855.2296181378356,0,0,0,Normal
76.496022335632,59.557161756588904,448.73227258014595,High,DNS,1738.4043258720371,1,0,0,Normal
66.69203488898347,50.3232567258556,596.3741285644933,High,HTTPS,2257.4098638112337,1,0,0,Normal
47.858173490240006,38.03926443211535,370.4205468579354,Medium,HTTP,1810.0283046945217,1,0,0,Normal
51.228117663631565,46.10419862453232,486.1106390471785,Medium,HTTPS,2329.649547872934,1,0,0,Normal
68.44024636942777,50.05942716023958,610.9025871690004,High,HTTPS,1977.5325367623814,1,0,0,Normal
53.56964168127888,39.35458659785698,357.2587307215959,Medium,HTTPS,1517.1962861443017,1,0,0,Normal
56.368516763468506,48.34662117018144,707.224606697277,Medium,SSH,3186.635007937373,0,0,0,Attack
58.44995530307642,47.32099998436115,570.3079636447147,Medium,HTTPS,2232.6522466986075,0,0,0,Normal
89.99351563485106,79.1551906394981,862.117552803858,Critical,DNS,3298.5052291853463,0,0,0,Normal
39.429779182974016,33.79301197834108,336.4841916809457,Low,HTTP,1242.4884152710858,0,0,0,Normal
40.39303622004809,30.97184861219463,230.46225458565658,Medium,HTTP,953.2207715603242,0,0,0,Normal
77.30651051038876,66.47854968563668,448.59439624126566,High,DNS,1936.397345506557,1,0,0,Normal
62.8795697395708,55.980928955924995,426.8224841653156,High,HTTPS,1949.29943974366,0,0,0,Normal
83.86964687768341,74.07291437156707,589.763718020706,Critical,DNS,2665.031903411583,1,0,0,Normal
87.11286757294147,73.29243884423944,1020.9813729919142,Critical,FTP,4470.792315474322,0,0,0,Attack
50.02862505905796,36.4318347599658,320.28865886508635,Medium,HTTPS,1325.2045326241691,1,0,0,Normal
77.98040519512142,57.09039755200961,585.582860999474,High,DNS,1838.3290167785256,0,0,0,Normal
87.08641226927284,67.18868524701914,662.7136923554783,Critical,DNS,2492.615100744885,0,0,0,Normal
84.95728954098013,66.37512165716325,584.6185711494301,Critical,DNS,1809.9913622714942,0,0,0,Normal
82.40509543393273,72.2670966295515,807.6357857494278,Critical,FTP,2845.596666986623,1,1,0,Attack
38.46593655307515,29.08349142485928,276.3810762426259,Low,HTTP,974.1221001280621,0,0,0,Normal
49.633627483053715,39.72548291839696,545.6019676680246,Medium,SSH,2627.1481206717413,2,0,0,Attack
51.45522991326288,41.39025830970948,499.94086986222163,Medium,HTTPS,1534.305097822376,1,0,0,Normal
54.3829070434731,42.160508011344135,515.6079555582749,Medium,HTTPS,2448.280573726777,1,0,0,Normal
83.09209248167463,66.05410785464662,464.7064218784578,Critical,DNS,1572.1913386057004,0,0,0,Normal
46.82529555517249,36.87039948271976,380.0776173370731,Medium,HTTP,1642.561088194743,1,0,0,Normal
60.112308526877314,46.798780713660776,526.8590826474533,High,HTTPS,1745.8790489034852,0,0,0,Normal
71.31808397016357,63.37620503890796,719.6982013388792,High,FTP,2487.0888278408006,0,0,0,Attack
52.57587891159346,46.22695552613357,371.45521233887604,Medium,HTTPS,1474.1717981376025,1,0,0,Normal
58.485176682297606,42.32611356105053,393.68726972633135,Medium,HTTPS,1347.5405254897387,1,0,0,Normal
66.22103637942928,54.610977226885495,719.1936759033666,High,FTP,2596.318702953545,4,1,0,Attack
53.55673003010452,45.55445287109718,444.06406744846817,Medium,HTTPS,1837.546208018808,0,0,0,Normal
86.59243284811964,68.53634016016711,772.1886055073982,Critical,DNS,3186.969666437182,1,0,0,Normal
83.77279742977407,65.56101369170798,736.9520029591791,Critical,DNS,3085.002829126621,1,0,0,Normal
37.11200664216449,28.548637624564854,313.4959412541428,Low,HTTP,1166.2810700411744,0,0,0,Normal
67.40315259026829,54.840049791865916,528.6988479343701,High,HTTPS,2344.4154148074417,0,0,0,Normal
75.17494913612609,62.5199106334131,402.057227137887,High,DNS,1267.0346495259012,1,0,0,Normal
57.444559204304824,49.21276940915986,396.5433376615713,Medium,HTTPS,1344.300692019617,0,0,0,Normal
54.781512745830696,46.66734580614593,287.0580002413636,Medium,HTTPS,1201.0913209977812,0,0,0,Normal
50.776831065741135,42.54548343527996,320.3213540406302,Medium,HTTPS,1572.1715144105556,1,0,0,Normal
64.08376025923644,52.14836412529556,404.45848450976814,High,HTTPS,1897.3856739676723,1,0,0,Normal
69.49765055458556,49.61656140251574,662.8576129087347,High,HTTPS,2281.7918221913233,0,0,0,Normal
87.01008115041077,67.53047899270649,650.0538005559441,Critical,SSH,2833.7665962160627,4,0,0,Attack
75.56438732899551,53.62064779172604,708.102060514671,High,DNS,2881.6220892345173,0,0,0,Normal
71.36749896933907,53.69238328440726,425.20624275858535,High,DNS,1332.5322635813525,0,0,0,Normal
64.12595600355417,48.251969957316625,532.5093863369719,High,HTTPS,1913.6716907847003,0,0,0,Normal
34.17944782268023,30.129650880661575,197.70670518806355,Low,HTTP,869.2369425137331,0,0,0,Normal
52.83674063917715,37.3501500027009,324.3830537816787,Medium,HTTPS,986.2653647385013,1,0,0,Normal
32.88062943567638,28.765084243488918,244.02683167321007,Low,HTTP,866.9387210396029,0,0,0,Normal
45.700987395430275,33.741919302592734,276.8189307279117,Medium,HTTP,1129.5225998773226,0,0,0,Normal
45.736844942985044,38.060585365549535,298.43760859323186,Medium,HTTP,1460.128821478304,0,0,0,Normal
84.45410443993751,61.76761684822356,662.5467745629524,Critical,DNS,2452.8174455024987,0,0,0,Normal
32.069193997594994,23.909952636115968,250.71621671298266,Low,HTTP,1212.4763646555748,1,0,0,Normal
82.45012401384884,65.70153083307406,656.7492897466533,Critical,DNS,2387.7070496957613,0,0,0,Normal
41.49577870586654,30.801778991412817,282.19650026595787,Medium,HTTP,860.2283366322079,1,0,0,Normal
69.64939369776403,53.00347461200998,597.9942953525859,High,HTTPS,1822.1337182642048,0,0,0,Normal
39.41248654937226,32.0739622927065,211.9779767923851,Low,HTTP,779.0530463231255,1,0,0,Normal
43.67215687967473,35.493194922888414,260.9463073284233,Medium,HTTP,1215.1196274266679,0,0,0,Normal
69.05918257456506,56.53298771575219,749.7355405900461,High,FTP,2826.9790396596322,3,1,0,Attack
42.68611375926412,32.9547169457832,417.05476142191304,Medium,HTTP,1658.97948828488,1,0,0,Normal
48.301231918885605,40.73876388867486,445.72079198325457,Medium,HTTP,1567.19755748332,1,0,0,Normal
64.14061456787749,45.869383563266176,391.63552287149764,High,HTTPS,1448.6174923039327,0,0,0,Normal
63.81572236525244,47.16012101177943,535.9372154047669,High,HTTPS,2193.179495171547,0,0,0,Normal
65.58495601093455,53.675656695465,503.28273077212305,High,HTTPS,1935.4598144830463,1,0,0,Normal
51.60728895329157,45.97232575171325,275.3054366491621,Medium,HTTPS,1318.834629090004,1,0,0,Normal
83.029346893818,72.16226133246352,738.3802005890274,Critical,FTP,2610.3129094078204,4,0,1,Attack
44.541366054691025,33.14926989575128,578.2228084912979,Medium,FTP,2331.5893030226525,2,0,0,Attack
51.70142057715566,43.21866561344233,463.73338043107094,Medium,SSH,1464.1716510586944,1,1,0,Attack
65.52424806010094,52.87479894896298,418.14902974571703,High,HTTPS,1879.872006939086,1,0,0,Normal
87.24321322122705,62.237993092208725,671.8526062009645,Critical,DNS,2848.598739594571,1,0,0,Normal
90.7352605991764,68.90151061029526,1082.9848509522838,Critical,FTP,4677.155830310375,2,0,1,Attack
53.270677341024566,44.72924730314533,559.8573524398714,Medium,FTP,1895.082135683097,0,0,0,Attack
70.77840297799412,49.831069639248106,678.7738764140652,High,DNS,2259.604663057916,0,0,0,Normal
62.08503194327932,46.89057017288865,409.0852076153891,High,HTTPS,2002.9389517664804,1,0,0,Normal
34.01547740242677,27.485751282451048,174.18739113763655,Low,HTTP,830.3508966286543,1,0,0,Normal
47.81058925262187,42.51593209906003,244.67970510596902,Medium,HTTP,1202.4650311048238,1,0,0,Normal
71.89794575053384,55.37654969244954,480.84632661549693,High,DNS,1940.5022721206824,1,0,0,Normal
31.21302915555134,27.579991176916224,285.3330246803581,Low,HTTP,997.1657284580997,1,0,0,Normal
46.57910629277467,35.56615043362231,322.63425068187973,Medium,HTTP,1611.2369596294873,1,0,0,Normal
62.410985069609524,43.98932800945217,464.6257083935487,High,HTTPS,1905.3126186201505,1,0,0,Normal
86.77729409115273,61.15261361451199,545.8502320655152,Critical,DNS,2093.5456652270573,0,0,0,Normal
51.06313726093504,39.19177642698928,344.53472830892366,Medium,HTTPS,1092.321472236094,0,0,0,Normal
95.08152450827765,82.30816511524988,935.0353638009251,Critical,FTP,3679.4757663929145,2,1,1,Attack
49.06933986712829,38.12999278065895,349.087996535806,Medium,HTTP,1407.5311904514338,1,0,0,Normal
31.449929657683242,25.090268600176422,298.0228078443884,Low,HTTP,1343.1031855462284,1,0,0,Normal
31.412262579688104,23.60976138036737,199.08998688621045,Low,HTTP,887.1325792156518,1,0,0,Normal
50.2548092181496,38.690634734724085,380.97381051985553,Medium,HTTPS,1606.5666584073351,0,0,0,Normal
79.69766116260871,64.493197473693,429.8406890208649,High,DNS,2077.985747906786,1,0,0,Normal
53.119048782245954,41.67545818399159,464.22046093758553,Medium,HTTPS,1877.0086371594775,0,0,0,Normal
59.335370920744026,52.15841156216266,480.6040716115465,Medium,HTTPS,2210.741949895196,0,0,0,Normal
45.482911208382575,34.27222919689499,377.3676043994177,Medium,HTTP,1293.7244254931027,1,0,0,Normal
50.96675922162831,40.93821927499438,303.88133574443464,Medium,HTTPS,1109.4328192281398,0,0,0,Normal
62.766964047186775,44.92455446171335,365.45288717561084,High,HTTPS,1525.0929736535659,1,0,0,Normal
65.37013071243564,55.53649278691361,836.7281537689994,High,SSH,3619.9362680144973,3,0,1,Attack
93.71324937952522,77.2189320398981,1082.5439921658149,Critical,SSH,4822.040436152071,4,0,0,Attack
46.055643447325565,38.31260220498592,450.705744620088,Medium,HTTP,1901.0873283210817,1,0,0,Normal
60.97011405203375,45.02604804179259,462.70182669682964,High,HTTPS,1706.0170026362166,0,0,0,Normal
44.72069811090478,32.77557846106934,478.9166754074022,Medium,SSH,2208.366081657111,2,1,0,Attack
74.87095795120695,66.60626159918446,747.5873921748994,High,DNS,2513.89608339822,1,0,0,Normal
67.19748557807179,58.912020293863655,520.9060547208686,High,HTTPS,1763.6568710187523,1,0,0,Normal
69.56291566399159,62.01148078294369,493.09407858619,High,HTTPS,2128.70317483443,1,0,0,Normal
51.54812439763191,41.42199836716504,479.70332837024705,Medium,FTP,1899.8453769527175,1,0,0,Attack
39.868516227907094,29.880430217203774,292.5471350155215,Low,HTTP,1458.0827016861265,1,0,0,Normal
86.88423691302887,78.14372338976362,658.5877352683179,Critical,DNS,2955.0327031111465,0,0,0,Normal
93.0099316383712,75.3449952475557,1015.3977810433674,Critical,SSH,4884.095528070421,2,0,1,Attack
97.43335953229689,76.34278610947655,1041.8090522840266,Critical,SSH,5001.97513649126,1,0,0,Attack
61.06792740494711,43.78829856057832,491.1388460054938,High,HTTPS,1521.103179547088,1,0,0,Normal
44.84230448702874,35.58290386745995,429.8489211067155,Medium,HTTP,1660.8728764230154,1,0,0,Normal
89.82014056698972,72.14375273694581,683.3866840085958,Critical,DNS,3208.736079604938,1,0,0,Normal
73.02241896220949,62.118074184418035,857.1878000678468,High,FTP,3956.3361634574244,4,0,0,Attack
55.061543015472125,46.55969776693433,334.26306295205325,Medium,HTTPS,1393.668487031844,1,0,0,Normal
35.11274618940661,28.852144460378913,232.69876638500767,Low,HTTP,876.6273973997237,0,0,0,Normal
58.053580928826705,51.28636825739312,460.5330944909851,Medium,HTTPS,2076.6542980544614,0,0,0,Normal
60.960720885777846,49.032878681194084,506.9339792598658,High,HTTPS,1735.1891324435958,1,0,0,Normal
75.20138226274867,64.67261324718018,649.4315787383854,High,DNS,2497.4236494051465,0,0,0,Normal
73.67813114418823,54.73022985124921,592.7448551998909,High,DNS,2106.294971868529,1,0,0,Normal
66.51000783086147,50.88597665793637,446.7936871910135,High,HTTPS,1974.2971291328072,0,0,0,Normal
85.02948192086478,69.49594680886379,767.6397303177254,Critical,DNS,3702.2834595354248,1,0,0,Normal
61.30068330261565,51.040782490201295,362.0845229222611,High,HTTPS,1480.5764339023815,1,0,0,Normal
77.99770416939282,65.94206543134261,465.20725593128,High,DNS,2289.7778019844595,1,0,0,Normal
52.84860786225181,43.43110903236917,638.2513778678756,Medium,SSH,3122.001969119711,3,0,0,Attack
49.52625469843042,38.07121055121737,366.55111944397635,Medium,HTTP,1208.6886625322627,0,0,0,Normal
75.19476741093968,64.75149057412462,948.9577349674262,High,SSH,3053.7991360567175,3,1,1,Attack
69.78897333770874,51.38337765982343,608.3720059218979,High,HTTPS,2801.237944454256,0,0,0,Normal
73.63079388131155,54.38185222973753,701.3391493423926,High,DNS,2662.4904357454643,1,0,0,Normal
76.54069873839035,63.65914808457557,927.3738852162023,High,FTP,4026.634286633219,1,0,1,Attack
50.612293114245404,40.28970855801937,265.34684219339107,Medium,HTTPS,868.8341803060199,0,0,0,Normal
78.33509220232372,70.37699071779954,560.8503959640683,High,DNS,2718.682477070002,0,0,0,Normal
40.8803563186666,34.69484515725057,377.6675253442941,Medium,HTTP,1859.460975805607,1,0,0,Normal
41.572453710323316,36.6254635572798,375.76130303137717,Medium,HTTP,1577.3817222683388,0,0,0,Normal
69.51097573131847,61.17827695237488,550.7660947674052,High,HTTPS,2473.023311356296,1,0,0,Normal
58.813770799170015,41.74068606245451,406.8765759254455,Medium,HTTPS,1334.7396653060541,0,0,0,Normal
89.52284885053814,70.39944887335486,785.3929281166729,Critical,DNS,3543.8012106371216,1,0,0,Normal
74.60770121571841,64.87396831439284,451.9192697399696,High,DNS,1453.4857525262094,1,0,0,Normal
84.3009513882862,72.62934572781745,599.7070931546656,Critical,DNS,2768.863809961946,1,0,0,Normal
84.03719545895001,68.65314714914437,536.4639856237353,Critical,DNS,1980.138652873524,1,0,0,Normal
32.91282039193902,25.564110983153387,281.30683061332934,Low,HTTP,1017.2720019505421,0,0,0,Normal
55.91557834879495,47.57990816215054,534.4053169934105,Medium,HTTPS,2089.845626137743,0,0,0,Normal
80.86034252744867,60.02190045547143,624.451152358774,Critical,DNS,2707.4091100910246,1,0,0,Normal
78.46450555447518,61.55974482422814,769.3561521236762,High,DNS,2909.4671910254065,0,0,0,Normal
65.08128849687637,49.1588891700536,633.1584011754778,High,HTTPS,2946.733366500006,0,0,0,Normal
53.01659364398802,44.6336713724628,304.5091226428652,Medium,HTTPS,1159.2580095992896,0,0,0,Normal
75.27720306505216,66.41665498690728,417.4226304582636,High,DNS,1979.3520553967885,1,0,0,Normal
42.687284938583616,34.529895921986366,384.6638744019666,Medium,HTTP,1654.4739271761105,1,0,0,Normal
65.3665943188389,58.32046450136186,656.9607323945161,High,SSH,2629.717232165039,0,0,0,Attack
46.60379183678742,41.43772758958833,389.3717757697146,Medium,HTTP,1558.638866784297,1,0,0,Normal
72.56434809174607,52.95356272161438,412.588905428255,High,DNS,1646.1236278675415,1,0,0,Normal
94.68832109574578,68.34656045441915,1110.7664826341238,Critical,FTP,3573.394593194361,0,0,1,Attack
62.671062155859545,53.9252025610834,614.730968404996,High,HTTPS,2866.6568859605622,0,0,0,Normal
87.66178554549697,68.34371565624781,700.8185159598833,Critical,DNS,2597.0806016655,0,0,0,Normal
86.74478163520689,72.36228055219371,756.8811156128019,Critical,DNS,2538.523488095741,0,0,0,Normal
38.92388251595548,28.31453209885255,221.91025496980242,Low,HTTP,873.4818781121301,0,0,0,Normal
36.54168010427384,32.32999204595386,320.84855060557635,Low,HTTP,1525.0560909586293,1,0,0,Normal
78.13445969835811,69.72359367892915,432.91391419044845,High,DNS,1765.6478204996793,0,0,0,Normal
53.88885555192246,44.17716267391691,487.2936068114959,Medium,HTTPS,1486.9115151081955,1,0,0,Normal
70.25925198533514,59.65117069995092,472.6855154741446,High,DNS,2071.742608660884,1,0,0,Normal
38.230019222100964,27.833187515938878,250.04692016964205,Low,HTTP,1187.0235828341872,1,0,0,Normal
85.42287016112823,72.71312520707887,621.5795920545632,Critical,DNS,1989.9208453208878,0,0,0,Normal
87.70618475420633,63.29098336002473,731.3954613824893,Critical,DNS,2676.8053396675923,1,0,0,Normal
65.9348721816059,56.81625703974477,458.52609163819966,High,HTTPS,1819.9232655581743,1,0,0,Normal
84.70455070772005,65.14706071402385,973.780809046434,Critical,FTP,3304.5197325746117,3,1,1,Attack
38.41360335896752,29.256708436501793,269.5648691087939,Low,HTTP,975.6047614453607,0,0,0,Normal
75.36413750764041,59.617557345660984,705.0016899483028,High,DNS,3524.499954880599,0,0,0,Normal
36.48752663473715,30.41476879549231,301.1215193634043,Low,HTTP,1079.232817263693,1,0,0,Normal
78.51080843800446,61.09468468065536,589.3910397193346,High,DNS,2423.135726136591,0,0,0,Normal
60.73280066906591,52.55830159354409,655.9451248559822,High,SSH,2776.1266570034436,3,0,1,Attack
58.48709216188581,45.660714963374424,637.153411343596,Medium,SSH,3022.0249497387954,4,0,0,Attack
57.31801086272753,50.10649802350092,317.6926631266662,Medium,HTTPS,1210.9590120457217,1,0,0,Normal
70.06985894080799,58.16562023720227,641.712145223794,High,DNS,2605.2837257846827,0,0,0,Normal
53.450728235329734,42.775832029100535,361.5650382295707,Medium,HTTPS,1771.1894783521489,0,0,0,Normal
89.62067127416958,71.7230468597643,727.4011403466848,Critical,FTP,3093.237782907649,4,0,0,Attack
54.20919014228275,43.31174883510682,397.9217861635636,Medium,HTTPS,1313.4352507923018,0,0,0,Normal
82.25525242058211,59.364051239229944,771.8002388631263,Critical,DNS,2403.228068341636,1,0,0,Normal
69.03269872287638,59.804895311254846,531.2962647784835,High,HTTPS,2500.4111301019434,1,0,0,Normal
60.0855897085421,46.300645220212886,308.1439539923059,High,HTTPS,1185.5394561675168,0,0,0,Normal
60.088740153532854,44.18881672212548,508.1884414565762,High,HTTPS,2165.894273697228,1,0,0,Normal
59.69228495072457,47.37295708774269,559.1978287715518,Medium,HTTPS,2652.472398796135,1,0,0,Normal
36.511588593857596,31.959309619658658,200.94093151500198,Low,HTTP,947.2124963740041,0,0,0,Normal
79.89811966355774,64.54585139600923,531.2946260156126,High,DNS,1822.6099420888054,1,0,0,Normal
51.17345828577527,36.084282284750095,379.84425946766663,Medium,HTTPS,1466.0066713162253,1,0,0,Normal
40.61778933566529,34.04956621805132,243.04612935689045,Medium,HTTP,1196.1874053148636,1,0,0,Normal
58.08582864694472,50.80885562632652,380.34362878733924,Medium,HTTPS,1223.2330852931884,0,0,0,Normal
82.59588407803676,59.480546001353716,825.8099064473539,Critical,DNS,3738.4850535344094,0,0,0,Normal
72.35558358996968,55.423367478342584,667.425054646945,High,SSH,3118.9901651097234,2,0,1,Attack
41.54100285682944,33.10432602911225,523.111432494077,Medium,FTP,1854.7817709732847,0,1,0,Attack
71.48758788913256,52.85430814801447,577.6651806566327,High,DNS,2607.144679391428,1,0,0,Normal
82.41610118959215,62.79434090149575,771.2107105338996,Critical,DNS,3492.4857865853232,0,0,0,Normal
46.04180401467602,41.43430276716471,523.6429334334241,Medium,SSH,1687.593726099705,2,1,0,Attack
49.79581420731847,37.76536529953042,380.92486770014773,Medium,HTTP,1781.0511030300015,1,0,0,Normal
69.07217269072135,56.02618733352986,873.2248175457373,High,FTP,3772.660729665438,3,0,0,Attack
41.80483231571998,34.41480158030994,339.9204326291988,Medium,HTTP,1488.4295718677074,0,0,0,Normal
58.575508893736696,51.212625525107704,536.917133934289,Medium,FTP,1779.957786906358,0,0,0,Attack
89.97836197268043,70.28867707479962,475.48962925092627,Critical,DNS,1860.2552615371046,1,0,0,Normal
57.52132423600415,46.36158153127829,732.9705012768679,Medium,SSH,2858.036450061963,3,1,1,Attack
73.3375923371932,65.26073720483559,722.045563634677,High,FTP,2223.584450403585,4,0,0,Attack
66.96763273968827,55.264711478918166,546.1194426507687,High,HTTPS,2356.009095648574,0,0,0,Normal
82.2902975611214,60.07798383637864,770.1039702839358,Critical,DNS,2561.1526951764304,1,0,0,Normal
64.35193373315997,45.778649307787745,797.4892463007554,High,FTP,3061.2828139645735,4,0,1,Attack
71.79684046073817,62.5080983340616,636.2568111590981,High,SSH,2931.124363186268,4,0,0,Attack
96.96023877404514,76.0881500778684,893.1430722937756,Critical,SSH,3799.3105000487094,2,0,1,Attack
67.57353314431384,55.829188410278896,662.498964420699,High,HTTPS,1998.1743291498158,0,0,0,Normal
39.02211664171773,34.11841196779354,216.19483145224297,Low,HTTP,728.5779156975453,0,0,0,Normal
33.413863354653586,29.116457156111846,294.63115119298607,Low,HTTP,1207.0351569226839,1,0,0,Normal
91.18739181110868,67.75685546196055,1037.3667826886867,Critical,FTP,4410.825375266587,4,0,0,Attack
65.42067668124218,51.417342118550074,616.3490283718613,High,FTP,3012.5155821570147,1,0,0,Attack
67.85971287477423,60.542044620243395,596.019548524794,High,HTTPS,2118.773638661637,0,0,0,Normal
82.30057391083392,59.38913224250579,726.0094338330504,Critical,DNS,3299.642268191153,1,0,0,Normal
81.41655797538988,69.42432890727873,452.4307554876211,Critical,DNS,2149.60274040544,1,0,0,Normal
42.9152104788227,37.221087893460364,394.3475287454895,Medium,HTTP,1926.9282807541788,0,0,0,Normal
55.78482244571205,42.09339953505946,463.0666533416719,Medium,HTTPS,1857.931366403052,0,0,0,Normal
97.64942875000997,83.13135433658977,1024.834656844135,Critical,FTP,3749.9052155792897,1,0,0,Attack
46.48378408703138,39.64404535243735,469.0416717602262,Medium,FTP,1845.8215750435393,4,0,0,Attack
75.8115841556355,54.757151627856885,551.964069296738,High,DNS,2379.3373609333767,0,0,0,Normal
80.19507404136675,69.57401299544793,581.2642555489235,Critical,DNS,2889.8413880332573,1,0,0,Normal
46.3701721522375,38.581733043533674,241.07417931585442,Medium,HTTP,826.9077089974601,0,0,0,Normal
75.39735992540955,63.173628990923255,624.684322398378,High,DNS,2047.6890221628703,1,0,0,Normal
75.85725945769809,55.490680065746815,441.0574840156209,High,DNS,2053.943386492634,1,0,0,Normal
36.68384418182541,29.025336314512018,260.33156836035783,Low,HTTP,1064.4471202011562,1,0,0,Normal
80.26790483250807,63.40563811748441,723.7808972675451,Critical,DNS,2519.479892178444,0,0,0,Normal
69.61132072272449,49.28176966648051,566.2646869326051,High,HTTPS,2121.7409420734825,1,0,0,Normal
71.36276278143214,59.33165198729782,359.689181889945,High,DNS,1263.4590345778404,1,0,0,Normal
49.45432960186736,36.228873322340235,493.0176655990735,Medium,FTP,2358.1128429209607,0,0,0,Attack
57.36882239478291,44.969417136240125,444.1446800945195,Medium,HTTPS,1735.7924882417458,0,0,0,Normal
56.977550054871244,49.0395854111742,463.2194924307823,Medium,HTTPS,2061.6433676433703,0,0,0,Normal
32.3868753881834,26.731691335602083,314.7743567949281,Low,HTTP,952.98085077509,0,0,0,Normal
79.42273676686455,55.72392064328784,707.2874604572376,High,FTP,3276.21061999234,1,0,1,Attack
39.771698134427425,29.31176606018891,352.4670046521703,Low,HTTP,1730.4182253408926,0,0,0,Normal
55.1595270343023,44.6613834397125,517.2902308721158,Medium,HTTPS,2203.505834349576,1,0,0,Normal
78.204777305873,64.53414359108461,759.831922843499,High,DNS,2603.132949795601,1,0,0,Normal
77.61596494136029,68.98257035370686,784.4934518909887,High,FTP,3708.3807489916176,4,0,0,Attack
30.483507286553504,23.029901786606416,202.6417326902749,Low,HTTP,919.9684074748949,0,0,0,Normal
41.100185069662984,35.119708419162166,301.6038458415671,Medium,HTTP,940.6882120694377,0,0,0,Normal
62.903007917047944,55.04787124987149,520.62843863042,High,HTTPS,1712.1115995004823,0,0,0,Normal
67.55831733404193,60.034826380630776,670.7946730665693,High,HTTPS,2466.3703107873844,1,0,0,Normal
86.63033979861211,69.41024783108737,526.3002230865641,Critical,DNS,1932.4801763600178,0,0,0,Normal
46.64618185288418,35.72647092494201,265.64511715243793,Medium,HTTP,997.9000739455612,0,0,0,Normal
76.34708232799312,60.58373090876432,697.9766654277586,High,DNS,2377.6820031858792,0,0,0,Normal
92.5369107426377,76.90441314246702,914.5730492475083,Critical,SSH,4118.928467920111,1,0,1,Attack
86.59112637658836,77.68651228257022,537.0810392677613,Critical,DNS,2570.212141424653,0,0,0,Normal
60.36699380070786,44.85325919298055,414.55624736146234,High,HTTPS,1928.0255105263843,0,0,0,Normal
49.77103059121873,36.223147424987495,312.64185337184813,Medium,HTTP,1066.4221005643858,0,0,0,Normal
58.059120511607034,50.26097347904414,549.096884460361,Medium,HTTPS,1771.4988769724991,1,0,0,Normal
79.32023078775273,64.16065198025903,776.6915986527717,High,FTP,3016.4285811132017,2,0,0,Attack
89.14944590756932,66.69268310131675,769.0663126720922,Critical,DNS,3305.578489347885,1,0,0,Normal
52.902896279993,40.98338009525607,468.15217970762683,Medium,FTP,1469.1911819930044,1,0,0,Attack
38.33874240517616,28.802521522457024,348.12324824915447,Low,HTTP,1328.8890284462025,1,0,0,Normal
79.70582934853155,70.00578105112263,779.0143715381371,High,DNS,2633.5978635765996,0,0,0,Normal
72.6643922101357,57.46422968218922,792.1619269484528,High,SSH,2745.470417901649,0,0,0,Attack
44.429941506750765,37.54633751128469,269.46010803393096,Medium,HTTP,895.2563307062553,1,0,0,Normal
52.40720060966851,36.829184962037324,488.3174861748462,Medium,HTTPS,1898.3856218302483,0,0,0,Normal
45.37923558938928,39.17170970004517,401.59220582857154,Medium,HTTP,1383.4826746473477,0,0,0,Normal
83.49056884537276,74.38548328896309,442.28147296717685,Critical,DNS,2083.265092139526,0,0,0,Normal
57.24507121456554,47.28276279569111,327.5202300434665,Medium,HTTPS,1320.211215559742,1,0,0,Normal
73.52050602348754,54.5958321945686,491.99715944814875,High,DNS,2065.9917728527953,0,0,0,Normal
30.825141585082747,26.901416199051653,205.89814640183943,Low,HTTP,740.7938281214027,0,0,0,Normal
88.96233723164187,75.97273587604514,813.0652155784725,Critical,FTP,3869.185416293238,0,0,0,Attack
97.28342249072739,69.25561098974026,785.2899248892086,Critical,FTP,2429.3903208887923,2,0,0,Attack
67.79126897300671,49.409991644524176,593.7943400231289,High,HTTPS,2013.7823387319017,1,0,0,Normal
42.77797779490356,32.839749889387704,404.8422434572061,Medium,HTTP,1905.4300544670489,0,0,0,Normal
81.81306701997528,62.76552001860341,746.7114718935904,Critical,DNS,2304.4856208218052,1,0,0,Normal
76.1962901611696,59.10177268641278,459.2735890396665,High,DNS,1810.3627670225314,1,0,0,Normal
33.56858923114487,24.862693408175012,186.82636672716012,Low,HTTP,737.739731912066,1,0,0,Normal
38.656439360347576,32.8721318950412,278.68286780682723,Low,HTTP,1116.5324141023234,0,0,0,Normal
50.303662647420424,44.19438423533697,414.77519797105055,Medium,HTTPS,1644.711520986304,1,0,0,Normal
50.154628000727826,43.3878540941878,268.11120907948276,Medium,HTTPS,1057.4509738843954,1,0,0,Normal
52.695473341555044,39.052627744360755,371.1466936251112,Medium,HTTPS,1211.4766578973877,0,0,0,Normal
42.19605271740875,30.49173089020973,251.1381871055119,Medium,HTTP,955.0784591921023,0,0,0,Normal
75.10987901870976,59.21429234362447,463.01380895341845,High,DNS,1987.725389815781,0,0,0,Normal
83.56560482541681,69.34416749896242,485.18350477400634,Critical,DNS,1506.1324624824783,1,0,0,Normal
79.5245293827611,56.76681128993534,574.0886209298693,High,DNS,2765.860537463164,0,0,0,Normal
42.33007088427257,33.090663852594155,258.74190623256715,Medium,HTTP,1064.2257377567857,0,0,0,Normal
46.786137042836344,34.53134794039365,633.9729854416987,Medium,FTP,2580.183838819834,3,0,0,Attack
56.51066857213664,42.189703636108945,428.1997425747793,Medium,HTTPS,1341.0359447991636,0,0,0,Normal
68.94512871833285,50.48443395960349,551.4221939048749,High,HTTPS,2577.935723684509,1,0,0,Normal
34.14830768771935,26.934837092005417,221.7817721940996,Low,HTTP,998.9932044934269,0,0,0,Normal
54.51884082402103,40.58924340140522,512.3086302594464,Medium,HTTPS,1841.4956031615611,0,0,0,Normal
51.420382978685666,44.78854120937598,469.1371343826759,Medium,FTP,1497.2250498277372,0,0,0,Attack
43.97383380230167,35.31507938086773,262.89538333276437,Medium,HTTP,1009.7526405818497,0,0,0,Normal
39.67223021303653,32.528033232043434,367.6226113712849,Low,HTTP,1510.0604703250476,0,0,0,Normal
56.62815743304236,43.02531211225774,295.34124983686263,Medium,HTTPS,1059.5028744872902,1,0,0,Normal
43.349815153378586,37.96907971062249,318.81577516657995,Medium,HTTP,1053.1562818454317,0,0,0,Normal
81.30809582617076,57.676891108818374,599.4030376048172,Critical,DNS,2702.797256222598,0,0,0,Normal
60.92790867158328,45.034133481773814,457.94365687922715,High,HTTPS,1533.1132896131396,0,0,0,Normal
75.97583541966742,66.14911244792533,763.2294319379716,High,SSH,3064.7895737597387,0,0,1,Attack
57.93596364033874,41.054463660778595,626.4196941879231,Medium,SSH,2220.5582911222514,4,0,0,Attack
82.76291773989215,65.72862038003166,468.46813471604247,Critical,DNS,1724.9869737511192,1,0,0,Normal
32.808665076081525,26.078947744086477,229.9066988441655,Low,HTTP,732.561145753771,0,0,0,Normal
51.74140454017106,41.4265606763955,625.9630986536087,Medium,FTP,2330.4508420398492,1,0,0,Attack
81.19796675826365,64.67668357902274,427.1527098211528,Critical,DNS,1385.9847932116847,0,0,0,Normal
32.585384351114044,25.886076841604666,311.0135252051089,Low,HTTP,1527.8118431084647,0,0,0,Normal
58.25387809527456,42.316462257554285,453.3722195656887,Medium,HTTPS,1510.1174260263338,1,0,0,Normal
58.46396386696142,45.619429460319274,448.6910468673715,Medium,HTTPS,1484.4790364170642,0,0,0,Normal
70.1938701387553,58.21188426452709,574.0982272175414,High,FTP,1931.8457225827874,2,0,0,Attack
58.95924797565385,41.88614279477958,541.6979723022658,Medium,HTTPS,1675.0053597243939,1,0,0,Normal
58.32227874936507,51.42758535719235,510.9610829748861,Medium,HTTPS,2366.164543568322,0,0,0,Normal
37.92435271869181,30.76832457117463,245.98724583217464,Low,HTTP,1213.635524101792,0,0,0,Normal
54.089992071676534,43.64988804960295,296.338016753803,Medium,HTTPS,970.9419195441712,1,0,0,Normal
78.79046054644277,56.19178048697231,759.5878721330013,High,FTP,2629.1388949348348,3,0,1,Attack
33.127596939884825,28.738412431770744,257.3714167030792,Low,HTTP,915.5179724630884,1,0,0,Normal
94.53485594174708,80.39619687817265,811.4952545779049,Critical,SSH,2724.5472870459967,4,0,1,Attack
73.39235107901914,55.737852997780706,622.6184875070813,High,FTP,2830.6289450445265,4,1,0,Attack
72.09592039740528,51.84737983130006,832.488211753981,High,FTP,2558.4964949457762,0,0,1,Attack
43.95399936969625,34.46385396057634,457.99028248122573,Medium,FTP,1914.1769919597366,0,0,0,Attack
90.25201119104167,73.17306016780616,880.3997034977917,Critical,FTP,4032.9662096023703,3,0,1,Attack
75.13191746242228,57.005481027165246,477.9969826930478,High,DNS,1664.7667878031193,1,0,0,Normal
57.8351306845434,42.23895106998057,587.8114960115334,Medium,SSH,2114.1459192143493,4,0,0,Attack
35.74333004769869,30.414530017810865,195.36777186309266,Low,HTTP,838.7614749637789,1,0,0,Normal
55.22674469757476,40.57962221852642,375.9539086513633,Medium,HTTPS,1637.152384196261,1,0,0,Normal
73.22912875453767,58.69720911147709,610.9445900389194,High,FTP,3045.0223508802414,2,0,1,Attack
57.62156065966337,43.47455203360021,763.5913907554785,Medium,FTP,3684.4992551879404,0,0,1,Attack
39.100141575036105,30.03745741153064,227.8419662597199,Low,HTTP,1068.6108017407028,1,0,0,Normal
75.27445241299574,54.09478852821358,434.4212697894412,High,DNS,1342.4173257456437,0,0,0,Normal
40.434623337350786,31.227596465845572,239.0706239784383,Medium,HTTP,733.6626222410365,0,0,0,Normal
60.466642617975594,43.806302489722704,316.26153445026836,High,HTTPS,1416.2772294926945,1,0,0,Normal
46.34523363769404,41.30456214051554,420.67703731013523,Medium,HTTP,1786.079762116643,0,0,0,Normal
50.465590672247345,36.99559612819461,496.2954660581853,Medium,HTTPS,2364.5978239453734,1,0,0,Normal
35.59023065921792,26.010998779812454,202.55002013346734,Low,HTTP,827.8915750310654,0,0,0,Normal
51.68953155796771,38.06938670310315,318.0547640952379,Medium,HTTPS,1284.3616096294697,1,0,0,Normal
37.34116825282399,26.482875107683043,238.72077160382162,Low,HTTP,972.7058665157008,0,0,0,Normal
87.37093913528952,75.40821206994497,514.9295444073522,Critical,DNS,1597.0203520231862,1,0,0,Normal
39.92566995875677,35.66852966434189,353.973976688738,Low,HTTP,1676.150122146209,0,0,0,Normal
49.2539775496698,35.83949733075241,455.2972283287898,Medium,FTP,1769.3539622475719,3,0,0,Attack
50.95027110321098,38.015374139875114,604.9928047756354,Medium,FTP,2343.4506207033814,1,0,0,Attack
42.764166308697895,32.317675430505936,582.8286113417149,Medium,SSH,2593.6344192038314,3,0,0,Attack
78.92434995981603,58.06812335115065,489.8829846819253,High,DNS,1827.1924999526805,1,0,0,Normal
88.01200606918428,75.21796247506695,571.3385814586694,Critical,DNS,2374.910941164022,1,0,0,Normal
48.294028911332134,34.15987622989343,597.6100280332812,Medium,SSH,2028.0576044617947,1,0,0,Attack
43.838107139017666,35.857442969102564,367.65513419474917,Medium,HTTP,1744.6882022527807,1,0,0,Normal
46.715576755668735,40.085867909002474,465.3013887012461,Medium,HTTP,1710.9074187720237,1,0,0,Normal
40.72322438150877,30.472364938692138,389.4386048646769,Medium,HTTP,1824.8793949811604,1,0,0,Normal
76.38989213337481,58.03064556202906,704.7235602141349,High,DNS,2456.6023804744295,0,0,0,Normal
32.19937743821902,26.703728725272924,168.2520502064665,Low,HTTP,747.0453816721421,1,0,0,Normal
65.38543273818505,54.62732223289656,338.1752983394596,High,HTTPS,1177.2610539086072,0,0,0,Normal
77.42506478294672,69.55962251921534,673.2464841081603,High,DNS,2988.698970963202,1,0,0,Normal
54.48393074097112,48.08328753744247,642.0998824155376,Medium,FTP,2837.3053304797972,1,0,0,Attack
57.89917857473483,50.31519885645555,744.9030831878803,Medium,SSH,3714.0992619884983,0,0,0,Attack
68.79731395281851,48.778176137572146,531.0024068583793,High,HTTPS,1869.0628621318322,1,0,0,Normal
80.63987471781729,57.00280542216678,812.4956435137422,Critical,SSH,3392.145038522937,1,0,0,Attack
89.5236589632259,75.89980208025645,688.1369275023966,Critical,DNS,3188.4901914002494,0,0,0,Normal
84.75671019061338,69.88806748176663,445.27672755007154,Critical,DNS,2041.1270863531522,0,0,0,Normal
80.70421081109089,70.73317427714953,753.6230725954256,Critical,DNS,2906.952054781312,1,0,0,Normal
32.70383973576827,26.448719649987957,235.97058226957319,Low,HTTP,947.8485409205667,1,0,0,Normal
32.06433772982564,25.773883985574948,230.34364251503243,Low,HTTP,733.5137053105141,1,0,0,Normal
74.3455091958458,60.0314674182493,641.2450365782744,High,DNS,2715.361245196529,0,0,0,Normal
77.37180333424476,54.94508082395364,728.0345105256351,High,SSH,2709.7307284152957,2,0,0,Attack
82.9348836929421,72.44557359244428,654.5114785618108,Critical,DNS,2006.5721100199976,0,0,0,Normal
62.620314895876845,49.38332841168056,374.72211591222197,High,HTTPS,1621.5916894158888,0,0,0,Normal
61.14532664993021,48.142884025597674,572.5415540475161,High,HTTPS,1979.0203814286212,0,0,0,Normal
62.239785836063675,52.59312199495405,416.5378313403853,High,HTTPS,1582.5471581760837,0,0,0,Normal
43.0430407053791,33.27164634223868,596.6333562424736,Medium,SSH,2323.1136794934005,0,1,0,Attack
82.05706344509963,66.93188506695829,509.9660335555713,Critical,DNS,2281.546494147633,0,0,0,Normal
56.58454206335591,41.836424787634854,486.63234073700903,Medium,HTTPS,2071.530496771249,1,0,0,Normal
56.20554503482708,49.154265322130954,348.6451586965354,Medium,HTTPS,1603.2480776013224,0,0,0,Normal
73.50242431817605,56.427719725740786,631.9801706905504,High,DNS,1913.94877354793,0,0,0,Normal
51.8956500074637,45.07616305748162,443.550983059889,Medium,HTTPS,1854.009284838335,0,0,0,Normal
64.70246286015026,48.43567655192307,644.7627544417472,High,HTTPS,2031.136621682886,0,0,0,Normal
41.80841230874648,35.2864560073619,263.3800830540377,Medium,HTTP,819.5289167171671,1,0,0,Normal
82.36343028969713,61.61785624541024,653.7535764464244,Critical,DNS,2082.0252178262913,0,0,0,Normal
50.30962685588747,42.457473503551235,457.00148723003684,Medium,HTTPS,1579.255587462294,0,0,0,Normal
80.57769611325057,67.83668015322148,721.9664609543092,Critical,DNS,2204.7865386787157,1,0,0,Normal
44.577277637545194,40.05721642437096,318.42690124020334,Medium,HTTP,1014.0685685334912,1,0,0,Normal
73.20111952670231,55.046337419976496,552.0843216815198,High,DNS,2241.2297350420286,0,0,0,Normal
44.436461771983886,36.3266747455446,242.67109150580288,Medium,HTTP,920.8068764585125,0,0,0,Normal
73.17703284803429,63.17747359392657,591.730388817487,High,DNS,2233.4679564644816,1,0,0,Normal
82.56373695970979,70.87231439788451,761.8423402407258,Critical,SSH,2916.6739821211954,0,0,0,Attack
89.58050298679154,70.38610973270445,462.6285229588421,Critical,DNS,1475.8915999097046,1,0,0,Normal
45.59629323659465,36.553673192469134,379.29860746849096,Medium,HTTP,1789.9840365437706,1,0,0,Normal
65.24910375592299,46.877776006808055,400.7197481542203,High,HTTPS,1386.9010364661906,0,0,0,Normal
89.00533733771226,73.29157186423396,822.8789179842983,Critical,FTP,2758.018292046368,1,0,1,Attack
87.51855599439295,67.5816640107433,833.1319865991818,Critical,FTP,3947.8580308172445,3,0,0,Attack
55.719070732666296,39.36973257855173,483.9087826306281,Medium,HTTPS,1998.089204340306,1,0,0,Normal
60.504242325987434,50.3846128470016,492.6360933465469,High,HTTPS,1524.8116346912846,0,0,0,Normal
35.53296509096981,26.495344707753976,319.66428192450064,Low,HTTP,1165.902469608116,0,0,0,Normal
67.03542750299675,52.28286011176708,339.952570205099,High,HTTPS,1672.3158615366233,0,0,0,Normal
61.65943465202872,48.672132530544225,690.1807504064134,High,FTP,2161.6989255904123,1,0,0,Attack
31.972662470143405,27.093373739509175,171.8696660491308,Low,HTTP,854.3719728256008,0,0,0,Normal
69.82353754074211,57.6523855835712,368.5954392909642,High,HTTPS,1544.1554375402477,1,0,0,Normal
43.69659813011822,37.572561454135716,238.6626023266389,Medium,HTTP,792.3925735028607,0,0,0,Normal
53.97863812875585,37.938858704277244,331.3870395265093,Medium,HTTPS,1178.2889922948602,1,0,0,Normal
56.81111968617188,46.47106267252522,291.70561745108284,Medium,HTTPS,1282.1255719525618,0,0,0,Normal
74.21755630901316,53.067094581515654,405.34283074194093,High,DNS,2012.4028596835026,0,0,0,Normal
67.70609287705156,48.14974805272268,517.8802935913026,High,HTTPS,1559.400034127902,0,0,0,Normal
77.9552852758934,56.00872701999298,544.6082209849485,High,DNS,2147.699289447807,0,0,0,Normal
30.854849359748187,23.00441997936557,214.01455077884967,Low,HTTP,730.462379346191,0,0,0,Normal
65.39771225721779,46.130649157341175,462.4351136546149,High,HTTPS,1751.234395212206,0,0,0,Normal
34.50623230128258,24.79141548294753,188.9415015526907,Low,HTTP,666.790135396551,0,0,0,Normal
33.347481770179,26.876665269476444,310.0644564945639,Low,HTTP,1426.8685723880008,1,0,0,Normal
35.541743533249246,27.702886330020412,218.67279181973248,Low,HTTP,782.8756059618115,0,0,0,Normal
53.67070774984313,41.72612488487518,515.539435786352,Medium,FTP,2338.302271487372,4,0,0,Attack
31.615884861093946,24.750331883882986,295.495856514344,Low,HTTP,962.7341566149224,1,0,0,Normal
35.538589665375184,25.553064947967712,278.00609648967696,Low,HTTP,869.2375339931099,1,0,0,Normal
61.78736002948426,53.873603161932316,323.64357102551986,High,HTTPS,1178.1252683358387,1,0,0,Normal
53.83393927288125,40.16563627480312,356.2826516923189,Medium,HTTPS,1411.4455555067113,1,0,0,Normal
63.23406733907177,46.48759734732172,819.577240093633,High,FTP,3256.8210665777556,4,0,1,Attack
54.85344780914602,47.934094315799406,292.379370821102,Medium,HTTPS,1068.4195249701825,0,0,0,Normal
45.70691343047656,37.15543178520394,653.7606107149708,Medium,FTP,2241.769128920414,2,0,0,Attack
81.57584562388365,57.87976682310639,650.4238164426696,Critical,DNS,3014.5926168419023,0,0,0,Normal
43.83074776233116,33.518563429872536,254.2333660412669,Medium,HTTP,1010.3424142148934,1,0,0,Normal
40.55008939112213,36.167688346511355,259.07734607953296,Medium,HTTP,1292.0155242056683,0,0,0,Normal
82.15723658380739,58.59516983072518,697.3654401165844,Critical,DNS,2817.103526664665,0,0,0,Normal
63.87184998864541,57.29972883325591,633.0807486061871,High,HTTPS,2937.4021499926093,0,0,0,Normal
32.85626785887871,26.906970634787676,165.1947950079089,Low,HTTP,733.8488915605051,1,0,0,Normal
49.41814918347518,36.1747629971194,363.66414664434365,Medium,HTTP,1495.5213972782926,1,0,0,Normal
87.57786892398144,66.1705786919478,528.3449194429181,Critical,DNS,2437.0005654169095,0,0,0,Normal
33.96229571677395,28.512271486547384,236.63094035997148,Low,HTTP,873.1067792896808,0,0,0,Normal
89.13137247523991,79.90354228591225,563.5514725445865,Critical,DNS,2284.311842720121,0,0,0,Normal
75.67888310099079,53.05937783052829,881.4590189482632,High,SSH,3378.332640886386,1,0,0,Attack
49.604114651156124,39.403363382335826,519.9618576951277,Medium,FTP,2523.097788716197,3,0,1,Attack
46.668835991149535,34.5962779586855,412.51073111575886,Medium,HTTP,1469.134634770671,0,0,0,Normal
71.85816404453362,55.95583765999113,405.64459846407095,High,DNS,1444.9802766648902,0,0,0,Normal
88.94080075377133,66.9642621192284,472.8727008717885,Critical,DNS,1878.309668516286,0,0,0,Normal
30.333618797158124,26.092508753352625,200.21656844000822,Low,HTTP,880.8539530182597,1,0,0,Normal
58.30702549239504,44.1974455525169,431.7036630825501,Medium,HTTPS,1772.8461607336878,1,0,0,Normal
42.39430590413576,36.186261424348345,315.17853134602007,Medium,HTTP,1160.4544550935393,1,0,0,Normal
53.60952121729497,38.909947540260994,355.7291079778648,Medium,HTTPS,1167.9731965850206,0,0,0,Normal
55.872473212657496,39.818552523677035,539.2907202602507,Medium,SSH,1739.1103339774256,1,0,0,Attack
78.05535034742206,59.63579911625572,709.2914624685803,High,DNS,2533.9017133704037,1,0,0,Normal
47.40370570754749,37.74088381089543,352.45541685329516,Medium,HTTP,1591.9777314988435,0,0,0,Normal
76.06925731612137,60.655965453329415,758.2179728616765,High,DNS,2978.2363905933266,1,0,0,Normal
37.74087880330626,28.887711592227838,286.79646859826113,Low,HTTP,1076.176691958273,1,0,0,Normal
33.800554552808535,25.110556034438744,307.5726967146193,Low,HTTP,1224.7215317133212,0,0,0,Normal
49.20580915011669,42.48829496979318,423.4559107334382,Medium,HTTP,2035.8371052789334,0,0,0,Normal
58.84768024508958,46.925580429172435,457.88933403939143,Medium,HTTPS,2028.0902449114394,1,0,0,Normal
69.21345203067176,62.20204383229212,825.0871406835025,High,FTP,3800.379344461162,2,0,0,Attack
59.62670060849632,47.937705338804946,600.950888276391,Medium,FTP,2387.6177448554245,2,0,0,Attack
42.871101080963854,37.040004781013245,327.2588900922248,Medium,HTTP,1206.5767206785729,0,0,0,Normal
79.04438339894114,66.73183376302947,559.7646391623226,High,DNS,2420.7592112444636,0,0,0,Normal
59.22224410751369,48.04327353484803,570.3793621195701,Medium,HTTPS,1938.03000584931,1,0,0,Normal
89.60962937404474,77.1764565339325,573.825535024099,Critical,DNS,2761.593441736281,0,0,0,Normal
61.1891225722502,47.05284779054443,391.94431805539983,High,HTTPS,1672.1738161918424,1,0,0,Normal
89.19561555740074,71.83299177202129,862.7513875566619,Critical,FTP,2974.618979234548,0,0,0,Attack
73.2697361666942,57.389692481113265,622.7022316609635,High,DNS,1911.6121280153586,0,0,0,Normal
63.37108932057163,56.09904809853466,492.17593153716825,High,HTTPS,2087.4840216399602,0,0,0,Normal
78.3755464888236,59.263245137740235,525.487587738212,High,DNS,2002.3826430779118,0,0,0,Normal
50.69221691315761,38.33438189703144,289.3666318182347,Medium,HTTPS,1143.9538944037415,1,0,0,Normal
61.60265498406943,49.11040908207877,342.63557173424994,High,HTTPS,1062.4510179880938,0,0,0,Normal
54.97979718616989,46.1803125048837,353.5806746822099,Medium,HTTPS,1183.6758916544607,1,0,0,Normal
95.57401190351811,77.47829189535635,1040.2915290128728,Critical,FTP,4704.386859655828,4,0,0,Attack
46.84337574421079,35.98459231059639,342.88674438954416,Medium,HTTP,1095.554935776895,1,0,0,Normal
46.86548881480121,34.133644445042655,322.4820916495084,Medium,HTTP,1492.830591558618,1,0,0,Normal
59.163762153330026,42.74469652778327,441.050003077921,Medium,HTTPS,1459.6540617033575,0,0,0,Normal
71.98517383672879,54.51034626630852,685.2398185881824,High,DNS,2423.7752451435276,0,0,0,Normal
63.198826811531035,53.82530421252209,541.8058909020898,High,HTTPS,1777.4510348576707,1,0,0,Normal
50.456868696383026,40.00191398284969,454.8729481319353,Medium,HTTPS,1488.6550908165673,0,0,0,Normal
38.49965918372618,29.84649757535386,286.15510183552595,Low,HTTP,1314.210328516318,0,0,0,Normal
36.7443125929276,29.328916713562897,246.82239515704578,Low,HTTP,939.7175523163988,0,0,0,Normal
47.173222044075374,41.548626472063134,392.0804568104938,Medium,HTTP,1615.300123241768,1,0,0,Normal
75.50460472804843,63.64445365593797,452.6107013985348,High,DNS,2239.8157582959375,0,0,0,Normal
67.83826671977295,58.38184234380382,846.6006378152348,High,FTP,3578.0620685939352,1,0,1,Attack
52.57216979185614,41.91613972702348,429.2984962921353,Medium,HTTPS,1760.3473339314437,1,0,0,Normal
59.456786456862574,45.703944714947276,363.85006803397965,Medium,HTTPS,1341.3381452046724,0,0,0,Normal
84.2301585838868,70.11825365551297,435.86275851577943,Critical,DNS,1348.5836493365632,1,0,0,Normal
72.87644595387974,53.91247342162289,590.5428138524458,High,DNS,2622.152110561227,1,0,0,Normal
78.18101714612567,68.89781232423265,549.323905734496,High,DNS,1787.0324339337733,0,0,0,Normal
59.19199013267644,48.930203608313434,437.0296645523992,Medium,HTTPS,1373.9515175646713,0,0,0,Normal
50.607542579382425,37.69163071354374,265.7932644092365,Medium,HTTPS,837.3662832334277,1,0,0,Normal
69.73805641959189,49.3038682507535,409.30706356387884,High,HTTPS,1704.352358691239,1,0,0,Normal
41.93373750309547,34.55900652187735,369.2455612113279,Medium,HTTP,1269.0361279160584,0,0,0,Normal
84.37803512631945,65.90366007140918,463.0440235041193,Critical,DNS,1578.6625251554642,1,0,0,Normal
67.99066646672145,54.07503529578015,616.8774682970007,High,HTTPS,2850.6504360278086,1,0,0,Normal
43.434860452398425,30.842309847211236,250.78179817417453,Medium,HTTP,771.8408053820315,0,0,0,Normal
32.095966458145995,23.583097602887296,203.578270057281,Low,HTTP,816.2560562506412,0,0,0,Normal
67.24011199330562,57.30324224929524,383.37031425232254,High,HTTPS,1749.9099256802826,0,0,0,Normal
54.31569592517917,39.08064675399032,308.6059346106259,Medium,HTTPS,1195.0679644484999,1,0,0,Normal
58.59908178241312,50.566255923133504,526.3150291457241,Medium,HTTPS,1802.589557071063,0,0,0,Normal
33.02458112657405,24.139310659688714,231.77163801586792,Low,HTTP,980.8566813803538,1,0,0,Normal
40.43047963961726,30.472936360403594,315.3393452758381,Medium,HTTP,1469.642628978588,1,0,0,Normal
75.66543786393595,55.08901540858581,746.9424207433261,High,DNS,2277.0666641267817,0,0,0,Normal
45.852781161956955,33.34727547912998,569.8470614227069,Medium,FTP,2604.2022074150077,3,0,0,Attack
78.87567373953061,67.7751085541614,611.3891310812803,High,DNS,3041.7462790133654,1,0,0,Normal
49.28493718514801,38.478042254665645,531.0116083178089,Medium,FTP,1603.0524501479442,1,0,0,Attack
46.11359028160223,37.44339603926758,241.41106563044943,Medium,HTTP,777.2767059700353,0,0,0,Normal
48.418145577834366,43.327744608854026,616.4251616391084,Medium,SSH,2261.08072892551,4,0,0,Attack
38.18049833014811,31.408756137362737,215.06586506069033,Low,HTTP,1053.944043324048,1,0,0,Normal
77.77951049130934,63.00545281408063,416.8671431637314,High,DNS,1405.1587205133685,0,0,0,Normal
54.21786321923719,41.674633123113,291.48093559946864,Medium,HTTPS,1241.7040101638968,1,0,0,Normal
73.5945399866614,52.208376536341206,782.1317981109912,High,SSH,3231.484449424494,3,0,0,Attack
88.45975258926046,74.66215851520506,538.9045886681403,Critical,DNS,1796.7048493795924,0,0,0,Normal
66.79161491636478,48.444952512893124,402.3049514384112,High,HTTPS,1720.1491560271409,1,0,0,Normal
63.015618442805135,45.0173521172186,570.4641207393141,High,HTTPS,2683.9374586901654,1,0,0,Normal
50.59540148933593,36.17794875703135,262.81003905840066,Medium,HTTPS,939.5706630390079,1,0,0,Normal
32.821670788907795,26.79559395769342,246.9456660631951,Low,HTTP,924.0777000917211,0,0,0,Normal
73.20721456868341,54.442998736343704,652.3754893849731,High,DNS,3156.7625599598223,0,0,0,Normal
37.59446559372009,27.854920456589856,269.972662085447,Low,HTTP,1301.358097897553,0,0,0,Normal
34.31521214733948,29.58347623687853,208.02954864831335,Low,HTTP,705.492008500436,1,0,0,Normal
34.51326222595526,24.427584619926606,278.86682719791577,Low,HTTP,1154.365053763093,0,0,0,Normal
74.91983479478222,60.00737224663609,885.612282558948,High,SSH,3976.2775266959725,0,0,0,Attack
43.10505483827001,36.91750553543775,220.75359354598407,Medium,HTTP,831.3954817255919,0,0,0,Normal
42.27942344718031,33.28435942022326,377.3440651102894,Medium,HTTP,1749.2999277820036,0,0,0,Normal
78.63290114473784,58.384340187984215,781.4418986389551,High,DNS,3463.583499182674,0,0,0,Normal
32.33215620130068,26.615818559601784,163.18566020632582,Low,HTTP,740.6836701933272,0,0,0,Normal
60.28632368586841,52.211039649965585,334.5473141556431,High,HTTPS,1336.9103020378147,1,0,0,Normal
76.93626193460659,54.22865497988906,513.1752376091188,High,DNS,1993.8524066394232,0,0,0,Normal
66.1741720187274,56.7112786202679,845.2914884411214,High,SSH,3294.7861529060565,3,0,0,Attack
42.7477531848308,38.36670525573331,253.36156324627933,Medium,HTTP,1112.9594581831943,0,0,0,Normal
66.95988470943121,46.998240269171944,545.7203177818343,High,HTTPS,1650.765927729665,0,0,0,Normal
79.81534347003617,57.624465298643464,624.881649154253,High,DNS,2011.3221821222492,0,0,0,Normal
31.455509858205914,24.120254559158365,183.5424550672512,Low,HTTP,732.8513726609309,0,0,0,Normal
77.10005984306918,68.62340196823205,631.3983128616042,High,DNS,2256.953155050563,1,0,0,Normal
89.25418809623807,65.7871120023397,826.6792773811047,Critical,DNS,2833.44116356358,1,0,0,Normal
30.56595515263325,25.247428878217324,196.77553943309036,Low,HTTP,602.7405637445232,1,0,0,Normal
36.59168322796177,29.755027463079077,250.8385881768881,Low,HTTP,1106.4374590276661,0,0,0,Normal
60.04161752157415,44.034488317462554,776.2304572447591,High,FTP,2626.7673169524323,3,0,1,Attack
87.01692102928064,72.01289345029812,831.0840098173235,Critical,DNS,3822.885840379008,1,0,0,Normal
51.122773302486166,44.501511789504725,505.62557971645373,Medium,SSH,1964.8882008140258,2,0,0,Attack
77.79950849377201,58.93386104975803,810.6259787005685,High,FTP,2634.6303923657674,1,0,0,Attack
63.949101311154664,49.50957596516797,557.9339534595589,High,HTTPS,1814.2035702375392,0,0,0,Normal
40.01983025344089,35.37302227653148,276.7540985181972,Medium,HTTP,913.7691336311983,0,0,0,Normal
78.27203467495565,69.03854004904726,911.4579688974476,High,FTP,3868.8011778891296,1,0,0,Attack
81.14493941591718,59.97671368612332,696.2840681440962,Critical,DNS,3303.018358629013,1,0,0,Normal
47.25282790626807,38.461368489611225,418.0577822773399,Medium,HTTP,1875.503721912942,0,0,0,Normal
52.26085253772908,44.3687461011754,391.4569186663434,Medium,HTTPS,1273.8835953575542,0,0,0,Normal
85.16620924565359,66.14152285171618,614.3304097758755,Critical,DNS,2725.4973759226236,0,0,0,Normal
84.60998619397287,73.0676782250713,612.9592944464638,Critical,DNS,2636.1529206479104,0,0,0,Normal
41.73920191882644,35.1957396058006,354.0289383880818,Medium,HTTP,1357.4933573684443,0,0,0,Normal
64.18455060025735,54.80655681033808,324.9231041808289,High,HTTPS,1160.2437605685345,1,0,0,Normal
84.69588007090351,67.72432532297026,669.7921649028544,Critical,FTP,2643.942136668835,0,0,0,Attack
52.98508917170693,41.780463036692446,396.4366441929007,Medium,HTTPS,1548.6821256069677,0,0,0,Normal
89.07466072938405,70.34948027738434,773.3137985780722,Critical,SSH,2908.6141125831205,3,0,0,Attack
72.96894517232431,61.24116845676922,442.8298315117114,High,DNS,1871.912843851129,0,0,0,Normal
86.16705093882047,60.5317527498467,644.4252704121955,Critical,SSH,2484.343549962276,3,1,0,Attack
59.885311775287846,43.22955968567644,510.6651004923418,Medium,HTTPS,1896.866261615083,1,0,0,Normal
56.55973986169556,45.20716311292071,337.0966779668052,Medium,HTTPS,1078.7441666383725,1,0,0,Normal
56.93431903528108,43.12507926644071,512.3916412162041,Medium,HTTPS,2039.568136686014,0,0,0,Normal
71.78314546883485,53.31691341230419,517.92504775086,High,DNS,2043.0121906535005,1,0,0,Normal
40.74790917293285,28.78060207206745,429.21904840195214,Medium,FTP,1966.184929086639,2,0,0,Attack
36.56174980547803,30.75191936095286,205.81027168204756,Low,HTTP,697.2781791466614,0,0,0,Normal
59.784499841043726,44.14490125138226,344.02042706290393,Medium,HTTPS,1337.4856416442894,0,0,0,Normal
47.23594484225032,40.62234076150729,383.15782369129784,Medium,HTTP,1669.72752378706,0,0,0,Normal
42.82492525540874,33.771966415380675,400.8177346649593,Medium,HTTP,1210.0385325630775,1,0,0,Normal
31.892604967215448,23.122516144651698,277.96245868611976,Low,HTTP,1271.0624857681046,1,0,0,Normal
72.32861822449195,52.45015171701039,407.610002314881,High,DNS,1820.3536013809621,1,0,0,Normal
41.52013332262868,30.316907672169943,356.7133113788139,Medium,HTTP,1542.1521624516124,0,0,0,Normal
77.99636842559266,64.3051142480301,643.6061778295676,High,DNS,2551.984032015825,1,0,0,Normal
66.58161372586619,58.21749749907705,671.7995698063706,High,FTP,2887.4213987525054,4,0,1,Attack
37.50355138836312,31.826379495391,241.03773138553802,Low,HTTP,946.1182507723407,1,0,0,Normal
37.549372590874555,27.23910893997548,276.6831889219572,Low,HTTP,942.7398507924458,0,0,0,Normal
49.05209771313821,41.38296602431281,556.4255396906681,Medium,FTP,2123.6443507300314,0,0,0,Attack
77.33887825575948,64.19666858051814,733.8768405787378,High,SSH,2235.412696743802,2,0,0,Attack
82.3133966327714,64.48771896754519,664.0963889801722,Critical,DNS,2817.92682580808,0,0,0,Normal
84.58692564192461,64.03928678357832,803.7667897472912,Critical,SSH,3830.6938254390375,0,0,0,Attack
37.626344147720374,29.903186279632912,255.34191535748008,Low,HTTP,1180.0142553452386,1,0,0,Normal
73.09600172244245,57.793397553948914,402.04687299469873,High,DNS,1565.8093377442542,1,0,0,Normal
69.02094533186755,53.56877041143596,514.2900319165149,High,HTTPS,2561.1951927577575,1,0,0,Normal
55.03240640857257,45.276044915530626,405.1224005344871,Medium,HTTPS,2016.2828267318325,1,0,0,Normal
47.12477004308312,37.01712210322099,421.8659677441821,Medium,HTTP,1688.0063175325874,0,0,0,Normal
58.42220356753387,45.06981747485009,348.7755725472875,Medium,HTTPS,1258.3974247052308,0,0,0,Normal
57.195179731170356,41.18111980945442,412.9218575025074,Medium,HTTPS,1281.139524100519,0,0,0,Normal
52.837018475474906,42.166512564825595,443.5411650938572,Medium,HTTPS,1699.5735488226799,0,0,0,Normal
76.81481986845029,61.02637665044944,587.7083300487365,High,SSH,1897.473269181973,0,0,0,Attack
65.6539166305447,56.33659288767993,786.4182765185781,High,SSH,2464.613107947753,4,0,0,Attack
51.435043815581594,38.00003489793308,445.6743486756525,Medium,HTTPS,2052.3805302848355,0,0,0,Normal
46.00309678025951,36.286363133369434,582.1966860599507,Medium,FTP,2386.2254074494354,2,0,0,Attack
59.41460238373111,49.657572971186646,440.430481054285,Medium,HTTPS,2105.091952911747,1,0,0,Normal
68.33829235671146,47.9661323606459,763.4560481412386,High,SSH,3113.506516404302,3,0,0,Attack
77.42527991758834,66.37502571636657,566.2086207848076,High,DNS,1952.4299465147253,0,0,0,Normal
41.638976536196424,35.25122380920288,250.59272505372,Medium,HTTP,876.2145325779918,0,0,0,Normal
66.63426381943282,55.46120184612126,669.2023652240625,High,FTP,2586.502765118343,2,0,1,Attack
80.73418475716608,64.30585113722827,612.9619117546384,Critical,FTP,1993.6695141957541,2,0,0,Attack
30.567738992976956,25.365231976950938,247.84702838540332,Low,HTTP,797.8385820490379,1,0,0,Normal
77.18354181095492,61.16940281205052,726.6689554674124,High,DNS,3414.9372688661847,1,0,0,Normal
73.97759557245081,54.79735007022048,669.73959513148,High,DNS,2117.3442592009,1,0,0,Normal
69.69677160272113,54.47906119868733,504.3596415842479,High,HTTPS,2052.1330785527352,0,0,0,Normal
58.95398707740242,41.53917080959086,586.6010077582639,Medium,HTTPS,2733.887887471743,1,0,0,Normal
78.94119891672744,65.07320169621602,984.8673359175117,High,SSH,4318.037337365903,4,0,0,Attack
57.7556200849358,50.62815481015834,433.3528099434808,Medium,HTTPS,1412.350344858351,1,0,0,Normal
42.21869870001683,36.39805072264778,275.27050293925566,Medium,HTTP,1070.8640854112011,1,0,0,Normal
64.49749513172719,50.918153783496585,539.0342731151303,High,FTP,2050.0406775521155,3,1,0,Attack
31.380974564381177,28.180303300729857,222.16382259295239,Low,HTTP,897.8744504539573,1,0,0,Normal
67.29749201627783,60.41276986263532,374.947448537994,High,HTTPS,1577.288360872517,0,0,0,Normal
82.97780927139684,66.39291692598842,442.68086971171886,Critical,DNS,1812.3634536527702,1,0,0,Normal
88.63931274579954,67.4371743931475,998.8867440176176,Critical,FTP,4164.41313952072,3,0,0,Attack
56.83781988511328,40.36974239633912,440.3024870676959,Medium,HTTPS,1360.072055659783,0,0,0,Normal
99.40179862402147,77.84978106151922,1139.253477680781,Critical,SSH,4645.988454671206,0,0,0,Attack
89.30915871882462,64.55799043131283,687.2727997189377,Critical,DNS,3222.482069005489,0,0,0,Normal
70.03857480318402,49.96532537462892,628.6801827625442,High,FTP,2706.7484637284383,0,0,0,Attack
48.241303900485946,41.5121848971407,301.09425300634535,Medium,HTTP,1484.5454363839247,1,0,0,Normal
33.07859350308718,26.789223309282868,236.92982813268512,Low,HTTP,1014.3488214207861,1,0,0,Normal
54.95484630810097,48.24828695120636,309.4669205113294,Medium,HTTPS,1342.9818625528371,1,0,0,Normal
36.85790580973844,29.774457209702163,204.47629545071257,Low,HTTP,679.4730551212227,0,0,0,Normal
34.01916950067971,25.33833435152013,314.62970424405455,Low,HTTP,1319.110911781336,0,0,0,Normal
78.15337609514245,58.58821074093179,422.3103746982795,High,DNS,1779.8381686618086,1,0,0,Normal
62.959755590418354,49.518182924381605,483.02554995669783,High,HTTPS,1738.8564346665119,0,0,0,Normal
83.38871014599135,60.47781026791099,763.1229781594037,Critical,DNS,2548.944709407151,0,0,0,Normal
62.345216492212785,45.0074896668865,527.5005012529277,High,HTTPS,2021.2839993219554,0,0,0,Normal
43.44755668724247,37.796941929064744,245.3834953812346,Medium,HTTP,818.1160007563876,0,0,0,Normal
54.897043486416806,39.31421055304467,596.6619654859506,Medium,SSH,2668.0033418429402,4,0,0,Attack
55.95159698452335,45.1461643241887,392.1050367238644,Medium,HTTPS,1862.602481199837,0,0,0,Normal
37.57553328992799,32.54250769800862,285.71469124913654,Low,HTTP,1181.7504063323174,1,0,0,Normal
36.57229952441412,30.663623073899103,293.1902333767963,Low,HTTP,1077.326892783861,1,0,0,Normal
80.98320465622237,58.786708742279444,626.4178813599706,Critical,DNS,1962.6925421822707,0,0,0,Normal
34.84332155030643,27.492163324984165,276.05095055839416,Low,HTTP,1271.7181673449547,0,0,0,Normal
62.06367694925575,48.429361791888944,324.11968504324506,High,HTTPS,1269.9252622592228,0,0,0,Normal
79.81673324698932,64.18460309920265,614.2095146291026,High,DNS,2004.3383326747628,0,0,0,Normal
71.53154277402791,58.70373262264179,659.6632020110703,High,DNS,2479.5721343405676,0,0,0,Normal
37.77370625859476,30.57427653817316,312.1473484561749,Low,HTTP,1236.0177164017339,1,0,0,Normal
56.70673835120397,46.32404284092977,557.2146922196553,Medium,HTTPS,2769.1563054257085,0,0,0,Normal
54.095194673136575,38.34780919745791,443.74564523976164,Medium,HTTPS,1411.2501956826416,1,0,0,Normal
61.24491377235245,49.47424759788729,511.3432915801149,High,HTTPS,2536.453558204546,1,0,0,Normal
66.20075429418648,57.52048601638339,384.45952510252954,High,HTTPS,1817.3616197749714,0,0,0,Normal
62.821895703309565,52.17638509472816,501.4101720581106,High,HTTPS,1535.6989074039102,1,0,0,Normal
75.07163092697738,67.04272553285621,803.2993245450989,High,SSH,3189.868699678627,2,0,0,Attack
32.66847875769599,27.05348738076647,212.339101855373,Low,HTTP,834.704886233951,0,0,0,Normal
62.34296964699752,51.9919300442516,364.7296476861924,High,HTTPS,1397.8498246759739,0,0,0,Normal
80.66388500999892,59.07009692907532,571.0628711815145,Critical,DNS,2121.432068613843,0,0,0,Normal
69.1633745397121,56.66266342623117,403.57352395264905,High,HTTPS,1634.3706867109138,1,0,0,Normal
87.91502211295665,72.21802587582764,763.0033144378241,Critical,DNS,2777.5513421724777,1,0,0,Normal
68.4366129940463,52.01132225997007,641.6384328876138,High,HTTPS,2671.526605426608,0,0,0,Normal
70.18986265160493,51.52040737932891,550.3096769162997,High,DNS,2341.5724434083327,0,0,0,Normal
39.68975429990678,31.084278795031146,265.3754099426216,Low,HTTP,938.5265459933133,0,0,0,Normal
65.77746735172695,48.241393647984765,350.7912429173978,High,HTTPS,1665.2720774263532,1,0,0,Normal
66.43578812858323,56.281404859645164,599.0555015949451,High,HTTPS,2434.7125618084465,0,0,0,Normal
57.997792341775494,50.7496000476886,623.1047819245113,Medium,FTP,2100.1980995145004,0,0,0,Attack
40.204480104439426,32.71084968388763,227.48510514964138,Medium,HTTP,703.4576553330774,1,0,0,Normal
64.95443101121054,49.84926434918324,647.998117946021,High,FTP,2176.3411175676156,4,1,0,Attack
40.02090802627208,28.547714345249,296.1272233018703,Medium,HTTP,1342.174189144877,1,0,0,Normal
84.14647637226153,72.42339193944775,1035.0780017619022,Critical,FTP,4157.81159405164,2,0,1,Attack
82.50792313934653,65.33039304568476,449.7328139512089,Critical,DNS,1621.7983291982314,1,0,0,Normal
64.08361654408509,46.54573242181984,634.4875933779468,High,HTTPS,2057.2019892418175,0,0,0,Normal
60.23493658460211,46.73535735969495,761.2474211786031,High,FTP,2663.3586625652206,0,0,0,Attack
33.99600173870567,27.05988311514276,175.31396252300428,Low,HTTP,762.6440558100164,1,0,0,Normal
78.20472250929015,70.14681907007902,580.8575646356377,High,DNS,1807.165555301974,0,0,0,Normal
57.54225252530887,41.317140349370504,421.64077194100975,Medium,HTTPS,1307.1525642904405,1,0,0,Normal
37.898434570088284,33.95841173437729,268.3743814018955,Low,HTTP,1207.3771486305648,1,0,0,Normal
52.765368453838164,46.04863136751976,358.1295776275213,Medium,HTTPS,1652.1339078290723,1,0,0,Normal
68.79175548165222,48.585964369361754,724.4936327755235,High,SSH,3578.4564715902047,1,0,1,Attack
89.08919366760529,71.0126311973134,588.0526860089082,Critical,DNS,2357.1332671554655,0,0,0,Normal
35.4094002378406,28.083193274838788,280.0530604752666,Low,HTTP,1189.901402518433,0,0,0,Normal
98.81119592084133,77.39450450144935,1004.0782471669726,Critical,FTP,3977.180259772417,1,0,0,Attack
91.81167335809732,70.83163688815881,782.2236151899026,Critical,FTP,2349.81889346057,0,0,0,Attack
31.88279334863182,25.664842159532693,298.67707399735946,Low,HTTP,1326.1489867261976,0,0,0,Normal
69.12877064169152,52.81636744474375,729.56994616712,High,FTP,2759.2427061175636,2,0,1,Attack
57.92998259959859,47.29172805481403,343.31300556580356,Medium,HTTPS,1589.466184575551,0,0,0,Normal
54.97692881923285,45.38350237474979,287.57387207978206,Medium,HTTPS,1162.8212250821025,0,0,0,Normal
51.44650662849017,38.773171688481575,303.34929254836476,Medium,HTTPS,1443.6284406421485,0,0,0,Normal
61.49241139783044,53.78857003445299,543.0432032543914,High,HTTPS,1971.4854953918823,0,0,0,Normal
49.208621625148226,39.683072875367984,371.1445309376623,Medium,HTTP,1337.678552001326,1,0,0,Normal
64.90803863183828,47.840713962177915,422.8981707734174,High,HTTPS,1524.7067315493082,0,0,0,Normal
67.65025993343443,47.979756362985185,379.2312083630384,High,HTTPS,1318.9088289537906,0,0,0,Normal
56.09798543839133,41.28004400826462,550.4268315165564,Medium,FTP,1678.2070396350396,2,0,0,Attack
92.41564842755906,78.8529513845146,974.0183758184077,Critical,SSH,3080.4538713413367,1,0,0,Attack
61.92756207026832,49.64674773293462,326.85407246479133,High,HTTPS,1308.7523424916371,0,0,0,Normal
41.11612815879198,31.273492093644755,215.8758044955779,Medium,HTTP,705.0991322002259,0,0,0,Normal
32.76972066417329,23.732829594834023,286.64116731478657,Low,HTTP,1133.8747809599583,1,0,0,Normal
40.75682585928007,30.562226296146637,368.15940683089553,Medium,HTTP,1423.9742054297658,0,0,0,Normal
75.97272559200064,63.43845307281626,748.1892379522654,High,DNS,2250.7197989596425,1,0,0,Normal
60.50719618157018,43.02789297611035,455.0702187542571,High,HTTPS,1953.9320287877626,1,0,0,Normal
48.1841225871176,34.2114832267092,391.3565876971149,Medium,HTTP,1452.941775104281,0,0,0,Normal
37.26913547463482,31.674493962799932,275.88721795422856,Low,HTTP,950.3953790355451,0,0,0,Normal
44.96030285823508,38.725340383110954,225.25386955071022,Medium,HTTP,937.6585422188424,0,0,0,Normal
70.50484596341448,63.02605703906596,606.355117662312,High,DNS,2218.638048287184,1,0,0,Normal
33.33607748238137,26.696767242701945,231.85346636416918,Low,HTTP,715.1334486243977,1,0,0,Normal
33.00470812675485,27.225064580371974,299.50017394957916,Low,HTTP,974.8555757171958,0,0,0,Normal
74.96561881096568,59.68032566399718,570.4052575773941,High,DNS,2806.7174827422887,1,0,0,Normal
78.39688294727239,54.9093687779016,736.7277021593118,High,DNS,2215.179518898964,0,0,0,Normal
88.17755366108031,74.42252776339579,579.864300445471,Critical,DNS,2516.264559743345,1,0,0,Normal
60.25112663730397,46.88750247671701,392.26473009884234,High,HTTPS,1585.7026375000391,1,0,0,Normal
77.46528109699284,66.8508897079791,704.5653763380062,High,FTP,2374.4453905908204,3,0,0,Attack
58.83078647488219,47.3208760147151,364.43449426819336,Medium,HTTPS,1369.7219113088245,1,0,0,Normal
30.12073457626684,26.382643754991683,154.28739281981223,Low,HTTP,492.4562079627888,1,0,0,Normal
73.20228790689725,55.85656291473755,395.7725578611798,High,DNS,1606.1656726458696,0,0,0,Normal
53.46037705967319,40.652331765120934,401.49914114601154,Medium,HTTPS,1789.6090255039958,0,0,0,Normal
88.89361825567903,67.6069352199734,703.6325381203244,Critical,FTP,2385.6016902280435,0,0,0,Attack
61.30669765014318,45.84422196624369,453.0149618542192,High,HTTPS,1859.6168004933068,1,0,0,Normal
82.76892771180428,58.343149947453,593.4159030087122,Critical,DNS,1896.3767230865885,0,0,0,Normal
48.913185005005744,35.034675180568584,245.57141288003197,Medium,HTTP,1043.003533943986,0,0,0,Normal
58.125954216957325,46.524523008427025,678.6226902853018,Medium,SSH,3241.516883621349,0,1,0,Attack
48.161266961324145,34.995064277733434,326.60295763612595,Medium,HTTP,1381.9946138520759,0,0,0,Normal
44.33546605883748,35.27209534888312,270.9860382784295,Medium,HTTP,1288.7612057233139,1,0,0,Normal
31.467581713513937,24.758125922710548,248.80429684723828,Low,HTTP,1184.6596234809133,1,0,0,Normal
44.878719369735336,31.452005680211858,498.32845093766025,Medium,SSH,1867.7260023606905,0,0,0,Attack
70.12262836033187,58.15755852597122,565.4125073203887,High,SSH,1699.553233128856,0,1,0,Attack
47.986775384270004,37.01017379994974,470.5184402883849,Medium,FTP,1472.8141579088915,0,0,0,Attack
58.67187029503839,43.68043999024574,575.0675465867382,Medium,HTTPS,2571.3402281042468,0,0,0,Normal
56.0345909143507,45.73921272237193,281.1230068272583,Medium,HTTPS,944.9518410864329,1,0,0,Normal
30.246678973344387,23.16585496915419,252.51458385129268,Low,HTTP,776.9182463174054,0,0,0,Normal
68.81080424049287,48.74846318124625,523.3801047998527,High,HTTPS,1607.0988874409163,1,0,0,Normal
51.37733367315377,37.27395554175909,304.4216532904075,Medium,HTTPS,1213.0274764751505,1,0,0,Normal
43.34607591641543,38.667158926956496,298.9238490195759,Medium,HTTP,1209.4213163473908,0,0,0,Normal
64.88023545465694,45.46016593473136,355.5130453128196,High,HTTPS,1437.76505938455,1,0,0,Normal
49.769241670164774,41.50457353800418,380.52377716112693,Medium,HTTP,1187.3549163824837,0,0,0,Normal
32.53259739940404,26.164113105011193,281.18877094639214,Low,HTTP,856.9614324481751,1,0,0,Normal
47.64824803220108,35.11716505605116,484.7469346579405,Medium,FTP,1570.3803492235766,1,1,0,Attack
97.61702029165463,75.73602763707295,957.7469387694114,Critical,SSH,2945.777886428912,3,0,0,Attack
30.203456951858243,21.72175559801568,165.79401074208437,Low,HTTP,781.923463734252,0,0,0,Normal
70.18207317523775,56.55485373848337,569.7470932837776,High,DNS,1761.4364876776858,0,0,0,Normal
61.272894233989064,51.820430197668294,578.5097782950802,High,HTTPS,2762.931924623571,0,0,0,Normal
41.102557846315904,30.376469008157166,332.0491715239216,Medium,HTTP,1615.9016785042934,0,0,0,Normal
62.75457725751039,50.86245163355643,789.2374638741641,High,SSH,2953.1293767300367,2,0,0,Attack
35.754332022042945,25.727729761769787,336.2168830790158,Low,HTTP,1346.854212529457,0,0,0,Normal
71.74914410381461,59.173323114262935,692.913369021916,High,FTP,2267.993502851873,3,0,0,Attack
83.71951584224007,73.47736577487109,619.8249562590979,Critical,FTP,2993.3091704554063,3,0,0,Attack
41.71225295809563,34.335111498831296,222.13801273430462,Medium,HTTP,789.5460670879521,1,0,0,Normal
63.14936307280732,55.29245459356279,548.0371354013693,High,HTTPS,2498.9262082337696,0,0,0,Normal
35.87087471729319,31.427949184436905,211.75891308381492,Low,HTTP,735.3696341414237,1,0,0,Normal
67.41754282940747,52.234989996009865,350.01945070851303,High,HTTPS,1325.7587426129755,0,0,0,Normal
83.29834221687634,58.35768764766604,431.1970267661068,Critical,DNS,1419.9382539562014,1,0,0,Normal
66.94263002282241,47.73139615871011,499.50835297525515,High,HTTPS,1712.6306678100402,0,0,0,Normal
82.67464263961301,70.03675524461566,629.5504104347175,Critical,DNS,2585.804054704079,1,0,0,Normal
92.8423429770919,68.34446585137412,906.576129925723,Critical,SSH,3109.16962867216,4,0,1,Attack
52.439456277061254,37.109967628863224,277.97071291982917,Medium,HTTPS,1271.517178817524,0,0,0,Normal
30.175927015661728,21.336236720849584,154.47339657816119,Low,HTTP,671.2872863087663,0,0,0,Normal
33.9058301523437,27.072771657774307,189.8377252655847,Low,HTTP,907.0048074015623,1,0,0,Normal
74.14112359667342,59.6533384757469,384.74372049108126,High,DNS,1494.7284476193247,1,0,0,Normal
40.84039564222621,32.85282188991316,379.4312369065768,Medium,HTTP,1553.3870358741633,0,0,0,Normal
32.30178722369601,22.999897366361072,168.9069488384137,Low,HTTP,613.2399929268133,1,0,0,Normal
32.11845498342882,22.635922658769864,303.1939433177134,Low,HTTP,1310.9297166039094,0,0,0,Normal
59.54085361838224,43.10512489562453,575.5297764702024,Medium,HTTPS,2209.686963303769,0,0,0,Normal
61.3775334735692,43.42912967579268,420.7046497214713,High,HTTPS,1728.89958259579,1,0,0,Normal
61.32593262107548,53.453122089347595,460.8504204386997,High,HTTPS,2165.675623312901,1,0,0,Normal
33.609518325556564,23.834563616612407,190.99676449056818,Low,HTTP,652.284017864341,1,0,0,Normal
31.429123883281136,27.58203191815019,300.8774035705545,Low,HTTP,1151.7444162963113,1,0,0,Normal
37.187639793846756,32.972245947166854,237.4713593781547,Low,HTTP,1026.257798298989,1,0,0,Normal
32.27211595833069,24.984265765727404,287.2037053391353,Low,HTTP,1204.2683158161421,1,0,0,Normal
91.48704049701337,73.2436914000834,765.5440253311489,Critical,SSH,2793.6998279981863,0,0,1,Attack
32.748335626893095,23.81828062292009,228.22901520867666,Low,HTTP,1137.4076081770133,1,0,0,Normal
93.27840401070716,82.3581283262699,734.7219364171729,Critical,SSH,2891.7307760123035,1,0,1,Attack
95.99358924055139,72.5164772405358,782.832922088122,Critical,FTP,2404.5727412086853,1,0,0,Attack
52.25250365969259,44.726969159552745,405.9212297069561,Medium,HTTPS,1625.3556810652015,0,0,0,Normal
60.1772677381814,44.96850933350357,365.5127636751856,High,HTTPS,1469.9857529542621,1,0,0,Normal
38.19381199355121,29.744086601820023,341.2888944913628,Low,HTTP,1688.6526806952734,0,0,0,Normal
94.8784438362054,69.19499089824956,993.5751187060447,Critical,FTP,4001.173029924812,0,0,0,Attack
56.62912538507953,42.067697202708835,734.8323753815606,Medium,SSH,3084.4108420475254,2,0,1,Attack
86.79325980730937,70.36661165282442,825.9958751296908,Critical,SSH,3489.3884015731755,2,0,1,Attack
44.1802146741793,32.82401598550531,341.73266570798927,Medium,HTTP,1117.1913906577963,0,0,0,Normal
53.63014883281721,45.98401645303993,352.7037734338041,Medium,HTTPS,1657.1583478447671,0,0,0,Normal
38.79044839006383,32.37314981908555,322.3227522021832,Low,HTTP,1219.4862617721155,1,0,0,Normal
42.85898069225368,37.62071370986256,304.2340908413173,Medium,HTTP,1141.6234515500635,0,0,0,Normal
73.22146146732848,57.73510511539708,769.2113513163449,High,SSH,2907.2389893681184,0,0,0,Attack
52.88721022006939,42.80684595315888,689.1144984041166,Medium,SSH,3001.7312607556796,4,0,1,Attack
77.22854096333322,58.93030421072972,466.2977097813494,High,DNS,1762.765398807613,0,0,0,Normal
70.36949426481442,58.57368951784315,497.5039722290449,High,DNS,1549.8299604324932,0,0,0,Normal
83.33370347742857,65.32859366948091,692.0044524545351,Critical,DNS,2832.6018190870955,0,0,0,Normal
56.54992931747984,45.85935100590902,451.42122070465433,Medium,HTTPS,1853.3903063584917,0,0,0,Normal
62.819648314034566,54.64871359526734,416.0702390515663,High,HTTPS,1537.2989477989076,1,0,0,Normal
48.91914106745389,36.27431319735164,487.1886666585902,Medium,HTTP,1886.6124961551486,0,0,0,Normal
69.71199578649248,54.57021933430375,511.6540819189027,High,HTTPS,2186.8732571468963,1,0,0,Normal
55.181892595865065,45.92020026253018,285.79109919918125,Medium,HTTPS,1009.3196588818598,1,0,0,Normal
63.28598581501865,51.850718940003205,475.29610268669614,High,HTTPS,1611.5116620062822,0,0,0,Normal
80.97908088602708,61.94332851517506,611.7379228837475,Critical,DNS,3013.4923518546466,1,0,0,Normal
42.45472266571596,38.13972674037833,419.01419000438415,Medium,HTTP,1566.5687485933495,1,0,0,Normal
54.83857570841792,43.51888781044344,414.9972726009009,Medium,HTTPS,1248.2306655917728,0,0,0,Normal
69.64819854314555,49.25262593677085,556.7389006713223,High,HTTPS,2121.6656926461233,1,0,0,Normal
65.79242120787967,52.66101697218051,530.3629479813542,High,HTTPS,1811.5076159699383,1,0,0,Normal
49.47900064100395,39.69061151974708,280.6939941589449,Medium,HTTP,1351.236937201476,0,0,0,Normal
99.50872137844271,89.03909856403132,1120.0681745772242,Critical,FTP,3577.393156516265,2,0,0,Attack
68.07449727635685,54.643714315607724,673.7018599477838,High,SSH,3317.0502895339628,2,1,1,Attack
32.14888669199354,26.353839631383607,221.22057064725809,Low,HTTP,985.5281636256495,1,0,0,Normal
60.12347929463431,49.448328641113996,417.7839426309251,High,HTTPS,1341.7393588464815,0,0,0,Normal
60.6512520799879,44.088589702574005,508.8526744924753,High,HTTPS,2342.5481734446457,1,0,0,Normal
88.4360646904679,76.92560108068321,614.7065383914842,Critical,DNS,3028.010461919015,1,0,0,Normal
60.81138973575435,47.332132565620554,321.57233595031937,High,HTTPS,1039.3857786496503,0,0,0,Normal
65.92303818048094,51.1065108777401,509.80409674035485,High,HTTPS,2147.50657454698,0,0,0,Normal
66.73386780625151,51.915653123102686,518.134811454101,High,HTTPS,2557.7371223236455,0,0,0,Normal
38.075908693999736,31.81594478130842,256.51799823913814,Low,HTTP,893.5231264461544,0,0,0,Normal
80.95327064787853,62.98442327022494,581.3350339064583,Critical,DNS,2279.452271331421,1,0,0,Normal
53.502964352373965,38.06848927095742,437.9384186601824,Medium,HTTPS,1740.5201325256114,1,0,0,Normal
52.57352340689977,42.54948159784229,332.7469415127498,Medium,HTTPS,1595.6553611387212,0,0,0,Normal
63.38518280026619,51.37799002534095,578.8124419749977,High,FTP,2175.9464974648345,4,0,0,Attack
70.67775824078126,54.38516606225634,693.7228040576686,High,DNS,3212.6306065691524,1,0,0,Normal
53.41029744500702,42.04697584210284,365.68708035859765,Medium,HTTPS,1581.1986107696134,0,0,0,Normal
43.4563368502495,35.956314227007255,418.1295721159461,Medium,FTP,1671.4239743172657,1,1,0,Attack
62.799866780042066,47.29878303472617,441.30737917735,High,HTTPS,1395.7887064796507,0,0,0,Normal
63.170348757557804,46.68631506566022,381.48571555459466,High,HTTPS,1322.2176677095108,0,0,0,Normal
60.84418952697888,54.3102331650933,780.1363680617764,High,FTP,3035.1172800415093,2,0,1,Attack
56.17342265541083,43.470931904838345,308.0981094393297,Medium,HTTPS,1392.626254208331,0,0,0,Normal
68.22373559174594,47.80986015455797,669.2096128060333,High,HTTPS,3254.2267696479275,1,0,0,Normal
45.950079800604726,35.89106047774689,396.8888922355795,Medium,HTTP,1584.1831222401102,0,0,0,Normal
41.716276626102626,30.935121550905084,230.64541141953435,Medium,HTTP,1133.7409477320787,1,0,0,Normal
87.7834987399001,77.37162676211412,790.8389529551773,Critical,DNS,3712.048812872636,1,0,0,Normal
52.16102838261577,37.52415673356778,511.9532922994097,Medium,HTTPS,1943.5771231035123,1,0,0,Normal
30.234135113860248,26.97978581917644,168.72151446875102,Low,HTTP,623.4682727112653,1,0,0,Normal
54.32642968298751,45.932763525247076,436.29763408673165,Medium,HTTPS,1385.0975455690657,0,0,0,Normal
42.46799608823494,30.626061978994326,417.9309180002654,Medium,HTTP,1501.73099880586,0,0,0,Normal
84.41744020034093,72.62928933129832,524.0796229393164,Critical,DNS,2004.7120711305056,1,0,0,Normal
35.81719857007556,31.970233648828938,261.56088460473194,Low,HTTP,849.2182223741072,1,0,0,Normal
87.70852598467172,63.43255128168284,652.1894245271411,Critical,DNS,3063.2419946309437,0,0,0,Normal
73.64871459405549,60.48338301870356,698.816203483413,High,DNS,2615.8867911189755,0,0,0,Normal
46.34688330028439,41.41757583899798,519.7157676505806,Medium,SSH,2202.1357474496117,2,0,0,Attack
78.10764633090002,58.45011177151473,709.0222442880666,High,DNS,3126.7798797113555,1,0,0,Normal
87.77834329739562,69.52979351596653,729.4186350098406,Critical,DNS,3620.897800259205,0,0,0,Normal
36.96596962341573,29.477954427317016,277.00290705654754,Low,HTTP,1350.4789143065655,0,0,0,Normal
66.37245884907315,58.377245976242726,358.8840545600839,High,HTTPS,1403.3430758888837,1,0,0,Normal
88.09295182149071,68.35422107991464,543.0862228854548,Critical,DNS,2163.9630750722968,1,0,0,Normal
44.498296327710705,38.406481491047074,321.5553489831014,Medium,HTTP,1325.3008752891642,1,0,0,Normal
57.631940535939066,47.97231786786333,507.1717387573543,Medium,HTTPS,2519.102147761135,1,0,0,Normal
59.23047111398773,47.36887529867737,571.9873904511034,Medium,HTTPS,2083.3885307512373,1,0,0,Normal
83.86206111026695,60.06913002404499,627.1839752912928,Critical,DNS,2231.097971796113,1,0,0,Normal
52.77987512017717,39.40529119767223,516.6509636459273,Medium,HTTPS,1988.4922580858429,0,0,0,Normal
78.93001301577897,62.27969378815217,728.8814347204235,High,DNS,3570.984868475717,0,0,0,Normal
69.71734816710523,59.39969655314173,487.3931790154524,High,HTTPS,1524.0494804187406,0,0,0,Normal
59.921485045342706,53.10716240988123,403.7585419862639,Medium,HTTPS,1306.206654359851,0,0,0,Normal
34.885477039715624,27.87873872306451,189.66030836143244,Low,HTTP,828.0392321245147,1,0,0,Normal
43.979070287387,39.20960547731515,285.12200149783297,Medium,HTTP,1201.4223588575721,0,0,0,Normal
56.71487464103848,49.30684179614505,400.5778893751255,Medium,HTTPS,1914.9407439647987,1,0,0,Normal
75.60222002750379,58.94248003345484,424.6449102850073,High,DNS,1895.332922620909,1,0,0,Normal
85.88374288301566,66.0896921475734,793.7502940896421,Critical,DNS,3708.870151665397,0,0,0,Normal
59.74508381805208,42.865078610887636,409.7484516403591,Medium,HTTPS,1721.6397124350435,0,0,0,Normal
87.46544586614618,66.4147149117968,707.8562111577612,Critical,DNS,2321.4941439620734,0,0,0,Normal
80.81433896250019,63.2388781204647,688.9398980509502,Critical,DNS,2075.478706508413,0,0,0,Normal
53.89186195330694,39.05399070078781,534.0801171482947,Medium,HTTPS,2123.775486042699,0,0,0,Normal
50.85751713544596,44.230067326665036,492.7233888385058,Medium,HTTPS,1810.8491919301302,0,0,0,Normal
35.23986178392079,27.28732300472793,256.3961193240613,Low,HTTP,1197.527715444369,1,0,0,Normal
47.797552236006595,39.371763830281246,356.63741200665174,Medium,HTTP,1297.8961671446878,1,0,0,Normal
54.756154411443276,46.04986239739983,427.3078118745471,Medium,HTTPS,2103.265053249528,1,0,0,Normal
47.40197472463478,42.49154407822983,670.1044395188039,Medium,SSH,2903.531358897772,3,1,1,Attack
80.90578041120011,71.80650127132512,534.4570999804818,Critical,DNS,2034.8652154809197,0,0,0,Normal
52.29934758579475,41.370334811830645,334.3662262814009,Medium,HTTPS,1325.3451839018287,0,0,0,Normal
67.11577468995529,53.58903544399335,478.0005054084264,High,HTTPS,1670.1942705683896,1,0,0,Normal
72.29965229867958,58.71839880029489,704.7891476897337,High,DNS,2415.915790236458,0,0,0,Normal
88.92261973305722,79.73656458154169,472.8328075383241,Critical,DNS,1470.0369980718306,1,0,0,Normal
86.25971929213847,65.92285128829539,482.00169627441716,Critical,DNS,1584.9834009659014,1,0,0,Normal
57.308896123213344,43.31020207279159,482.24100953516586,Medium,HTTPS,2018.9600997152763,1,0,0,Normal
69.53698973848077,54.57827365410716,758.6798652188081,High,FTP,3254.4055350397725,1,0,1,Attack
63.645980029286875,56.6402579226044,601.5253871766322,High,HTTPS,2507.440108615633,1,0,0,Normal
89.0088241470221,63.43605954114666,770.6686663056979,Critical,DNS,3240.8897728604347,1,0,0,Normal
49.27103807873209,35.648179004427945,452.38087650542064,Medium,HTTP,1798.785862328106,0,0,0,Normal
46.719785247696564,39.08533696301386,373.95673935611103,Medium,HTTP,1251.8597882249132,1,0,0,Normal
55.46435009353445,45.55682679038848,316.0930773033744,Medium,HTTPS,1359.5284378700824,1,0,0,Normal
86.97801446316589,76.37057103293262,437.6230527399184,Critical,DNS,1582.9275875671408,0,0,0,Normal
33.808215586686856,28.613028865407344,251.5763179675566,Low,HTTP,1146.284877623347,0,0,0,Normal
37.05354947544038,32.135026435239965,247.81267119693302,Low,HTTP,1169.7648662146255,1,0,0,Normal
80.97720434154326,66.4150666330457,943.0904743432775,Critical,SSH,4102.686207233291,3,0,0,Attack
76.41139784507686,55.624537398187194,704.1738106592194,High,SSH,2584.675476852221,1,0,1,Attack
83.41336315032095,58.49419315332173,817.8953561950345,Critical,DNS,3779.571045481845,0,0,0,Normal
73.9000805177784,58.94648086546141,615.7638251553772,High,DNS,2992.016753563099,1,0,0,Normal
80.17771757498849,61.537874759257676,562.7172795356639,Critical,DNS,1866.672611495412,1,0,0,Normal
76.0509738750261,65.94087606984394,763.4907841534288,High,FTP,3180.217855191905,3,0,0,Attack
38.38837778219386,29.325878799827674,239.3636833471117,Low,HTTP,1131.7564998731648,0,0,0,Normal
40.37705810245825,36.02494042301572,445.0742186271174,Medium,FTP,1700.807551723669,3,0,0,Attack
69.29533142232685,57.74347726809748,565.3595614404975,High,SSH,2131.6878656538975,1,0,0,Attack
50.255524678796064,39.23624683320528,287.5037821901411,Medium,HTTPS,1435.9424744789317,1,0,0,Normal
80.11846808774862,63.80437029005834,638.2678834443424,Critical,DNS,2887.107821567665,0,0,0,Normal
49.17779151452123,36.85445944695859,404.4336824218239,Medium,HTTP,1392.6430095449891,1,0,0,Normal
87.66393181693275,65.11550720788331,694.4011913334903,Critical,DNS,2400.048228964184,0,0,0,Normal
69.98860420844721,49.754895763029246,560.8354630621296,High,HTTPS,2767.54624897142,0,0,0,Normal
54.22049864555447,39.517719771023906,403.43631606458916,Medium,HTTPS,1824.1468843028772,0,0,0,Normal
58.912594609937514,48.22950551395064,345.75888720369124,Medium,HTTPS,1497.7404783196102,0,0,0,Normal
54.82379736029543,45.44653550943682,652.4386397062144,Medium,SSH,2547.6615047629575,0,0,0,Attack
42.83568347309483,34.99019653232258,280.26347233651995,Medium,HTTP,1260.7943060888322,0,0,0,Normal
33.2699872746889,27.299008975441037,295.8042974273729,Low,HTTP,1038.3979415801618,1,0,0,Normal
48.650071973825106,38.804582508018804,652.4893786443303,Medium,SSH,3156.5296283148923,2,0,0,Attack
75.59861520247068,55.54688313384455,833.1870284567652,High,SSH,2753.2400534974877,2,0,0,Attack
78.68690804524704,65.31830388916163,725.3350076600341,High,FTP,3195.1444384978386,4,0,1,Attack
65.0540789500883,49.55236096212403,588.9172821928752,High,HTTPS,2068.2655876980125,0,0,0,Normal
66.15887661799206,56.608248049729404,638.2732221399965,High,HTTPS,2190.9033069380685,1,0,0,Normal
69.2879245619406,60.42156026640052,601.3932127138506,High,SSH,2042.6550378388781,0,1,0,Attack
40.428177097201115,33.75856803597827,319.9248506053656,Medium,HTTP,1036.5012918019954,0,0,0,Normal
79.03114957167418,60.620905060979126,936.6074624746235,High,FTP,2815.735862692986,0,0,0,Attack
48.51308524470369,41.823585165539455,342.1873009238891,Medium,HTTP,1286.9076240425559,0,0,0,Normal
86.69230318068003,76.80099756988741,800.4524266086895,Critical,FTP,3342.6758324149732,3,0,1,Attack
81.610781308882,59.71663033077177,814.9890955265219,Critical,DNS,3363.1731342386356,1,0,0,Normal
70.50771857568179,57.57212634956484,621.058091718865,High,DNS,2369.645945868174,1,0,0,Normal
50.115234522818355,43.74151895497877,306.1338875749233,Medium,HTTPS,1530.0741637979065,0,0,0,Normal
78.6328098156082,61.50188234684369,482.86142361382423,High,DNS,1490.2976417182006,1,0,0,Normal
85.770990337478,66.64834256866668,843.7045352946351,Critical,DNS,3934.084637183332,1,0,0,Normal
39.517431544081774,35.54402025025561,347.90393420681625,Low,HTTP,1157.6233883798877,1,0,0,Normal
64.96095255628461,55.36848119212386,541.0838611511151,High,HTTPS,1904.3442808913621,0,0,0,Normal
91.84564058098431,68.36474899787048,866.9897653641641,Critical,FTP,2684.23716327192,1,0,0,Attack
54.64206286560511,40.742677855639634,477.9273143667578,Medium,HTTPS,1897.5251720424071,1,0,0,Normal
53.1149808569171,47.45656134497438,333.35255383948464,Medium,HTTPS,1502.6696523151813,0,0,0,Normal
89.83550444521825,76.55353846350519,861.8980106912423,Critical,DNS,3470.2154395485786,0,0,0,Normal
75.700443173846,63.07170401384131,436.12316307324926,High,DNS,2032.2204151455908,0,0,0,Normal
43.30319185130065,34.230433893229716,368.6249474044726,Medium,HTTP,1225.877226989153,1,0,0,Normal
43.688541678129695,37.129160389581244,274.36183338377856,Medium,HTTP,1318.7326600495016,0,0,0,Normal
88.04054475411249,66.12216526054455,535.4070706935598,Critical,DNS,2509.156889700244,1,0,0,Normal
75.64571247057756,66.85319986094107,453.2196045505716,High,DNS,2241.665941872985,0,0,0,Normal
69.95244956095121,51.096544444751615,391.70353025502425,High,HTTPS,1532.5787793897416,1,0,0,Normal
57.144878447579686,48.03061485620926,286.6263838378893,Medium,HTTPS,989.3241039460221,0,0,0,Normal
74.95811233384302,56.308382426804855,517.3661611140881,High,DNS,2228.3978271648416,0,0,0,Normal
45.31266285965103,33.67885299861777,359.78063240205626,Medium,HTTP,1321.8683605116134,1,0,0,Normal
95.1301614230033,70.36338757270552,943.5963262232239,Critical,SSH,3371.541572850204,0,0,1,Attack
39.134046479230165,28.33237413456677,275.4545801339964,Low,HTTP,923.9751109288549,0,0,0,Normal
72.15180867136951,50.55182068630484,721.1673406591663,High,DNS,3183.1864953532263,0,0,0,Normal
55.359393427715986,42.9634737288086,488.75291762784417,Medium,SSH,1466.6930033531985,2,0,0,Attack
42.97643223660998,35.13745850899219,393.5427198687714,Medium,HTTP,1884.1429146415794,0,0,0,Normal
51.89614687973517,42.17417190860436,501.9606534555927,Medium,SSH,1944.1038512336586,1,0,0,Attack
47.19482151893317,36.885103615758574,497.26830170369,Medium,FTP,2033.3387141439257,2,1,0,Attack
30.189411535975523,27.16460008352904,158.195724303257,Low,HTTP,507.1729396665391,0,0,0,Normal
62.82484363691765,44.520121001153086,666.5249858859044,High,SSH,2622.3772990990933,0,0,0,Attack
75.27949399480349,65.21364764504351,860.1539307173583,High,FTP,4041.567493881814,3,0,0,Attack
73.79944048450852,54.075968278550114,758.3385866655045,High,FTP,2281.53431668535,2,0,0,Attack
64.46494188538054,48.47440866122268,789.8122669821239,High,FTP,2397.277683599494,0,0,0,Attack
89.94166532022064,63.82298799068777,522.9074847503529,Critical,DNS,1841.1311094314715,1,0,0,Normal
32.5916361612326,25.976582389710604,310.15387217218006,Low,HTTP,1234.688389497534,0,0,0,Normal
79.88610251370119,67.9650911434365,736.2397183759481,High,DNS,2655.568958219669,1,0,0,Normal
39.822675850373344,31.962668615805278,392.85987439578486,Low,HTTP,1403.7525256159577,0,0,0,Normal
55.58497957266809,48.135145408487254,604.7418680195982,Medium,SSH,2332.9139434562526,4,0,0,Attack
32.88127509133119,24.087311550278184,201.5306191595648,Low,HTTP,741.6109678232777,0,0,0,Normal
59.10965004521131,52.0551827874874,488.71810043946874,Medium,HTTPS,1647.770484174506,0,0,0,Normal
75.23247099874425,65.3502876150539,502.94700843127094,High,DNS,2245.896604571601,0,0,0,Normal
70.78745036546024,63.327105615388156,655.3537589627181,High,FTP,2653.1639405685314,3,1,1,Attack
79.79219086817466,63.136359716736344,469.6497871803469,High,DNS,1412.7090169970295,1,0,0,Normal
39.76621785535826,29.63225701730091,339.39830795769615,Low,HTTP,1358.1247844246716,0,0,0,Normal
84.19636767095653,69.94357885343543,421.1688567381344,Critical,DNS,1543.7283992554876,1,0,0,Normal
90.59341165124579,69.52224821108422,1057.8392524800697,Critical,FTP,4655.4830859853,2,0,0,Attack
98.38276539885555,74.5060178841837,906.6392301956929,Critical,FTP,2794.474824907645,1,0,1,Attack
57.37796529880143,42.19784806503703,443.10382604092615,Medium,HTTPS,2210.190878067894,0,0,0,Normal
53.54846864051069,45.05533886624999,495.31764457348095,Medium,FTP,1615.1763613100188,1,0,0,Attack
79.21590130863478,55.458169143563325,781.1282663763587,High,FTP,2980.754340049647,2,0,0,Attack
60.222861499205464,52.921713991641894,756.8591316741404,High,SSH,2398.118087792128,2,0,0,Attack
47.19228591144201,37.15458297412868,236.9755728317274,Medium,HTTP,1051.1593350566723,1,0,0,Normal
40.63094000608544,32.86643787273249,206.73530164958729,Medium,HTTP,921.3999349471197,0,0,0,Normal
72.41808034916176,52.184351854786996,456.4058994866782,High,DNS,1732.5941546492495,1,0,0,Normal
40.02665460116987,31.758757201885654,498.28761714844535,Medium,FTP,2345.8884351245533,0,0,0,Attack
83.62935606608517,72.74630063755272,545.0407808784377,Critical,DNS,2218.3544503325506,1,0,0,Normal
66.19061202407465,46.39032480381377,625.7981511716623,High,FTP,2360.411000815831,3,1,0,Attack
62.670520552637754,44.09027797371473,447.7341875088992,High,HTTPS,1392.9620755847848,1,0,0,Normal
36.17951595726481,27.210433060796028,242.39301295964594,Low,HTTP,897.3634203928126,0,0,0,Normal
68.03206277167192,54.295639657932085,603.3650710655666,High,FTP,2304.226513111414,0,0,0,Attack
80.95968231562438,61.58550574483059,701.4091108514359,Critical,DNS,2852.5522711289254,1,0,0,Normal
30.25787518148718,22.914783297064677,230.5987044577698,Low,HTTP,1105.0096433900317,1,0,0,Normal
41.057500009192154,32.261760195454336,406.1091870675049,Medium,SSH,1239.5900571075579,3,1,0,Attack
45.62850005735527,35.04219649296512,342.3924044407473,Medium,HTTP,1562.2204682170684,0,0,0,Normal
59.42669432275579,43.80708579114133,395.98133696854086,Medium,HTTPS,1343.2730591942352,0,0,0,Normal
48.20805609662784,40.81040277482947,409.88131073481554,Medium,HTTP,1902.5667961320485,1,0,0,Normal
57.19490208372008,46.03300491732104,497.73301329131175,Medium,FTP,2125.6728942394243,4,0,0,Attack
55.731061474016315,39.05635703889887,555.6352221463171,Medium,HTTPS,2683.9432319761754,1,0,0,Normal
50.39676813121332,40.32530745322513,284.8538746065045,Medium,HTTPS,888.9886710177992,0,0,0,Normal
41.148524028030806,31.541755827759246,289.6815101990519,Medium,HTTP,982.5610747386382,1,0,0,Normal
73.96420896766358,62.136860243627204,400.9808936698725,High,DNS,1767.3315403321665,0,0,0,Normal
61.453363360633375,43.52271376266217,527.8427010899733,High,HTTPS,2303.807749959222,1,0,0,Normal
30.24015695686103,27.179777959517097,261.343497094973,Low,HTTP,1138.1306864984508,1,0,0,Normal
60.04698484772234,43.59945526955643,419.75386879735595,High,HTTPS,1270.3791418513863,0,0,0,Normal
59.96029558391456,46.86472811362101,755.816998829445,Medium,FTP,2747.6997243446935,3,0,0,Attack
72.02808673635445,51.633428469152946,552.8282761076994,High,DNS,2313.3088066329256,1,0,0,Normal
32.467038657850935,27.388312781633886,224.9836562330851,Low,HTTP,1064.8257116425625,0,0,0,Normal
89.63925483214553,75.80708077914828,473.10170798606333,Critical,DNS,1923.110237326697,0,0,0,Normal
47.82670044194674,37.286506320804314,523.0814400564109,Medium,FTP,1664.6170211193796,1,0,0,Attack
54.478804635145934,47.43960006325966,383.9338016742729,Medium,HTTPS,1587.579584586382,0,0,0,Normal
35.05539356396184,28.289950047531327,268.77741153238424,Low,HTTP,1023.9160816044755,0,0,0,Normal
83.07185915778973,64.5621264554985,987.5037994664244,Critical,SSH,4026.7022743829107,3,0,0,Attack
73.70719866346917,52.41419346824463,378.1836389485054,High,DNS,1807.2493482951625,1,0,0,Normal
53.8850849604205,41.50283678084386,479.9357258016166,Medium,HTTPS,1605.4450496975912,1,0,0,Normal
81.23700977455883,63.518885472557564,485.8508451871886,Critical,DNS,2170.5230524465837,0,0,0,Normal
72.10211757497746,58.163970448225335,856.4448143392244,High,SSH,3863.282413467061,2,0,0,Attack
53.155224079673644,46.73362701223408,434.6381837715679,Medium,HTTPS,1413.9714776089195,0,0,0,Normal
33.33408846898237,23.508387878977928,319.2076593653655,Low,HTTP,962.1064823544988,1,0,0,Normal
51.06303058440972,43.72354201957077,270.7436718990627,Medium,HTTPS,953.5065633983712,0,0,0,Normal
54.568772221537074,40.33867463184301,326.3030759914396,Medium,HTTPS,1272.585355141407,0,0,0,Normal
72.0066389357089,62.22634110279582,813.4102598588253,High,FTP,2915.4832196588404,1,0,0,Attack
83.75748285165173,69.27337730910567,704.5203136210636,Critical,DNS,3226.5643517720873,0,0,0,Normal
31.570697973511415,27.87820535993388,264.79311568293843,Low,HTTP,1188.295090529308,0,0,0,Normal
76.87982980540255,54.745039904698096,389.48971696160254,High,DNS,1854.1908611849965,0,0,0,Normal
41.76790675119264,30.874280000726955,275.18821377225413,Medium,HTTP,902.7013018000796,0,0,0,Normal
79.25251625070814,66.63171612553536,630.9486954829924,High,DNS,2442.9673692727333,0,0,0,Normal
68.12127209625032,56.98053208488608,635.7251692446487,High,HTTPS,2307.252058988581,0,0,0,Normal
84.91215414360852,70.94344706774262,650.617751292001,Critical,DNS,2664.4104579843233,1,0,0,Normal
33.62575870654837,23.62709175430752,183.45613638873948,Low,HTTP,618.9019259517767,1,0,0,Normal
41.75600169270183,31.882391934020376,327.26628346812794,Medium,HTTP,1162.3814647676836,0,0,0,Normal
72.22561734728515,59.11304195409247,507.30041187067224,High,DNS,1825.210619724833,0,0,0,Normal
80.93717570794979,70.68164650174637,822.7422646590339,Critical,SSH,3275.778491735049,0,1,0,Attack
70.64767623640364,56.976631036019505,667.401767003835,High,DNS,2499.600531348349,1,0,0,Normal
40.79457531799562,29.300004458665384,439.17095777820714,Medium,SSH,1610.831777910849,0,1,0,Attack
59.06210346949592,48.04722599733336,711.9898689226475,Medium,FTP,2185.838354341485,4,0,0,Attack
65.53493950708798,51.17971904952871,575.2061220620307,High,HTTPS,2051.0451560449314,0,0,0,Normal
81.98707534640562,66.22635140924059,461.8362787085788,Critical,DNS,1473.5075932147192,1,0,0,Normal
71.9469432173355,63.160504270914956,562.2610842425613,High,SSH,2513.9758132790607,1,0,1,Attack
35.46985767301521,26.053054239979566,223.6202088864098,Low,HTTP,1080.897830258305,1,0,0,Normal
64.05104038742138,54.23501280973448,464.3716910695457,High,HTTPS,1779.4233257244905,0,0,0,Normal
54.285952353675384,46.20188574212358,350.7241000361194,Medium,HTTPS,1177.2454658718407,1,0,0,Normal
62.32972500638425,45.209089902817034,557.8203648379667,High,HTTPS,1869.6016015047553,1,0,0,Normal
83.36283980872395,58.47107705125289,726.8480809404837,Critical,DNS,3224.430903556206,0,0,0,Normal
40.35375343330088,30.35330861022484,379.38221635573655,Medium,HTTP,1217.1518563209215,1,0,0,Normal
74.02403683852754,58.47906529849106,421.993472286506,High,DNS,2005.7399763470025,1,0,0,Normal
75.32509096155991,57.12859413035719,540.8144608444497,High,DNS,1642.8841608242574,1,0,0,Normal
37.59645128317061,32.257015115944746,247.1330471052309,Low,HTTP,1045.681857127631,1,0,0,Normal
40.42137186814216,34.30818867690165,512.7806753693613,Medium,SSH,1876.2160331267846,0,0,0,Attack
55.65416617610026,48.75619041207461,530.2475023467239,Medium,SSH,2644.2736382515304,2,0,0,Attack
57.00030880261693,41.497963902289406,363.63219818567086,Medium,HTTPS,1237.4195583856938,1,0,0,Normal
47.528145274372946,37.413658948135094,308.6821257767876,Medium,HTTP,1241.4842716717778,1,0,0,Normal
87.39409450899984,66.67577863777768,851.4217424819143,Critical,FTP,4005.784495904014,2,0,0,Attack
74.6290768320614,60.41373765139499,512.1926143892312,High,DNS,2002.6433045483138,1,0,0,Normal
92.81693049430032,68.43920370021884,819.0639372837804,Critical,FTP,3960.623293818822,2,0,0,Attack
48.40915307664545,36.557581015210076,450.5223741820334,Medium,SSH,2031.9291043654673,0,0,0,Attack
56.15686283665127,42.66736157522766,360.21213536134786,Medium,HTTPS,1449.3490728669883,0,0,0,Normal
48.87969380211871,39.0135068205083,267.68243618562946,Medium,HTTP,1124.418420675329,1,0,0,Normal
72.85602964382633,56.428969881970545,832.2426988990787,High,FTP,2657.022632772862,3,0,0,Attack
41.207068588919356,31.597136426624868,394.93185700360243,Medium,HTTP,1515.3092220188366,1,0,0,Normal
46.55373224974028,32.91368130465581,329.5881449690965,Medium,HTTP,1514.583138417201,0,0,0,Normal
47.93667284800904,36.267720981099096,282.420600066236,Medium,HTTP,1221.728340691797,1,0,0,Normal
59.446099919005064,42.74496201359472,349.48651654830365,Medium,HTTPS,1346.0267411625914,0,0,0,Normal
52.35813215942471,44.35356553987854,449.7802736729338,Medium,HTTPS,1977.8867913767704,0,0,0,Normal
50.03676923857711,44.20064132479541,276.23386352087994,Medium,HTTPS,1148.3379970204712,0,0,0,Normal
42.10124117281339,32.97324788907287,595.0161430387082,Medium,SSH,1835.9525639896572,2,0,0,Attack
46.97270477714483,34.55600631466576,239.30200840116532,Medium,HTTP,852.0498837796446,0,0,0,Normal
35.716230695543345,26.257213735742052,288.52023084823577,Low,HTTP,1337.752303259058,1,0,0,Normal
74.13568271396798,62.54221661428856,492.7994361863448,High,DNS,2212.226335384434,1,0,0,Normal
85.00896439203643,61.27656122930385,847.2985337772257,Critical,DNS,3466.639833566371,0,0,0,Normal
54.9568347906461,48.10378264145252,330.145321538249,Medium,HTTPS,1219.1510828884525,1,0,0,Normal
40.698423554349574,28.64272141561135,307.4649749358382,Medium,HTTP,1464.6296289063791,0,0,0,Normal
50.54858442006662,41.60780665084911,668.183286781221,Medium,FTP,2363.202539998765,2,0,0,Attack
73.08548188160785,55.975479911387524,531.6862438603615,High,DNS,1787.6570203859426,0,0,0,Normal
36.24740990861028,32.57506428490519,347.57173574931176,Low,HTTP,1086.4557479111895,0,0,0,Normal
82.59035563838552,61.141167583387876,724.7639170636045,Critical,DNS,2863.9676914603356,0,0,0,Normal
31.133888594195014,24.975250015362896,235.34096125125942,Low,HTTP,721.9266939219581,0,0,0,Normal
66.93751839862671,58.26789273184934,535.5952891580074,High,HTTPS,2622.553985026948,1,0,0,Normal
49.7671649838594,39.36553777859572,272.7994013899578,Medium,HTTP,1151.5117446535135,0,0,0,Normal
89.60600247330149,79.17181698566722,635.5054369523192,Critical,DNS,1989.9307117751823,0,0,0,Normal
42.08828298701974,35.81781263434535,378.3085449502579,Medium,HTTP,1650.7926195040347,0,0,0,Normal
60.656575292232446,48.6684017533466,504.3469799871957,High,HTTPS,1827.2022946825537,1,0,0,Normal
81.14454550668597,66.54314072333943,578.4472345607694,Critical,DNS,2290.76694155766,0,0,0,Normal
57.29825352536864,41.21237344750557,486.67004641043894,Medium,HTTPS,1812.0786415920197,1,0,0,Normal
85.06645135494182,66.66562343928959,671.4130094623522,Critical,DNS,2552.629139960274,0,0,0,Normal
85.30487412892398,73.32279044412432,644.7691311810831,Critical,FTP,2158.513175121983,1,0,0,Attack
60.707960442232434,50.54494969983186,388.61639762315446,High,HTTPS,1356.8267214877696,1,0,0,Normal
66.01705625866089,51.832903021426496,600.1937242762343,High,HTTPS,2999.7239704862895,0,0,0,Normal
35.778165538285975,30.04453981132932,312.08406358255706,Low,HTTP,1068.579629628014,1,0,0,Normal
65.10663385190128,53.10827849973163,703.1771215816038,High,FTP,2614.5981728629417,0,0,1,Attack
77.86143356817774,55.169114654904114,524.1575339200797,High,DNS,2087.616172547751,1,0,0,Normal
69.7775382254622,52.75574757331988,656.5308852856559,High,HTTPS,3263.3443003235725,0,0,0,Normal
55.54323363801814,47.970457630650756,352.24934634300047,Medium,HTTPS,1293.653357073203,1,0,0,Normal
81.92353514474235,69.5457146432857,683.8077307793111,Critical,FTP,2803.3623224323446,0,0,0,Attack
74.7136736659013,60.45384494644729,597.0744258203373,High,FTP,1944.8925109804597,4,0,0,Attack
42.566525402835396,32.745453395946825,514.0970102844835,Medium,FTP,1887.271985541298,2,0,0,Attack
46.8168908575899,41.02829019989604,241.99390342192933,Medium,HTTP,1112.598461037054,0,0,0,Normal
79.09793770711985,59.614200947170886,770.5170875507578,High,DNS,2457.632180218689,1,0,0,Normal
74.67302352277329,54.976075775392275,601.3219525404554,High,DNS,2999.0422621356374,0,0,0,Normal
62.74209249881096,44.70904939198262,334.2987759601158,High,HTTPS,1009.2535325480088,0,0,0,Normal
50.783131247299025,40.38064875571897,427.03718056817206,Medium,HTTPS,2117.6902915677583,0,0,0,Normal
82.90697298565647,58.595147672101405,543.6432366570556,Critical,DNS,1649.920371129388,0,0,0,Normal
46.1027379799998,41.0154011385992,341.1833529190046,Medium,HTTP,1491.0592580838868,1,0,0,Normal
40.86721488634794,33.59731893684589,278.24682385433306,Medium,HTTP,894.4737886399413,0,0,0,Normal
33.775382417297806,24.08609250513193,236.5861002158587,Low,HTTP,1168.2477797145461,1,0,0,Normal
68.54761077498551,57.33057854902651,602.3282618498661,High,FTP,2461.543311664918,1,0,0,Attack
32.02733218437061,24.41413804438852,199.4845936533218,Low,HTTP,767.3391231989935,0,0,0,Normal
86.89565263819532,69.17068046632525,868.5060270371462,Critical,DNS,4161.611814716804,0,0,0,Normal
66.63280111170025,51.46333356844614,403.7968008966878,High,HTTPS,1538.6386997718046,0,0,0,Normal
43.9377035695361,34.27965236908145,498.58569402426224,Medium,FTP,1696.7773298689306,4,0,0,Attack
70.90843240570393,52.10160393103006,528.7647034619736,High,DNS,1987.250359976472,0,0,0,Normal
48.68721538070531,36.473683739673305,483.2921384195082,Medium,HTTP,1899.8170299817734,0,0,0,Normal
58.806010541156866,52.91321459884358,392.905017093921,Medium,HTTPS,1748.6173149734961,0,0,0,Normal
51.702702166949166,38.38414897544998,400.6488039186626,Medium,HTTPS,1417.043956437819,1,0,0,Normal
54.056285951519385,41.72206855306205,305.0626382211195,Medium,HTTPS,1407.3761941534724,1,0,0,Normal
50.43190984506509,40.25879987032285,536.7644392413874,Medium,SSH,1849.2736603265953,2,0,0,Attack
54.74288242490729,49.107582417905256,692.3616076911705,Medium,FTP,2090.257802618107,3,0,0,Attack
89.93778754202822,69.00521769532354,492.3167870476399,Critical,DNS,1702.911013050313,0,0,0,Normal
52.7203648941213,42.70157293669549,725.5449643150981,Medium,FTP,2763.2435526927093,3,0,0,Attack
61.54791983200994,44.66760463870325,510.6656697246005,High,FTP,2399.789634991715,0,0,0,Attack
59.48408851065324,45.630497238857956,588.7482628661661,Medium,HTTPS,2268.887754353451,0,0,0,Normal
99.1176290466683,85.21767136551645,704.2441404757644,Critical,FTP,2550.3084021485797,1,0,1,Attack
50.176501717069186,36.07483827001354,422.76938364882017,Medium,HTTPS,1367.4709296562937,0,0,0,Normal
62.98905947893218,56.61088322645668,348.7511231909256,High,HTTPS,1409.6063047142445,0,0,0,Normal
37.721109473495744,26.47650911462036,371.35858966953793,Low,HTTP,1516.0297267716892,0,0,0,Normal
50.131275680651015,44.91276147370674,386.85227024564523,Medium,HTTPS,1477.4823274433945,0,0,0,Normal
87.92890382414043,61.857387793699914,825.7479011298631,Critical,FTP,3494.4215560732473,3,0,1,Attack
35.687644826830365,29.871479257562626,338.29123249960065,Low,HTTP,1199.23719673583,1,0,0,Normal
89.62245679533225,64.65971175592705,629.6936901531445,Critical,DNS,2847.263057760752,1,0,0,Normal
30.57049607639783,27.323723541053372,183.66608359093667,Low,HTTP,593.7602551204402,0,0,0,Normal
88.77090716669045,71.7864933557715,612.1394543296568,Critical,DNS,1880.0748613754506,0,0,0,Normal
31.04796638002881,24.362123529173125,227.5032724178278,Low,HTTP,852.347589365041,0,0,0,Normal
71.10773828738274,62.51572055442144,613.3902029530652,High,DNS,2428.3220252920732,1,0,0,Normal
36.44032333409996,28.46145274123898,231.11118534955796,Low,HTTP,785.8983808122429,1,0,0,Normal
88.13817616275628,65.25028656792746,796.1963725375819,Critical,DNS,2726.297963677022,0,0,0,Normal
72.60141857390408,56.326275846021616,643.8168048017021,High,FTP,1951.879791995352,0,0,0,Attack
55.398253440944245,43.93630475626631,279.62630665259513,Medium,HTTPS,1217.3532670137513,1,0,0,Normal
83.7507058729534,70.77339622130367,514.8520404994567,Critical,DNS,2275.726926350844,0,0,0,Normal
54.31284470469109,40.93490154345796,381.3451006788912,Medium,HTTPS,1716.800214705375,0,0,0,Normal
42.095428140364675,36.25847909617226,389.31284616718614,Medium,HTTP,1394.777262127708,0,0,0,Normal
52.74865816300007,39.27255690312263,376.3285146319224,Medium,HTTPS,1360.8307231941335,0,0,0,Normal
57.92972897477739,40.66102828495027,379.63397990248876,Medium,HTTPS,1279.8125265975177,1,0,0,Normal
83.51450647591264,62.29325403807109,666.5444473586942,Critical,FTP,2671.7557577959233,3,0,0,Attack
46.10619145081728,36.002054901699786,350.6224700682077,Medium,HTTP,1749.4950836655319,1,0,0,Normal
88.40202153500286,76.90389004072475,881.2232524542381,Critical,FTP,2866.3673335419708,2,0,0,Attack
43.35671619417553,34.051274620766705,305.5826571260282,Medium,HTTP,1025.0466809908307,0,0,0,Normal
30.570784662158985,23.29903841949154,246.99865275836942,Low,HTTP,1006.6778835772841,1,0,0,Normal
53.76922285724504,38.89964135402841,542.1046052318114,Medium,SSH,1802.6331991711465,0,0,0,Attack
64.25522973484476,51.67321310965764,765.713264229815,High,SSH,2445.533044478957,2,1,0,Attack
80.9800840706157,65.45124328239002,452.03583369934,Critical,DNS,1792.2544793069237,1,0,0,Normal
55.61245599135873,43.48472356719285,287.9776884396272,Medium,HTTPS,1007.6677124549536,1,0,0,Normal
48.640239466913044,40.03979948775894,333.9795608525774,Medium,HTTP,1423.5825678128265,0,0,0,Normal
37.036657516728155,27.944100919888882,273.96512039386346,Low,HTTP,1173.4261962923913,1,0,0,Normal
61.25606579989835,52.20035881367617,367.6161421914958,High,HTTPS,1482.0193665700401,0,0,0,Normal
62.47163003183232,45.18463499460174,378.6019275032007,High,HTTPS,1550.2707566453973,0,0,0,Normal
64.57725140182447,45.66462735591681,528.0091158829073,High,FTP,1901.5787820390708,0,0,0,Attack
66.95478430978255,51.86671729460107,561.3322573620823,High,HTTPS,2568.6633107388393,0,0,0,Normal
46.349536865745904,36.888917925859545,396.30674940396347,Medium,HTTP,1251.4674594208213,0,0,0,Normal
85.64990894548828,63.38539281917515,949.8562897066638,Critical,FTP,3687.3205907026477,4,0,0,Attack
36.98474157747114,27.458036926983215,238.79793561752496,Low,HTTP,1126.7663736303848,0,0,0,Normal
32.1395369018137,22.599659925199074,210.19829638042432,Low,HTTP,1043.3067747350433,0,0,0,Normal
52.39586758114456,43.76889062597285,310.5994090948778,Medium,HTTPS,1023.3813992366055,1,0,0,Normal
58.76560859309393,49.481565918034754,441.9715124870964,Medium,HTTPS,2053.503179152934,1,0,0,Normal
42.01562243171793,35.721512203639726,419.0725679356919,Medium,HTTP,1379.3491946366403,1,0,0,Normal
42.72458118546638,32.39661594103032,240.61567037941188,Medium,HTTP,850.6922870251816,0,0,0,Normal
30.95194987632567,23.573225565677372,182.1832316493247,Low,HTTP,591.5353649398952,0,0,0,Normal
70.60501512751216,52.044191204190334,542.889232239029,High,DNS,2043.7637600278392,1,0,0,Normal
72.60471440356923,58.14453068174089,422.06023375028684,High,DNS,1417.2025354440252,1,0,0,Normal
75.05878625284822,67.47547173300605,411.6594282712615,High,DNS,1943.411164846302,1,0,0,Normal
47.47993105231899,34.43583672979178,351.9272375362425,Medium,HTTP,1352.0437145360515,0,0,0,Normal
48.48213757002668,35.655706680289136,302.90637220148557,Medium,HTTP,920.0293123488311,1,0,0,Normal
51.13524560627411,41.29498957866062,617.0698143324506,Medium,FTP,2787.1080248943,1,1,1,Attack
60.25105460183113,44.13540222314239,494.52899623018806,High,HTTPS,2043.8368334942181,1,0,0,Normal
89.69049901381368,64.52152800201219,679.7265532279639,Critical,DNS,2731.8513355850932,1,0,0,Normal
37.58142419275828,29.933042344720267,290.7604272633626,Low,HTTP,953.7454839269718,0,0,0,Normal
40.632021198252914,30.47042932177427,264.2516488527406,Medium,HTTP,954.9286586573462,1,0,0,Normal
62.269235763251345,51.44985704043892,556.688881577075,High,HTTPS,2781.1603238788484,0,0,0,Normal
39.75749228695349,32.93161825217442,214.47430168508808,Low,HTTP,968.6628591843664,0,0,0,Normal
35.81392247157055,28.76370719966931,258.0372823420449,Low,HTTP,1185.3187989113949,1,0,0,Normal
58.94551354300347,47.71477188526063,547.9711900910315,Medium,HTTPS,2000.1791434753375,1,0,0,Normal
54.97351908561541,41.78764109702002,744.7107044141687,Medium,FTP,3253.991453685961,2,0,0,Attack
67.87452299584402,58.209274366551405,389.4062268331599,High,HTTPS,1369.824894855874,1,0,0,Normal
68.49367772862024,49.026577580888976,624.3599842269175,High,HTTPS,3040.0213853665537,1,0,0,Normal
60.94295079659787,48.03509570706816,349.11669057958534,High,HTTPS,1407.505208605875,1,0,0,Normal
62.841748339933474,54.788533932647184,398.33524922626896,High,HTTPS,1278.3082214577505,1,0,0,Normal
48.042383635329315,43.062505575279644,269.86913190974434,Medium,HTTP,1109.3161275856542,0,0,0,Normal
77.28036882166634,56.37494290509924,534.124321199905,High,DNS,1809.397627783261,1,0,0,Normal
34.73475745515316,30.03248495986363,204.74581421443474,Low,HTTP,804.122602900478,1,0,0,Normal
56.459320130670676,41.16693385253992,525.201511958413,Medium,HTTPS,2141.975090241966,1,0,0,Normal
81.55478824177408,61.45546101625951,579.4115856862941,Critical,DNS,2386.8765499176675,1,0,0,Normal
88.90322034487326,64.4275006949113,452.8149765309429,Critical,DNS,1791.493671255939,1,0,0,Normal
38.84578359812622,30.1622182863407,341.5206544268553,Low,HTTP,1688.885636066176,1,0,0,Normal
79.38702752111567,58.41155042324153,621.7782215661495,High,DNS,3054.95836434303,0,0,0,Normal
38.74298392503988,33.78744574171379,292.41699135289633,Low,HTTP,1374.417418689401,1,0,0,Normal
46.06444946213742,36.12294633407172,262.58767333192515,Medium,HTTP,1068.5767984675922,0,0,0,Normal
37.40776243532309,26.3251102365956,244.4325476726543,Low,HTTP,748.9222927522899,0,0,0,Normal
52.938163367070956,45.08574946330444,528.8386229501655,Medium,HTTPS,2366.0668189969297,1,0,0,Normal
40.73461715532176,33.129039858896775,358.10330085333334,Medium,HTTP,1729.1495936351773,0,0,0,Normal
81.62759538929095,65.45753283006037,733.3413195128595,Critical,DNS,3607.20923659762,0,0,0,Normal
55.25482290044238,40.22648562148254,366.0844526586042,Medium,HTTPS,1783.6677416879286,1,0,0,Normal
31.120167495537316,23.693991075784663,262.1462157983043,Low,HTTP,1059.954719337531,0,0,0,Normal
75.50045522366418,67.91943200658014,475.223883471745,High,DNS,2367.01575397592,0,0,0,Normal
63.986875334376236,54.49411435813111,618.9162855951438,High,HTTPS,2112.2664228712365,1,0,0,Normal
60.57133810405503,52.052555506563365,459.0729296298564,High,HTTPS,2094.939512127567,0,0,0,Normal
48.40529121211148,37.03079244210273,467.3335341423453,Medium,SSH,1808.5008090909619,2,0,0,Attack
48.41128100466449,40.51767882171598,376.46677214068285,Medium,HTTP,1303.9151700329603,0,0,0,Normal
89.87691056447602,67.56700995590882,536.4744703235406,Critical,DNS,2658.0144376215953,1,0,0,Normal
75.49355585826561,66.95538730972883,552.5031763216818,High,DNS,1699.369421721846,0,0,0,Normal
77.80785336362896,62.49229722795577,598.8067372092667,High,DNS,2287.214264253256,0,0,0,Normal
49.50461518659722,35.688503536173975,386.07209334426426,Medium,HTTP,1835.6836182963682,1,0,0,Normal
71.08411498848,57.65327352887603,525.3734704044032,High,DNS,1911.677048924098,1,0,0,Normal
55.531817454175325,41.02466547238565,747.7093788815623,Medium,SSH,2946.743553251102,4,0,0,Attack
96.0706064850092,76.15919521218265,1139.8732695038088,Critical,FTP,4716.9331630376555,0,0,0,Attack
60.94854642462451,49.23659534018993,563.8040471919496,High,HTTPS,2231.600529007731,1,0,0,Normal
36.27379630153882,29.452449574726362,278.3478464111909,Low,HTTP,1092.4352459868721,0,0,0,Normal
63.31711890154111,50.37730385587534,326.7040076900224,High,HTTPS,1045.330095707601,1,0,0,Normal
41.62789200752741,37.23695387265333,361.54666858279984,Medium,HTTP,1718.1983094503792,0,0,0,Normal
67.82257029073662,60.45202355332379,849.1694110502983,High,FTP,2847.106097691537,4,0,0,Attack
62.3516140836,54.24713158126841,610.8693814373505,High,HTTPS,2299.2141101779207,0,0,0,Normal
63.58450929612445,51.308944966949824,615.5433340908178,High,HTTPS,2788.1278588302503,1,0,0,Normal
58.69044294740888,41.45847189107578,446.5421550844825,Medium,HTTPS,1924.59134654527,0,0,0,Normal
88.35579759301709,74.87341829478633,879.3264891132108,Critical,DNS,4178.430667320073,0,0,0,Normal
87.39781444812252,77.16032721399053,527.1938275070262,Critical,DNS,1785.745707399959,1,0,0,Normal
91.00590519694379,81.16696664645815,1010.7291320883892,Critical,FTP,4734.1689874691265,1,0,1,Attack
62.08228797360789,55.08117445981733,445.41385809678457,High,HTTPS,1706.6720036720374,0,0,0,Normal
31.91766397925676,25.672565090147707,196.57768302964394,Low,HTTP,890.6286446765007,0,0,0,Normal
84.22242909175111,75.63884482950002,1032.6642708334105,Critical,SSH,3768.694871640774,2,0,0,Attack
84.85900488893094,62.90467970985942,440.3681847283129,Critical,DNS,2067.9943268042903,0,0,0,Normal
87.5660435577447,74.98642219134076,617.2574466404568,Critical,DNS,2143.493250963611,1,0,0,Normal
86.16854625219275,67.81317142256161,808.8574639877088,Critical,DNS,3237.7587197451353,0,0,0,Normal
61.30116577609442,45.75249152786785,404.3886409862603,High,HTTPS,1288.2166204473585,1,0,0,Normal
99.42530266052927,89.03134495380398,931.0314826951343,Critical,SSH,3612.703513992497,2,0,0,Attack
42.38540196951362,29.990910461158187,332.5262674210624,Medium,HTTP,1466.0721335049852,0,0,0,Normal
76.90239895979175,60.134754654405505,568.7151017588759,High,DNS,2108.6624416799573,0,0,0,Normal
56.09486653316708,49.10975981620519,410.15338015288927,Medium,HTTPS,1381.6944845485677,0,0,0,Normal
43.9067933633487,33.53908727889506,241.4461286777098,Medium,HTTP,784.8992746276484,1,0,0,Normal
88.63788966613356,70.38759583907475,831.5021884308986,Critical,DNS,3202.509216783687,0,0,0,Normal
32.272922286283574,26.264093665628437,189.8303641823844,Low,HTTP,619.1733776769976,0,0,0,Normal
54.588603741140105,43.44223158483004,377.1853041594697,Medium,HTTPS,1686.351194652545,1,0,0,Normal
82.6430697744945,65.49225603099269,729.2299523242708,Critical,DNS,2596.689419865337,1,0,0,Normal
49.1610343848879,35.394097984642045,406.8060892829498,Medium,HTTP,1761.8947321802393,0,0,0,Normal
58.23083820316242,50.96569987088743,546.1839373515318,Medium,HTTPS,2091.7196012345853,0,0,0,Normal
64.14362076648104,47.16360378461215,382.8197063712689,High,HTTPS,1343.8395358825824,0,0,0,Normal
58.74341130339417,45.607439809621376,541.0142835107113,Medium,HTTPS,1981.3637443449618,1,0,0,Normal
57.741372179298196,49.2507316016771,408.75903765665674,Medium,HTTPS,1393.49495447678,1,0,0,Normal
45.988730266763014,38.21657983654591,605.9275953231103,Medium,FTP,2996.2411188151596,2,0,1,Attack
82.57066587160807,72.26463722687186,546.924772490276,Critical,DNS,1813.3827027275615,0,0,0,Normal
40.58438495223527,29.980764555473666,375.0055533024412,Medium,HTTP,1176.5853283376657,1,0,0,Normal
52.91517532445141,45.95108661287152,327.09623679622007,Medium,HTTPS,1342.948867587297,1,0,0,Normal
75.88618563866476,59.43143855297685,569.6926213788233,High,DNS,2751.747390615994,0,0,0,Normal
69.29964111772279,59.117238130511396,378.6515963769195,High,HTTPS,1324.22304408405,1,0,0,Normal
82.55560542253079,63.15080336441384,594.4671641166047,Critical,DNS,2037.0003123501208,0,0,0,Normal
41.61797886619752,36.19123382134406,354.67790457896103,Medium,HTTP,1076.3380341154134,0,0,0,Normal
90.51743945543421,67.64013574212898,812.7500820479486,Critical,FTP,3847.0633887961826,3,0,1,Attack
54.94963432196528,43.97552856568829,325.4016119250355,Medium,HTTPS,1405.3224639587027,1,0,0,Normal
85.92010511318222,61.73866926354483,683.4779468180702,Critical,SSH,2610.8074590012316,3,1,0,Attack
49.48461115825921,38.99547533646015,352.76022866802083,Medium,HTTP,1161.9826364971016,1,0,0,Normal
80.88172569143353,68.01256312380764,457.32941611544356,Critical,DNS,2201.922270131666,0,0,0,Normal
44.17824504005523,34.05155691317286,383.34374954752025,Medium,HTTP,1814.5039717780169,0,0,0,Normal
60.08637605133117,44.27600603298857,384.68274468721575,High,HTTPS,1242.9630796246104,1,0,0,Normal
35.56771554998704,25.789530516880596,296.1939893804389,Low,HTTP,1435.7160158534352,1,0,0,Normal
56.40971055676346,44.289938644166234,399.05613060296724,Medium,HTTPS,1525.9219934692887,0,0,0,Normal
72.26673593715532,52.47807568502471,453.5409560545836,High,DNS,1804.217386133641,1,0,0,Normal
51.2329759747081,43.39885221917512,340.9955687456629,Medium,HTTPS,1461.69273910021,0,0,0,Normal
41.06178942376573,31.046264681147463,247.3035158212868,Medium,HTTP,1094.3443730553697,0,0,0,Normal
37.52477029880538,31.262048108939396,370.0770793552363,Low,HTTP,1698.467216873373,1,0,0,Normal
55.54422566801804,43.489451961365845,321.54524997951853,Medium,HTTPS,1344.8487916640338,1,0,0,Normal
37.85158138591214,28.427945280302296,202.27075189188562,Low,HTTP,780.6317422732865,0,0,0,Normal
74.1264765134838,56.79802784250064,575.5307437578999,High,DNS,1920.117673596915,0,0,0,Normal
46.82595023376052,34.69375200165887,448.3856039083925,Medium,HTTP,2056.3211769875784,1,0,0,Normal
79.9312949286832,71.49760882292271,699.0124892249601,High,SSH,2802.3785846934493,3,0,0,Attack
54.890943774953485,40.156008059658404,332.9957090685543,Medium,HTTPS,1174.1622936714464,1,0,0,Normal
45.31115667639824,32.340903383495366,230.48556714685543,Medium,HTTP,965.4052074451381,0,0,0,Normal
49.86939558162703,40.42248120090444,465.4547995600674,Medium,HTTP,1409.1558927977724,1,0,0,Normal
42.27259774845152,37.327683502273516,350.72859280043394,Medium,HTTP,1212.9469800213676,1,0,0,Normal
88.3464926473971,66.23519502582177,622.817471177767,Critical,DNS,2971.1521646596384,1,0,0,Normal
39.467941146867815,29.3112553813327,226.3459693820933,Low,HTTP,909.718880660655,1,0,0,Normal
34.125432381697465,24.00618902496789,325.4491367459665,Low,HTTP,1051.9238095105352,1,0,0,Normal
73.17006891375058,63.90227731721873,882.9255218770883,High,FTP,2760.488012405381,0,0,0,Attack
94.90695266278635,78.95055361296693,729.3762993290482,Critical,SSH,3371.998888943739,0,0,1,Attack
54.91621243021655,42.943849011466455,728.1862218541247,Medium,SSH,3108.6418810045197,2,0,1,Attack
42.79795598351484,31.21671314912283,302.13516282413235,Medium,HTTP,1278.6328284758738,1,0,0,Normal
31.040746002472588,27.361610794165923,231.10373736878492,Low,HTTP,833.8012967164256,0,0,0,Normal
92.00171025891905,80.34840566475742,955.9193271500604,Critical,FTP,4206.99483152133,4,0,0,Attack
69.56197011240874,50.3012213630156,595.6428742958719,High,HTTPS,2945.9664932254277,1,0,0,Normal
54.5965632610023,48.30275458951494,489.9353420148142,Medium,HTTPS,2054.4785747858887,1,0,0,Normal
38.81918726081494,30.371464303169983,308.850867893684,Low,HTTP,1475.27969695038,1,0,0,Normal
84.44220243920427,67.36857489668083,603.6225625298144,Critical,DNS,2824.987546022874,1,0,0,Normal
92.00080011110913,76.23687401741324,737.3434638626599,Critical,FTP,2323.2414466505734,3,0,0,Attack
36.93414353445405,31.11740894368611,331.1197032899974,Low,HTTP,1024.2949090652664,1,0,0,Normal
95.4164568487613,81.95792593486927,917.7830989398375,Critical,SSH,3832.607732788142,2,0,0,Attack
64.71483907516813,52.95263095164824,608.6836457311388,High,SSH,2671.6840627904335,2,1,0,Attack
59.34208115373622,46.63896327768108,473.0411265650731,Medium,HTTPS,1435.4763377182635,1,0,0,Normal
68.59634022315731,50.32402859076465,347.6945630482486,High,HTTPS,1728.1408676211925,1,0,0,Normal
72.75319229745946,62.46629325998128,447.134489570851,High,DNS,2118.8944821661144,1,0,0,Normal
87.68487525619094,70.22728718976052,1026.5400546180676,Critical,SSH,4464.306390179433,2,0,1,Attack
75.47367361978104,56.801927000921985,769.6662525871125,High,SSH,3828.51919997904,0,0,0,Attack
55.780220566521166,45.67603073891628,311.2845672903844,Medium,HTTPS,1487.685187813842,0,0,0,Normal
50.08766835249844,35.19901732757913,466.2815973898299,Medium,FTP,1985.7432740823047,1,0,0,Attack
77.5816591164039,57.863221822305725,702.72041026488,High,DNS,2874.1271657256816,1,0,0,Normal
60.27161007383256,52.86122934152674,492.57281647352545,High,HTTPS,1975.1044786014627,1,0,0,Normal
55.78174988702813,44.732233736239586,650.7150710422171,Medium,SSH,2710.0994303574057,4,0,1,Attack
75.65713585398044,54.716919071927194,693.2673487411312,High,FTP,3418.972211056972,3,0,0,Attack
30.824451319203945,21.967119832896625,262.08440339395185,Low,HTTP,1074.9448707386514,0,0,0,Normal
43.75090639201517,37.72695997707697,431.58742041649725,Medium,HTTP,1838.319543673921,1,0,0,Normal
83.1150683220767,68.7280200628705,663.542239828244,Critical,DNS,2770.766227416589,0,0,0,Normal
70.57456333030132,58.09690623921752,866.3426739575178,High,SSH,2869.202745009195,1,0,0,Attack
36.966655376163544,28.12389569711667,340.09842783754965,Low,HTTP,1127.3455201453748,0,0,0,Normal
33.79572604957502,28.39176779181264,181.7218718129746,Low,HTTP,644.3151790059151,0,0,0,Normal
78.6937946316175,70.39836996282473,411.849451610813,High,DNS,1982.4916091482607,1,0,0,Normal
68.07061385022735,55.77275044408437,540.4705706637355,High,HTTPS,2477.7633936507673,0,0,0,Normal
76.9596841881139,67.54500060383188,852.0951470041623,High,SSH,4240.151094066861,0,1,0,Attack
58.2372755468532,50.550282755621346,496.21951158305797,Medium,SSH,2189.481986525427,1,0,0,Attack
72.02980770554859,51.5072669561798,714.9470572281155,High,DNS,2438.78970392688,0,0,0,Normal
88.37581143103307,62.688744133039144,826.0554112328965,Critical,DNS,3993.6164224170466,0,0,0,Normal
65.80100261824555,53.79850908297824,550.900256228561,High,HTTPS,1930.484800444496,1,0,0,Normal
93.30019925262604,78.27216657681923,1126.9978660128666,Critical,FTP,4264.839377286344,2,0,0,Attack
80.40168748082579,56.55912861715849,759.6312585209415,Critical,DNS,2512.569574602814,1,0,0,Normal
44.524799927567074,39.94001188356798,562.7299872601279,Medium,FTP,1910.7095174611877,3,0,0,Attack
32.802835248512565,28.66584116823064,253.40198255391303,Low,HTTP,1090.0888871939092,1,0,0,Normal
65.27821891300846,54.500045365920805,491.18131953925695,High,HTTPS,1764.8314034702064,0,0,0,Normal
71.67845472082263,64.3261009566356,567.1202924327504,High,DNS,1736.522549226213,1,0,0,Normal
31.037095324572874,27.248026742119087,305.0697605763695,Low,HTTP,1144.394274922939,1,0,0,Normal
89.1085324260348,73.59186942223677,690.9301199750303,Critical,DNS,2674.9576866167713,0,0,0,Normal
82.16490999384405,66.47142022638097,669.5284247473702,Critical,DNS,2339.699919621909,0,0,0,Normal
70.46660098929351,56.44213776607551,559.4553858654568,High,DNS,2542.2098362109055,0,0,0,Normal
89.22776672785403,72.85270483791821,515.7045144502932,Critical,DNS,1989.566527796943,0,0,0,Normal
93.37542019158718,83.39993046779763,740.3548063000804,Critical,FTP,2967.012836933429,1,0,1,Attack
67.76034601396532,54.89619144038688,431.22880925690794,High,HTTPS,1940.840635830881,1,0,0,Normal
62.70002936056699,51.78669593145967,597.7870615547318,High,HTTPS,2477.2326653198197,0,0,0,Normal
60.29314727973542,49.29398560688013,540.2952900695695,High,HTTPS,1732.2102798444275,0,0,0,Normal
64.94406004843768,47.486165727451734,645.5678971037241,High,HTTPS,3108.3847136313207,1,0,0,Normal
87.95037804385174,64.33361285312,750.2882863450365,Critical,DNS,3017.9970386830146,0,0,0,Normal
73.04565134189033,55.117411503235125,640.3095574210568,High,FTP,2042.2526331702027,3,0,0,Attack
67.7831180922658,59.74154438146769,649.7964881226895,High,HTTPS,2524.1316848448582,0,0,0,Normal
65.27158307813806,56.03210140419065,408.63870624951244,High,HTTPS,1231.695175792089,1,0,0,Normal
39.35569946828764,35.326256147810774,273.94006506350075,Low,HTTP,1043.9963224595317,0,0,0,Normal
39.442875462264055,33.18063056113785,227.54766512923223,Low,HTTP,845.7771493005616,0,0,0,Normal
46.36834838500363,34.36426586431794,277.6801747163836,Medium,HTTP,1155.2679802790615,1,0,0,Normal
94.408953421771,83.40617890894661,979.3026539557295,Critical,SSH,3829.172233439794,0,0,0,Attack
77.53367129358594,58.183100817047645,502.61870220950993,High,DNS,1749.474822346559,1,0,0,Normal
89.28442354030267,69.5012091954123,460.2612874979882,Critical,DNS,1925.4651609078282,0,0,0,Normal
72.36976390995551,52.88505465858205,497.7690744597215,High,DNS,1719.2614147921574,1,0,0,Normal
42.33441816162667,31.30811686905697,303.9115325202552,Medium,HTTP,1303.3503898701772,0,0,0,Normal
95.03687167147291,78.89786909196822,792.6853444931618,Critical,FTP,2507.9985865791896,1,0,0,Attack
45.127095800999086,34.2651593152856,399.83505517683216,Medium,HTTP,1682.9677963386587,1,0,0,Normal
53.52743885065138,37.80107933424631,382.447974484984,Medium,HTTPS,1391.5889086250338,0,0,0,Normal
49.228522250189144,38.15827986086691,570.1437590187231,Medium,FTP,1864.6806143194115,4,0,0,Attack
41.86285931362363,32.95248135154411,366.37549577768766,Medium,HTTP,1612.7893995021027,0,0,0,Normal
69.05450180864136,51.75323508222516,542.769274342,High,HTTPS,1671.708658476856,0,0,0,Normal
47.79103357141139,40.833039757933,263.5727644565625,Medium,HTTP,1273.6357744655475,1,0,0,Normal
31.86001130961813,25.03546412924071,303.86180903710516,Low,HTTP,1098.8830247532317,0,0,0,Normal
62.53763133659959,50.07735420245587,672.5421431785321,High,FTP,2835.967223423922,0,0,1,Attack
56.14594338629104,47.72810101907191,307.3256351148514,Medium,HTTPS,1141.5876159011868,1,0,0,Normal
44.836471453982085,36.51484547015962,323.32652637836316,Medium,HTTP,1145.862487663057,0,0,0,Normal
76.32238961887197,54.99824704997227,384.31036748392154,High,DNS,1616.0376177937594,0,0,0,Normal
55.738749926458695,49.13349470446437,391.7095254974162,Medium,HTTPS,1314.0239628640895,1,0,0,Normal
60.22665936732665,48.316535712200064,409.0779895816366,High,HTTPS,2030.9483694551438,0,0,0,Normal
75.02163544049836,53.93663256530566,592.7509272420666,High,DNS,2158.756533355493,1,0,0,Normal
64.32015468235477,50.713198508090954,467.9453574350234,High,HTTPS,1526.5783981997529,1,0,0,Normal
36.18130927745369,25.37808488503006,224.38921745673434,Low,HTTP,955.9557302300817,1,0,0,Normal
84.44885166580207,65.96332895394896,672.0898972319449,Critical,DNS,2660.131863601402,0,0,0,Normal
60.67349685218687,46.82127031318683,372.2218568247325,High,HTTPS,1249.0120320400536,0,0,0,Normal
45.68431126012001,37.28034680030114,575.5918331397102,Medium,FTP,2779.883108473283,1,0,0,Attack
56.53487196294009,44.719654418375555,305.8433437408713,Medium,HTTPS,1055.999440349895,1,0,0,Normal
40.424266494228505,30.24026070413234,524.3193612254406,Medium,SSH,1721.172825203687,2,0,0,Attack
64.33117556764046,52.64488729977773,624.3663644321716,High,FTP,2748.877533073045,4,0,0,Attack
51.50768989260541,38.39349089866028,292.3762728374739,Medium,HTTPS,1116.330941890882,1,0,0,Normal
64.812797470222,53.72063702943217,551.2348180838615,High,HTTPS,2655.682079150008,0,0,0,Normal
57.30302837348063,41.05147137826761,297.9702823057052,Medium,HTTPS,1223.778297929745,1,0,0,Normal
44.421591237405664,36.46637361098619,425.5808281932444,Medium,HTTP,2111.0957170772062,1,0,0,Normal
75.5025273605861,57.67363118484054,693.8602788062399,High,FTP,2436.980307981552,2,0,0,Attack
43.61801303093671,31.712671079071683,350.7746848978834,Medium,HTTP,1059.4725177878802,1,0,0,Normal
78.65754508180544,66.08816528213607,733.8067497950025,High,SSH,2590.2714509935827,4,0,0,Attack
44.917810856568394,31.801638726254215,485.67494249200564,Medium,FTP,1981.0610890044122,1,0,0,Attack
66.27465560224664,58.53508779462455,531.0310768132089,High,HTTPS,2046.1025142467245,0,0,0,Normal
49.159075335592206,37.44147249291614,289.37338741020545,Medium,HTTP,1423.5133805898981,0,0,0,Normal
38.11633915955099,31.319385466587494,377.79936250854865,Low,HTTP,1820.771115607841,1,0,0,Normal
82.06036577954364,63.30617795074647,741.9940608460838,Critical,SSH,2418.7338173569924,0,0,0,Attack
42.39885550836334,31.98560845008026,439.797385627421,Medium,SSH,1818.9851372231576,1,0,0,Attack
84.96593877120176,69.71482961820958,692.5269876586971,Critical,DNS,3095.7605560318357,1,0,0,Normal
48.49172144095064,35.66366188856227,358.59628913912115,Medium,HTTP,1410.7488122501666,0,0,0,Normal
76.5036214691645,68.58318049143183,650.5217952860575,High,FTP,2975.0646484051144,3,0,1,Attack
51.43759115388093,39.30823971104511,492.4645681046093,Medium,HTTPS,2276.0443710202253,0,0,0,Normal
46.31937631267647,33.63852321968711,284.0241846289892,Medium,HTTP,968.0393066823632,0,0,0,Normal
76.15097753208829,62.90266438029708,634.5708359481193,High,FTP,2094.8744369255533,3,0,0,Attack
40.637631509889616,32.33942746005383,345.69087529398706,Medium,HTTP,1189.8275145960142,0,0,0,Normal
88.9409174665343,65.42100776188411,626.6179152059773,Critical,DNS,2706.9884197208426,0,0,0,Normal
59.257856924814405,52.322366675702426,765.5712892717864,Medium,FTP,2318.4959594435663,0,1,0,Attack
37.86901658138959,28.2228169109361,294.15214516997213,Low,HTTP,1054.0319116556918,0,0,0,Normal
67.80770944322285,49.382186809496545,671.3818872720309,High,HTTPS,2906.1011025496673,0,0,0,Normal
68.74000224779593,57.759938639295015,631.7226334451598,High,FTP,2045.095963543099,3,0,0,Attack
40.666740209308045,31.79379065980198,205.40557726840547,Medium,HTTP,938.7378570527085,0,0,0,Normal
84.88824971558643,74.85188263181091,536.8989832389175,Critical,DNS,1921.5969663165395,0,0,0,Normal
43.58238575019641,35.3324499948785,335.4738436185442,Medium,HTTP,1308.530078458792,1,0,0,Normal
48.480408267641906,43.44089282583583,545.7955901668281,Medium,FTP,2394.3125563540543,2,1,0,Attack
72.08002655170276,54.148001558726904,706.2574201567469,High,DNS,2668.4610191568095,0,0,0,Normal
64.54393317115318,45.31228777577576,816.2998250016573,High,SSH,3212.860031416588,2,0,1,Attack
84.53089638176607,63.65100035938834,477.55205228729073,Critical,DNS,1446.9249765910122,1,0,0,Normal
63.21144462395068,51.06843498697564,495.5716713825625,High,HTTPS,1598.3903687499098,0,0,0,Normal
98.81514231077745,77.60027140175274,1057.2801901471387,Critical,SSH,4200.5485624900375,4,0,1,Attack
45.36618318205001,40.46344214266122,332.770761609817,Medium,HTTP,1493.0157939930318,0,0,0,Normal
30.61137220574892,26.997433045805042,273.46296081344417,Low,HTTP,1022.9025019831154,1,0,0,Normal
45.89728637889493,33.320398011811676,415.57036940291096,Medium,HTTP,1385.455801673379,1,0,0,Normal
62.369567524292506,50.743641184436534,375.5113970160024,High,HTTPS,1554.3567110782549,0,0,0,Normal
55.59224705975794,47.08795715602883,319.828591107947,Medium,HTTPS,1273.0095216662787,1,0,0,Normal
87.57888346228356,69.48584350576826,534.6434462350549,Critical,DNS,1776.377412266106,1,0,0,Normal
84.58238654915476,72.51545072103733,702.0334796863224,Critical,DNS,2813.8830069254464,1,0,0,Normal
37.79325516159588,32.584371016248525,191.6545171200365,Low,HTTP,934.5183839369932,0,0,0,Normal
64.07885062537389,47.47152764890518,413.83534719546435,High,HTTPS,1331.2455643959058,1,0,0,Normal
74.1071443221881,54.10744914082549,616.6708640258764,High,DNS,3034.6847120523025,1,0,0,Normal
58.022594347276026,43.179735306186636,324.53953306332863,Medium,HTTPS,1058.6146586548266,0,0,0,Normal
77.20053670593188,64.2308345398495,689.0470835311739,High,DNS,3217.58033631907,0,0,0,Normal
78.6522717632397,55.28037226662993,507.12352544429547,High,DNS,2320.498087265083,0,0,0,Normal
42.24896601113869,32.03860855384852,306.3623332691006,Medium,HTTP,972.7191338501979,1,0,0,Normal
39.037380143490736,32.51242510907583,330.53244113188106,Low,HTTP,1585.823848817934,0,0,0,Normal
43.25648719401215,31.306156357598528,300.45006406216913,Medium,HTTP,1341.8232248840638,0,0,0,Normal
69.59995337019791,59.64832460077122,510.8431776737561,High,HTTPS,2199.173041964994,1,0,0,Normal
30.8535622456111,23.384118861559674,156.57250197106364,Low,HTTP,592.6607421824606,1,0,0,Normal
47.49864608806092,37.5265085390081,264.2523676717125,Medium,HTTP,1209.9430335495817,1,0,0,Normal
69.8560993814317,58.587124117969374,519.2012246307642,High,HTTPS,2162.5223616370436,1,0,0,Normal
47.119963189697955,36.65137840241178,610.7234583384907,Medium,FTP,2082.26087019434,1,1,0,Attack
77.10501966936135,61.189636071239256,528.2758439296083,High,DNS,1664.0831143988953,0,0,0,Normal
47.371983909761184,33.301931903778204,276.39962130747233,Medium,HTTP,978.1033494785312,0,0,0,Normal
57.0162833869108,41.19624051033482,447.4789515712153,Medium,HTTPS,1927.900098638155,1,0,0,Normal
71.60490481182933,57.090417005754944,533.5078828056058,High,DNS,2058.688848551888,0,0,0,Normal
63.34936567029217,53.76219631379899,567.8295302844654,High,SSH,1940.579677443739,1,0,0,Attack
58.07646895220387,44.9543944250856,436.76251578211924,Medium,HTTPS,2075.5659016106333,1,0,0,Normal
30.896372635870648,22.658984761670798,299.3902673387731,Low,HTTP,1287.4329189960347,0,0,0,Normal
36.760395784367574,29.92041229255491,203.73055920342895,Low,HTTP,934.097631161384,0,0,0,Normal
69.18927267252002,55.215023988966045,878.2411380879249,High,SSH,4007.593221118606,4,0,1,Attack
74.59858553411323,54.62515697204974,421.83586640442167,High,DNS,1519.7626179639078,1,0,0,Normal
52.216568445728626,41.8160159161495,479.0359498543855,Medium,HTTPS,1513.1816592059345,0,0,0,Normal
40.015971085522324,35.51840473961655,357.72321925643473,Medium,HTTP,1393.4546645266178,0,0,0,Normal
64.17919057290419,46.31714872340555,348.9841557682633,High,HTTPS,1493.9495383753695,1,0,0,Normal
59.408604207928875,52.998872359624386,564.0528819913886,Medium,HTTPS,1927.716008617603,1,0,0,Normal
39.67637823536279,28.812578789480288,343.8001880769717,Low,HTTP,1267.3054192847428,1,0,0,Normal
60.245675812329864,52.230644218542075,497.7778803445409,High,HTTPS,2364.1517251179675,0,0,0,Normal
86.28171534590365,73.99351188997854,600.7830387511083,Critical,DNS,2010.1036165459395,0,0,0,Normal
36.505451268312754,26.19288441652047,326.6088476545974,Low,HTTP,1044.2356256881644,0,0,0,Normal
87.63230545257102,77.09702515551882,693.4114029546711,Critical,DNS,3380.1035976723088,0,0,0,Normal
37.85692195917363,32.0498369402373,228.04051571961804,Low,HTTP,1122.730521204054,1,0,0,Normal
80.08826449840853,66.5131964633245,430.4798058714595,Critical,DNS,1408.7747797357058,1,0,0,Normal
77.27413366785186,60.159582308131995,490.4452060156864,High,DNS,1777.7299969514577,0,0,0,Normal
35.25183368372382,30.241633538558645,291.5643287523763,Low,HTTP,1272.9591820429155,0,0,0,Normal
83.93357366563578,68.53255924741558,599.868779204784,Critical,DNS,2948.9934480536585,0,0,0,Normal
83.98132189511671,62.225949993435876,707.5703439216929,Critical,FTP,3152.925743279609,2,0,1,Attack
79.14959843328688,56.59217572330622,942.4551398782609,High,SSH,3350.8285268608515,3,1,1,Attack
53.55648049080628,40.37477914453345,441.86545765104796,Medium,HTTPS,1498.0955465060397,1,0,0,Normal
77.36221675630077,64.27530923784758,693.3522387779939,High,DNS,2259.7580124995575,1,0,0,Normal
64.95284635595453,51.045004472818384,578.6005580577481,High,HTTPS,2065.012699434972,1,0,0,Normal
52.28496261757755,38.78257596739873,540.2096865981687,Medium,SSH,2389.6064329509354,2,0,0,Attack
34.50080673879711,30.195662372705772,186.20137626904352,Low,HTTP,822.0481753025864,1,0,0,Normal
46.16186934537836,38.31519602623349,334.1361217259177,Medium,HTTP,1186.7203191803635,1,0,0,Normal
79.25077873733244,68.03652191701248,850.0251995620314,High,SSH,3180.215384000637,3,0,1,Attack
65.76336066820659,56.31450541699606,597.4763399383851,High,SSH,2100.103831830382,2,0,0,Attack
42.526175935490755,32.331522380180424,285.5811842291305,Medium,HTTP,1152.22348982434,1,0,0,Normal
82.5648374078446,59.10656580072898,773.923767611532,Critical,DNS,3346.243051817852,1,0,0,Normal
69.00548809817337,54.48220025214105,404.6837547199008,High,HTTPS,1709.5807019024476,1,0,0,Normal
77.54897176157101,64.21715617288176,425.97758101707774,High,DNS,2081.7596129788258,0,0,0,Normal
76.89611135196174,57.03858060360894,744.8542859734284,High,DNS,3174.3512430301353,0,0,0,Normal
48.082034198596375,36.956661607198605,471.61044283176255,Medium,HTTP,1821.9885909247594,1,0,0,Normal
34.76418166523217,30.416611239595994,197.50998612322496,Low,HTTP,957.9886275311343,1,0,0,Normal
56.860292218916584,41.76846871758779,373.10686537342673,Medium,HTTPS,1588.554651881341,0,0,0,Normal
78.42556147741561,56.44448875968278,859.9439198349565,High,FTP,3658.7198144283348,2,0,0,Attack
42.528472249541664,37.74232026922477,416.3605723167146,Medium,HTTP,1610.757477038689,0,0,0,Normal
60.585054624898476,54.06235728480011,723.4532217187788,High,SSH,2969.365044694897,4,0,0,Attack
92.48232907506463,67.25841005552779,790.8291299130766,Critical,SSH,3735.1913172653976,3,1,0,Attack
40.37418603184051,30.784214771360034,241.27497047719118,Medium,HTTP,1197.6974354116999,1,0,0,Normal
35.91616698569851,30.047333772715945,202.8524903716354,Low,HTTP,743.0564332343104,1,0,0,Normal
86.23801613022806,76.89036908721309,553.8589292695693,Critical,DNS,1756.943744788519,0,0,0,Normal
87.70145353264525,74.16025355329123,750.6103039130154,Critical,DNS,3383.7590086603723,0,0,0,Normal
38.17706386136706,28.844394115140176,325.92084359347905,Low,HTTP,1593.831359169136,0,0,0,Normal
48.741811020654495,36.02209174673954,310.9249130030349,Medium,HTTP,1212.2853260293941,1,0,0,Normal
80.97890137898503,58.78402184328759,754.9724915130663,Critical,SSH,2908.419555689447,3,0,0,Attack
87.48192689556163,66.21487856551549,550.0332800229082,Critical,DNS,2018.042256496101,0,0,0,Normal
73.67967313912231,62.06392106051298,558.98222056498,High,DNS,2733.45317700922,0,0,0,Normal
46.66274876362877,39.26592869605795,387.73679502438495,Medium,HTTP,1746.3982647077157,1,0,0,Normal
51.71165366511559,39.05061059654707,616.8587088952656,Medium,SSH,2961.829791791333,3,1,0,Attack
37.77532483989489,29.243083788779384,367.08330971359663,Low,HTTP,1774.6179363911738,1,0,0,Normal
47.069341915266705,35.372409535605804,383.8160869422774,Medium,HTTP,1193.3082986177,1,0,0,Normal
72.70438269992155,58.415512510287186,520.4423012723009,High,DNS,1848.740767051804,1,0,0,Normal
82.44502137000381,68.6250698558314,993.6013650873069,Critical,SSH,3307.280913707096,2,0,0,Attack
56.5482216993405,46.50800361246333,660.5343486954594,Medium,FTP,2652.2588723088616,1,0,0,Attack
62.239568390650675,55.31240925607054,706.4126848384518,High,FTP,3227.619993152703,1,0,0,Attack
55.44871946127387,45.81011123138905,597.6588040435591,Medium,FTP,1822.93058117834,1,0,0,Attack
71.03985347646812,55.861008501042306,751.3461065465782,High,SSH,2643.8025717200867,2,1,1,Attack
69.71211862939526,61.69752607064896,648.8687578920224,High,HTTPS,3070.4319324137696,0,0,0,Normal
66.73456855853203,55.107003154941616,661.3454395088816,High,HTTPS,2938.139526081005,1,0,0,Normal
86.61050527647603,71.49353198939345,576.6177230307136,Critical,DNS,2411.2680758484485,0,0,0,Normal
67.85123088397086,53.38982640184184,368.46379681208106,High,HTTPS,1761.721522970984,1,0,0,Normal
55.900015698425705,45.30379139631929,490.24458218976184,Medium,HTTPS,2346.7896188163636,0,0,0,Normal
85.50990251198527,74.59142693413894,831.6352475758367,Critical,DNS,3404.8320936064697,1,0,0,Normal
77.72919498209376,69.67672363704386,763.3355222051841,High,SSH,2829.785368293366,1,0,0,Attack
67.6380841833452,51.831322688563766,482.3190097934143,High,HTTPS,1686.4561077045146,0,0,0,Normal
56.05979894369739,40.20713257327288,374.0514031496541,Medium,HTTPS,1403.5204904451487,0,0,0,Normal
63.13298035940534,53.713604946658094,613.9767381444516,High,HTTPS,2490.867336562701,1,0,0,Normal
91.69399593345588,81.51816903309613,1003.2581694255477,Critical,SSH,3076.9301582654416,0,0,0,Attack
88.92105464270571,70.23842905504453,845.0772388834404,Critical,DNS,4077.683571177424,1,0,0,Normal
59.89114778029034,47.028635565563555,774.1126203612587,Medium,SSH,3066.59274225723,1,0,0,Attack
35.16559101641178,26.968300922156025,185.41609520284143,Low,HTTP,764.1404775244115,1,0,0,Normal
75.24031009248574,66.88904107353105,480.080059865908,High,DNS,1714.6660498867832,0,0,0,Normal
86.7072196054869,73.73652933297201,504.76158690983726,Critical,DNS,2152.4022140470543,1,0,0,Normal
66.96894735651767,58.94253121047183,704.8325459303555,High,FTP,2477.949306980108,0,0,0,Attack
55.570550783668295,49.093101812104855,495.832258430046,Medium,HTTPS,1931.0067413262932,0,0,0,Normal
60.068372030800674,42.70298260345676,507.8683039964392,High,FTP,1896.706590539112,0,0,0,Attack
96.70161642599851,73.03147087686025,808.9191040040503,Critical,SSH,4009.573698048651,3,0,1,Attack
75.12245578327565,55.05408727117247,700.8881622510274,High,DNS,2337.7879973151976,1,0,0,Normal
84.04415869052173,67.36410921258958,723.3407538865293,Critical,DNS,2974.416004098033,1,0,0,Normal
85.03121412213659,72.86349337182887,676.3690256074073,Critical,DNS,2556.335101271516,0,0,0,Normal
33.271882488643314,23.45707368806097,314.52416588973205,Low,HTTP,1276.3438365024315,0,0,0,Normal
46.56747707856994,35.01294326880939,440.8749304901934,Medium,HTTP,1542.925136982668,1,0,0,Normal
39.857378318411065,34.80337042485942,308.3108865303132,Low,HTTP,1249.900695735291,1,0,0,Normal
60.45969498241902,51.04412514225805,409.1809032744556,High,HTTPS,1332.4235308676687,0,0,0,Normal
77.07086788330344,63.05741606368581,481.0296157839619,High,DNS,1558.6180014931329,1,0,0,Normal
31.503575393435312,27.66411129493503,216.76136443905384,Low,HTTP,666.6469779248823,1,0,0,Normal
45.56263812446559,40.035786064756074,348.20572923246004,Medium,HTTP,1533.9365350134497,1,0,0,Normal
91.95930510148173,74.43315960687647,675.1853533655069,Critical,FTP,2994.10056150083,1,0,1,Attack
73.28009919881879,56.477938090863816,700.7812475644786,High,DNS,3163.837634003528,1,0,0,Normal
65.45233936834848,49.06672196973578,484.5812579037412,High,HTTPS,1937.1009206547096,0,0,0,Normal
93.43782522570109,72.43499116355531,929.0999687764162,Critical,SSH,2863.8923472876468,3,0,1,Attack
83.6093148648797,67.36353080023896,537.5295570298001,Critical,DNS,2649.190505028363,1,0,0,Normal
62.8242346701154,44.397494342285775,512.6764996371165,High,HTTPS,2106.98505532261,1,0,0,Normal
51.213953208352905,45.197440271363675,322.0918193891157,Medium,HTTPS,1186.7130710908261,1,0,0,Normal
44.896722301709815,35.744209934061786,324.8811927702738,Medium,HTTP,1421.592470555745,1,0,0,Normal
52.56638622074206,42.6903175097904,359.3756944175613,Medium,HTTPS,1514.2037563665813,0,0,0,Normal
71.7082268014201,54.294781859841656,909.3208220905369,High,SSH,4068.745268928681,3,1,0,Attack
32.00812668270373,26.45214245209405,186.88465617452368,Low,HTTP,706.1114816898928,1,0,0,Normal
84.75659916832228,63.70015077600114,659.417714454663,Critical,DNS,3271.5457274788905,1,0,0,Normal
58.84289165158407,46.453378533352364,408.8841886262206,Medium,HTTPS,1511.421558873779,0,0,0,Normal
63.636593148257816,49.220630268507136,486.5041680313209,High,HTTPS,2073.1684395335437,1,0,0,Normal
47.14875662815757,42.22975235067067,294.6430687278569,Medium,HTTP,1441.0893062888215,1,0,0,Normal
77.92587252275553,57.162251751321044,794.9693203066528,High,SSH,3654.7028764399747,0,1,0,Attack
55.46970289415185,44.99732071217674,512.8933550050201,Medium,FTP,2280.2438036676813,1,0,0,Attack
66.83427460571693,51.99370781294822,574.3004366012009,High,SSH,2514.382350075851,3,0,0,Attack
52.03927724651294,41.93332854866325,270.0172402724148,Medium,HTTPS,1006.5103932159707,0,0,0,Normal
88.70116226215032,66.52311293696327,755.1261493790295,Critical,DNS,3278.4736524922223,1,0,0,Normal
40.063952705677366,32.26761616714248,343.99779543542667,Medium,HTTP,1549.147984144824,1,0,0,Normal
63.361610200299765,45.97720530400407,556.747270283337,High,HTTPS,2621.3882738128527,0,0,0,Normal
53.38492765731644,38.65159817877374,400.04981544392217,Medium,HTTPS,1300.0965040151398,0,0,0,Normal
61.74045509907501,43.68438499453335,321.4265579214853,High,HTTPS,1434.205147083471,1,0,0,Normal
44.99066948083055,37.815824410048876,441.8596081113437,Medium,HTTP,1947.0360514448237,1,0,0,Normal
61.620813634071965,51.97399414331016,479.067162502282,High,HTTPS,1526.8739108984682,1,0,0,Normal
47.68956861415063,40.606376736929725,520.0439441964519,Medium,SSH,1779.397316788758,2,0,0,Attack
37.20511692110449,29.754695073641802,313.98609881639635,Low,HTTP,1412.1293541874552,0,0,0,Normal
32.26464037768892,22.85122906797936,259.20027909257954,Low,HTTP,938.0154119878085,0,0,0,Normal
72.15777968915063,64.42575253726551,626.7783812960041,High,DNS,3087.647790108821,0,0,0,Normal
73.03460508628632,59.22942136126649,507.2851742883023,High,DNS,2225.200424153587,1,0,0,Normal
85.44187911702465,65.65690378449617,1046.1447161439369,Critical,SSH,3973.6199239686894,2,0,0,Attack
59.92421636576182,50.1909073141555,403.9572192069348,Medium,HTTPS,1495.6732190136424,1,0,0,Normal
32.47311732426169,26.671562399876038,264.7661542716157,Low,HTTP,1287.4235215743192,1,0,0,Normal
87.8536651826289,74.45148470300829,854.5891164132036,Critical,DNS,4220.090145005088,0,0,0,Normal
63.29324965045089,49.23156398784213,569.2101106250808,High,HTTPS,2762.531344818991,0,0,0,Normal
50.53181108494755,45.28289271015999,435.3118349127606,Medium,HTTPS,1817.9583276981195,1,0,0,Normal
71.27190821054683,54.854095681008225,601.9207510812215,High,DNS,2263.0402102266685,0,0,0,Normal
66.40285193638192,54.857773357701184,452.7974374685347,High,HTTPS,1463.949219880836,0,0,0,Normal
74.234645355682,66.00177267768173,620.1606418900807,High,DNS,2273.687388605577,1,0,0,Normal
53.349832374224206,45.86638709768833,467.25997525673125,Medium,HTTPS,2227.059973589462,0,0,0,Normal
88.83793636865448,75.03113446943532,823.6162792604517,Critical,DNS,3276.5646396343977,0,0,0,Normal
50.89361737991567,42.63951485859999,286.25579880204134,Medium,HTTPS,1334.5580421142777,1,0,0,Normal
67.84074068200425,52.42446324725788,587.1615291529919,High,HTTPS,2704.170112200041,0,0,0,Normal
86.72898763688863,72.34605863129643,738.5967553313345,Critical,DNS,2454.6211455708044,0,0,0,Normal
77.91863848394314,66.25707030867294,426.0554762450949,High,DNS,1528.1504455150982,1,0,0,Normal
73.37531758304976,63.89815400452653,444.2194486372971,High,DNS,1964.166963768219,0,0,0,Normal
71.3449645775836,51.723933042000866,623.809397540988,High,DNS,2070.4038339668286,0,0,0,Normal
61.82734763904591,52.318298602958215,604.7964314610955,High,FTP,2368.9760654407587,2,0,0,Attack
70.24871361645637,59.054289974539586,689.5296467857448,High,DNS,3146.8231766883055,0,0,0,Normal
75.10098070692038,53.97643655792544,635.8214598783718,High,DNS,2417.1274472502632,1,0,0,Normal
81.25196909248189,60.30219507581277,568.4278700511467,Critical,DNS,2208.7714661879,0,0,0,Normal
47.495095897429565,40.35860793499221,520.8950950633712,Medium,SSH,2490.169889655375,0,0,0,Attack
83.85998559277141,63.89193954429675,1009.7714785739533,Critical,SSH,3302.3838678855955,3,0,1,Attack
72.19375672968454,64.44173082704823,710.7747976929177,High,DNS,2615.8505022729214,0,0,0,Normal
35.615439571556635,29.86884632204491,343.0899171470341,Low,HTTP,1582.1840818506892,1,0,0,Normal
42.648862849746365,33.259060229839804,338.6555103211428,Medium,HTTP,1304.8433002626764,1,0,0,Normal
74.9227904844156,57.70968026669241,516.9106771264411,High,DNS,1565.5922568654196,1,0,0,Normal
48.56648171116831,43.042009499006205,271.1371602625006,Medium,HTTP,1115.6523071753713,0,0,0,Normal
97.78658050032391,87.4031227457585,851.8179138002783,Critical,SSH,3146.6525414672424,0,1,0,Attack
71.59464559212324,63.3846852656685,674.1014845345237,High,DNS,2699.151233930201,1,0,0,Normal
63.95038934810145,52.28725018297819,676.1531754737662,High,FTP,2302.0770018559947,2,0,0,Attack
51.07660523681261,39.633902863713516,467.6212680633943,Medium,HTTPS,1481.4089181840332,1,0,0,Normal
85.87478431101772,62.114276571156985,774.0529923511434,Critical,DNS,3494.3084632552977,1,0,0,Normal
88.14453158673132,67.57413461741176,511.97817001379155,Critical,DNS,1626.9691600237372,1,0,0,Normal
85.59815224216436,75.03715259880327,553.5505246658785,Critical,DNS,2412.1793079377862,0,0,0,Normal
65.28662319018622,52.08740459584309,558.4640710442811,High,HTTPS,2537.6772196676625,1,0,0,Normal
52.79093831679347,45.72812872220287,306.0513273918553,Medium,HTTPS,1478.643291562434,0,0,0,Normal
36.993650940166845,31.834871760608294,269.77443227272556,Low,HTTP,1014.008665676186,1,0,0,Normal
49.98863367123704,36.6084640675688,445.3642662850169,Medium,HTTP,1351.892050632924,1,0,0,Normal
82.98635180763085,62.95959188590868,581.2326835168506,Critical,DNS,2612.4645110873053,0,0,0,Normal
59.347979956510244,49.98057829618131,428.1593320563012,Medium,HTTPS,1781.8347154007479,0,0,0,Normal
79.86351169471163,58.45185383664731,754.8218541435189,High,DNS,3180.498991939454,1,0,0,Normal
78.1648819585098,61.88298768725872,443.6691384872515,High,DNS,1946.8904945703746,1,0,0,Normal
39.700728219540906,33.99860893739441,266.0227016724412,Low,HTTP,1151.873505402332,0,0,0,Normal
47.60221595903204,37.13725934443127,429.7971542874128,Medium,HTTP,1433.9686320370124,0,0,0,Normal
82.64842206663161,65.17452116248101,789.4920784176037,Critical,SSH,3915.3605110142917,2,1,0,Attack
39.569059497735,34.74384732607006,200.68914059556283,Low,HTTP,742.3059098350075,1,0,0,Normal
57.509426752949366,41.81180867710868,447.8137738121313,Medium,HTTPS,1986.3532779474335,1,0,0,Normal
76.91172778533655,59.07036295435545,518.0088764747109,High,DNS,2523.9824643921716,1,0,0,Normal
54.0474614231789,46.543364113642,405.90623489746827,Medium,HTTPS,1610.5951252823738,0,0,0,Normal
56.57265147761791,44.42656366095558,340.0960954395664,Medium,HTTPS,1318.1058078446704,1,0,0,Normal
83.416778920855,58.631553048720235,452.11213677807893,Critical,DNS,1900.0898228774056,0,0,0,Normal
38.1128088272817,30.927460492738366,334.84973815883484,Low,HTTP,1489.7082785031853,0,0,0,Normal
50.40840970010322,38.78445037333874,274.4498004418382,Medium,HTTPS,982.357853689905,0,0,0,Normal
78.34717980120331,62.70965093328721,657.6559725717482,High,DNS,2577.515881669656,1,0,0,Normal
55.59032059085439,41.162786159428414,492.5343417521488,Medium,HTTPS,1929.685961682172,1,0,0,Normal
40.86244448859361,29.290066870384333,591.3965547218726,Medium,FTP,2697.6268005508146,0,0,1,Attack
63.44146845403884,54.01597800872735,437.54436107152657,High,HTTPS,2153.274167949131,0,0,0,Normal
50.82130900824268,36.47856813082449,258.6137468841003,Medium,HTTPS,1055.2687497307222,1,0,0,Normal
60.12217577865158,50.24800876390789,525.2718938887842,High,HTTPS,1599.1752085684402,1,0,0,Normal
42.14003654909902,36.00457158708185,333.07653167214846,Medium,HTTP,1434.7329200061115,1,0,0,Normal
35.03902106414898,30.944211180282863,281.5013630682985,Low,HTTP,1067.6571830882347,1,0,0,Normal
85.42904030284262,66.28206722567654,923.6178194114402,Critical,SSH,3318.8629232054163,3,1,0,Attack
35.33428895883844,24.85935029973654,294.1563640680622,Low,HTTP,1147.1728307762182,1,0,0,Normal
70.72949263631017,60.08255738849869,413.12825383196736,High,DNS,1897.4662507851606,1,0,0,Normal
76.32088533049682,62.29017568093859,755.4510448052906,High,DNS,3577.838659074071,0,0,0,Normal
84.94071672519567,69.76670034014907,573.0917531593698,Critical,DNS,1768.4957488830228,1,0,0,Normal
52.761834818848,44.257463241809276,453.18038393742273,Medium,HTTPS,1713.050224920364,1,0,0,Normal
31.06424693047302,25.876461725700874,300.7383739017699,Low,HTTP,1357.4666982605236,1,0,0,Normal
74.8408951444435,54.906159500189155,555.3006284182052,High,DNS,2315.6005467224854,1,0,0,Normal
74.84847919884487,67.05930558063952,738.1018820622528,High,SSH,2973.7238659198,0,0,1,Attack
66.40726978745079,51.1255268354394,531.705726439088,High,HTTPS,2173.7885604062594,0,0,0,Normal
71.64475454897911,60.437137155440695,617.7364593198222,High,DNS,2695.3228773031906,1,0,0,Normal
79.89945950033871,70.89055194945554,715.2260152803802,High,FTP,3023.5640485000345,3,0,1,Attack
40.09153976934613,31.94453575870698,292.5927198539006,Medium,HTTP,1235.9487911789788,1,0,0,Normal
88.7802329389524,69.92052721166948,647.6231440638607,Critical,DNS,2313.9506898971313,0,0,0,Normal
60.96353907822049,50.0065371952011,742.796744731246,High,FTP,3486.5872250039183,3,0,0,Attack
73.07004344940651,61.73604597661766,716.3185192752036,High,DNS,2874.117787247701,1,0,0,Normal
86.17408575519221,65.31454283903913,663.6443089331806,Critical,DNS,3124.693860396565,1,0,0,Normal
59.036983432088164,46.75284255788611,301.7485464862465,Medium,HTTPS,1445.8228640829295,0,0,0,Normal
56.27059165213723,44.55432798118778,465.28988741487757,Medium,HTTPS,1502.0120128137223,0,0,0,Normal
66.08087695354698,56.57482341682727,461.36424920656634,High,HTTPS,1708.1812315538746,0,0,0,Normal
73.4665769811545,65.54152078664592,476.3075568386818,High,DNS,2380.943508487234,0,0,0,Normal
57.381151537556434,46.36673644943263,615.995309971317,Medium,SSH,2761.1105408138546,2,0,0,Attack
57.57739559136098,40.560231109297334,517.1778693973293,Medium,HTTPS,2251.48752877771,0,0,0,Normal
57.53612681000959,47.79823684353176,537.391710548971,Medium,HTTPS,1763.4635403934435,1,0,0,Normal
86.84355001794756,67.67478804366999,652.8643368272841,Critical,SSH,2883.048812452171,3,0,0,Attack
87.63811577933666,66.54650676673204,609.0986222287798,Critical,DNS,2687.0059962710975,1,0,0,Normal
62.41446123167407,49.30663953395139,548.2766314238655,High,HTTPS,2389.4999331206013,0,0,0,Normal
31.334139167192916,26.92518445138302,248.32261928670428,Low,HTTP,864.1539874695906,0,0,0,Normal
79.22551878422382,69.2116492855323,799.911461347525,High,FTP,2942.4201295869893,3,0,0,Attack
63.78174209719873,45.19501457132147,692.4476952681913,High,FTP,2733.3478668692505,4,0,1,Attack
47.799877399083925,37.18860389165752,401.90430145143733,Medium,HTTP,1535.741991581951,0,0,0,Normal
56.996227609488415,48.525331254625605,459.87756712628106,Medium,HTTPS,1833.5500191010856,1,0,0,Normal
77.78768940530426,63.55249918595159,626.9934630592022,High,DNS,2389.5060259060688,1,0,0,Normal
82.08089393785485,65.90176427507556,527.9831944277292,Critical,DNS,2546.668002707043,1,0,0,Normal
42.57657639288482,34.43734071691727,593.1802536091723,Medium,SSH,2629.875465455233,0,0,0,Attack
53.401878300865064,44.66118989795028,402.16234400360526,Medium,HTTPS,1718.8645300028718,0,0,0,Normal
85.41338413007907,70.27321773960836,991.8645872222255,Critical,SSH,3621.7377504145607,4,0,1,Attack
65.09983393960283,53.53892982693728,617.062194312038,High,HTTPS,2116.3779600277967,0,0,0,Normal
60.86639818386175,46.094059399206095,339.04423563304744,High,HTTPS,1464.7277940790734,1,0,0,Normal
62.649904955760576,54.46697807598636,423.27166428490216,High,HTTPS,1989.0926381194247,0,0,0,Normal
70.89673613911145,56.80491843452541,708.7462216709397,High,DNS,2623.2462565598416,1,0,0,Normal
66.82273787180748,58.19182238864709,581.7514778728072,High,HTTPS,2465.026595647139,0,0,0,Normal
66.72380828164023,58.66011893462322,559.3807859003241,High,HTTPS,2685.879630528871,1,0,0,Normal
47.18968482397031,34.109274741348486,269.16094017715955,Medium,HTTP,1143.3844321912877,0,0,0,Normal
80.81593315000646,62.248123905997126,690.1680384709247,Critical,DNS,2309.121346087001,0,0,0,Normal
60.37038174676127,54.325811327271985,514.8758215308673,High,HTTPS,1673.8667845427506,0,0,0,Normal
81.25159298448125,68.92049725048912,682.1480149285732,Critical,DNS,3218.521853703085,0,0,0,Normal
93.74447342852363,78.30860617262123,781.2074983030247,Critical,FTP,2878.336065718865,1,0,1,Attack
36.84362717351178,26.82777380162203,246.70789957070383,Low,HTTP,1106.5249692191803,0,0,0,Normal
51.07370593786982,42.98363014301131,376.33288378744936,Medium,HTTPS,1485.9039217909005,1,0,0,Normal
89.9625698334421,75.67153447937613,634.4977648272333,Critical,DNS,3051.0910458295702,1,0,0,Normal
74.47069301269948,62.24410438691005,556.1172515451651,High,DNS,2104.236518898138,1,0,0,Normal
70.60231278272113,52.810281819704976,496.16730706584826,High,DNS,2102.060616626838,0,0,0,Normal
38.445705754857045,29.52027475679561,367.4821612221304,Low,HTTP,1328.7115081240215,1,0,0,Normal
72.47999545186758,57.60254050948195,622.1534634424331,High,DNS,2206.38954573891,0,0,0,Normal
72.34339554597682,56.58095146990603,592.1408883643725,High,DNS,2185.659187345853,1,0,0,Normal
70.74603928942452,56.50514093201213,468.9478597337078,High,DNS,1724.2031022436036,1,0,0,Normal
54.398945607754285,42.4913108673048,530.4415565393392,Medium,FTP,1825.8974700379376,1,0,0,Attack
50.35296798836498,44.428379244382626,417.95068479507165,Medium,HTTPS,1469.4041501544375,0,0,0,Normal
58.42112634127261,49.2695633760477,540.2973589948865,Medium,HTTPS,2638.3708800938316,1,0,0,Normal
54.63490084846853,45.205224963957654,368.9561805844386,Medium,HTTPS,1713.4841927739728,1,0,0,Normal
59.61118459585123,45.61116259596161,482.4408057411259,Medium,HTTPS,2044.7148078357143,1,0,0,Normal
64.33162385364994,47.79688100980601,811.3953466317372,High,SSH,2703.74658323055,2,0,1,Attack
84.7016512789196,70.47319027423399,687.7685643362864,Critical,DNS,3297.570060971516,1,0,0,Normal
73.00554676865431,63.5099241062503,428.12969026097636,High,DNS,1426.4524650599208,1,0,0,Normal
68.2216912372678,52.539223260775266,383.919385601991,High,HTTPS,1898.4992136723245,1,0,0,Normal
59.54331257729791,49.0473166473841,753.4872820484763,Medium,FTP,3243.6898107163433,3,0,1,Attack
42.892932651011506,37.75231272283965,287.862042408956,Medium,HTTP,1008.5086936070959,1,0,0,Normal
69.60501670328085,57.40992706699812,606.461949524001,High,HTTPS,2077.842269515766,1,0,0,Normal
80.97985804080963,59.48568102826487,596.8977799616208,Critical,DNS,2943.74110224388,1,0,0,Normal
51.03747052260587,37.0073242835667,485.96234368874195,Medium,HTTPS,2208.2720627746025,1,0,0,Normal
67.11750753056549,58.514494528099846,467.10431251716864,High,HTTPS,2058.571717990654,1,0,0,Normal
84.0456857776735,64.58466020309483,680.0549057030019,Critical,DNS,2585.4118893872082,0,0,0,Normal
67.43874703053734,57.222871357640614,441.0016975277156,High,HTTPS,1870.3173828120225,0,0,0,Normal
40.37213623523712,32.08929396865771,257.0065052332933,Medium,HTTP,1212.6636480606112,1,0,0,Normal
37.53031980988453,33.05922423645827,252.49586947488893,Low,HTTP,1128.873497066621,0,0,0,Normal
81.54648770942003,63.474156019752364,545.6984933444646,Critical,DNS,2349.676613971594,0,0,0,Normal
60.53411821972986,49.859509895087044,569.5943523344426,High,FTP,2659.963541013626,0,0,0,Attack
74.55486887261941,56.77887844557835,468.9008661031697,High,DNS,1912.3348092584527,0,0,0,Normal
68.45129557932523,51.655915192930465,864.5222688440847,High,SSH,3639.1799755830375,0,0,1,Attack
84.26013210591918,64.80542339169422,767.6393152416085,Critical,DNS,3274.94339172925,0,0,0,Normal
53.514003371674335,41.08135179975624,433.23209407596204,Medium,HTTPS,1889.5474526175071,0,0,0,Normal
67.09789137807093,49.93573874802954,391.21735862041385,High,HTTPS,1509.2232304224733,1,0,0,Normal
48.47151086505619,36.429906542785695,459.82408966986964,Medium,HTTP,1723.8111446156968,1,0,0,Normal
46.39125273999525,41.21019878350337,270.4405067863885,Medium,HTTP,1109.7547788737454,1,0,0,Normal
50.73340299382835,43.85466431430127,500.3640846588771,Medium,HTTPS,1504.1537143017094,0,0,0,Normal
50.30243979934312,41.44051239011869,415.61173549585027,Medium,HTTPS,1640.737167811579,1,0,0,Normal
43.266652896709275,31.724055271543193,270.7891622115074,Medium,HTTP,896.9953127425107,0,0,0,Normal
45.472071486728964,39.99083428678029,275.8075389039053,Medium,HTTP,1001.274849993187,1,0,0,Normal
96.49549009467592,70.74878798322463,1148.4865087519881,Critical,SSH,3613.093416534624,1,0,0,Attack
79.32420294950134,70.95586838800156,702.8365853495577,High,DNS,2358.2167231585263,1,0,0,Normal
67.14812574951793,55.765868432798854,571.9496192034451,High,HTTPS,1817.2888178285589,0,0,0,Normal
39.96655493974686,29.988682745341233,279.94267054630353,Low,HTTP,1321.4753824078016,1,0,0,Normal
83.83777764634033,62.25936627562882,679.3094634389774,Critical,DNS,3082.313705787576,0,0,0,Normal
39.9546981329695,35.686473753326766,371.42048822481786,Low,HTTP,1809.0328095987302,1,0,0,Normal
88.35139497023192,75.4885076705668,766.6381442145967,Critical,DNS,2829.7063841586178,1,0,0,Normal
69.14709596283501,58.13260030850437,571.4687219372557,High,HTTPS,2784.3167036925056,0,0,0,Normal
45.10333545549656,35.188581964657445,413.8147716722465,Medium,HTTP,1581.5967444876662,0,0,0,Normal
42.785126312373905,35.25950572760484,329.2673784903958,Medium,HTTP,1404.1670143557674,1,0,0,Normal
87.95202132096165,76.6802324175063,705.6982872973473,Critical,DNS,2458.9086744923006,1,0,0,Normal
76.32365294062765,64.65269225451397,623.2308662116678,High,DNS,2668.150336973655,0,0,0,Normal
72.21276251319068,59.97858269982118,606.8603675068068,High,DNS,2111.3664748526285,1,0,0,Normal
54.05308017216157,46.86362113894006,386.177017007693,Medium,HTTPS,1672.2888111468098,0,0,0,Normal
67.23198527106433,54.312249908944416,462.02646278246004,High,HTTPS,1509.0784974078447,1,0,0,Normal
91.5524848633504,75.15973165478621,910.3346693878034,Critical,SSH,4165.830006449713,3,1,1,Attack
84.12577790848445,69.54049486884402,621.9156911898604,Critical,FTP,2555.880810720012,2,0,0,Attack
69.1744420753821,57.840300343320216,509.7748752913162,High,HTTPS,1881.0363900092887,0,0,0,Normal
90.09778345476661,70.79668862831647,720.8829785487969,Critical,FTP,2689.2876508522354,2,0,1,Attack
62.350049712065925,48.314112929444136,410.0044100558035,High,HTTPS,1794.4792666193991,0,0,0,Normal
66.28407989242987,53.713357063971145,355.60757556573253,High,HTTPS,1560.3352509850408,0,0,0,Normal
67.9875845350034,47.63290714266864,400.32526551274407,High,HTTPS,1426.2750393170675,0,0,0,Normal
70.84539292831323,56.306248401237085,385.6394946922952,High,DNS,1762.2563961902974,0,0,0,Normal
55.73284240846988,40.7547688831938,518.3880897842783,Medium,HTTPS,1970.8214117694883,0,0,0,Normal
62.46547429822385,47.66327412977001,752.4168579186635,High,FTP,3215.595194577883,2,0,0,Attack
73.10523952874064,52.240716835134144,907.3990021781887,High,SSH,4144.179253136967,4,0,1,Attack
30.183553961142024,22.200862756307824,203.0642879427282,Low,HTTP,792.927666702303,0,0,0,Normal
58.43292869394645,41.93940604494706,565.6617036279574,Medium,HTTPS,2102.019684076944,1,0,0,Normal
39.37568831228418,34.33765347219741,277.79469297620653,Low,HTTP,1119.6826379452812,1,0,0,Normal
58.91016837020288,50.29409676037439,680.7834199990892,Medium,SSH,2072.5611725143226,4,0,0,Attack
34.37882088299375,30.496004467021653,213.5236366465176,Low,HTTP,752.439059653229,0,0,0,Normal
40.65853595195222,31.270718624903743,333.51778742207455,Medium,HTTP,1259.7946647216681,0,0,0,Normal
45.32074627619295,40.20952641265249,480.89385636654674,Medium,SSH,1611.1639230539718,4,0,0,Attack
81.61564364185324,63.839691118277706,679.5254329697179,Critical,DNS,2235.707083542507,1,0,0,Normal
76.12266006939535,62.91171757227853,431.2760876658099,High,DNS,1696.8208928013516,0,0,0,Normal
96.11736834267504,71.93772307528451,1059.3258473300573,Critical,SSH,5014.056451884339,4,0,1,Attack
50.73176069490728,42.01177689324821,394.4001454947574,Medium,HTTPS,1471.7297094700134,0,0,0,Normal
86.16635680009495,64.44522756237441,579.4548469846892,Critical,DNS,2337.8877326355696,1,0,0,Normal
54.659759831411066,45.53359445281091,373.1275735478139,Medium,HTTPS,1517.0183739774538,1,0,0,Normal
67.93557206852711,49.36345807638259,573.5004861431768,High,HTTPS,2652.6382733929177,0,0,0,Normal
44.53087610185321,38.190357136163314,377.15435874238227,Medium,HTTP,1435.163295103177,1,0,0,Normal
78.43476542771896,63.60816471929846,702.5296726269312,High,FTP,2540.3000012216253,1,0,1,Attack
54.37490671174601,41.81395233693556,685.2551192694414,Medium,FTP,3277.615990777956,1,0,1,Attack
69.91105665256327,54.04506916099574,489.6965722130785,High,HTTPS,2110.278407179477,1,0,0,Normal
37.986497677193256,31.82026962986752,310.88989161820746,Low,HTTP,969.3907032413399,0,0,0,Normal
87.28456621072837,73.21255656867407,978.3812838845013,Critical,SSH,4506.777858532885,3,1,1,Attack
63.290705489198444,47.86543440679251,459.61884487617334,High,HTTPS,1692.9071709213713,0,0,0,Normal
50.69806386207347,43.446714493722084,344.24451270188155,Medium,HTTPS,1525.217140820605,1,0,0,Normal
51.91640242079302,40.504274764079504,393.3461873943408,Medium,HTTPS,1752.6796818332746,0,0,0,Normal
71.30194865771045,58.993010521543226,364.4201038742893,High,DNS,1388.712909661267,0,0,0,Normal
71.63402791709814,61.369566507329736,451.9954214779333,High,DNS,2210.449025635836,1,0,0,Normal
46.88371398369782,37.06068983508192,325.5246183471816,Medium,HTTP,1181.4892943015523,0,0,0,Normal
87.09096867241897,67.19971156897745,711.736184950434,Critical,SSH,2648.278241981944,2,0,0,Attack
54.05478543631034,43.40930114813997,309.47725110895163,Medium,HTTPS,1459.344787077652,0,0,0,Normal
78.21065187745262,55.09452927345175,773.7570840379634,High,FTP,2815.3141699797907,4,0,0,Attack
77.01290975157463,57.94385557183078,718.7715468001669,High,DNS,3233.8818357663918,1,0,0,Normal
67.1443302122043,52.220118187724474,658.5227263302709,High,FTP,2125.370559420473,3,0,0,Attack
51.48110278256354,37.84042513781568,390.5656523260765,Medium,HTTPS,1598.654397306172,0,0,0,Normal
60.918361609001295,44.41009888928561,466.89094000214106,High,HTTPS,1723.2321176603505,0,0,0,Normal
31.331300599995302,24.859567107921695,283.96702607531756,Low,HTTP,1093.575948039607,0,0,0,Normal
45.71743786364095,39.92619171527434,320.62109774191,Medium,HTTP,1458.5813474234626,1,0,0,Normal
53.318813469522865,41.22378626731478,348.6960664015942,Medium,HTTPS,1218.2920236853527,1,0,0,Normal
40.51057432261587,32.54876032426071,383.1347800372797,Medium,HTTP,1559.030954544409,1,0,0,Normal
38.703020155044214,31.21662856320401,320.205485297493,Low,HTTP,1241.2323228034818,0,0,0,Normal
58.03257412102539,50.05510405573885,307.2992897932867,Medium,HTTPS,1535.1697886468369,0,0,0,Normal
81.99756754322152,64.00107904133989,739.282172539895,Critical,DNS,3667.8437910028647,1,0,0,Normal
51.946944717055885,39.56244338450344,348.4711365050768,Medium,HTTPS,1511.8517362844377,0,0,0,Normal
61.038994399714284,53.610911808586074,523.5042170184215,High,HTTPS,2079.3482873490743,1,0,0,Normal
71.97048528629239,59.80286108829464,821.7925481161612,High,FTP,2998.790590904095,2,0,1,Attack
78.76038490736391,56.06255453219606,553.4388387464993,High,DNS,1669.648129480549,1,0,0,Normal
54.15723524092755,46.60967432238998,526.7364500576349,Medium,HTTPS,2464.2403512928527,1,0,0,Normal
48.47798037011671,37.24701366521409,318.68126417840676,Medium,HTTP,1433.109232897413,1,0,0,Normal
83.49178423966805,70.38876316691209,567.9258516551948,Critical,DNS,2401.906151738636,0,0,0,Normal
69.28077468313859,58.582573783318985,643.5344875063016,High,HTTPS,2085.8677002133154,1,0,0,Normal
33.54347594213323,26.1999612560443,221.26104694060987,Low,HTTP,835.9785823670727,0,0,0,Normal
78.19084439062863,69.51497195121006,684.0093980671378,High,DNS,2874.3187315727073,1,0,0,Normal
50.49854829456308,38.52783161755591,281.21157850112826,Medium,HTTPS,923.1967960926398,1,0,0,Normal
82.91864513827022,64.0204129025589,841.2051427458221,Critical,FTP,3682.1141489598162,4,0,1,Attack
83.67459032286206,72.92671923152767,762.8928746497558,Critical,FTP,2990.371050883414,3,0,1,Attack
54.32241758047894,41.49417178660492,387.1920847964983,Medium,HTTPS,1933.9002355828268,0,0,0,Normal
86.71270463812107,73.69867966776144,769.4098401159316,Critical,DNS,3284.3333954824757,1,0,0,Normal
48.88478729815688,35.33139435509411,304.77841237098124,Medium,HTTP,1417.4091432667062,0,0,0,Normal
61.626117850100854,49.87510878225777,672.8487206421723,High,SSH,2038.029237683593,3,0,0,Attack
81.46546621908783,62.654002296668104,585.810394909441,Critical,DNS,2644.266472848854,1,0,0,Normal
49.15496199224435,38.59188835100332,491.01909528610076,Medium,HTTP,1844.8031479556737,0,0,0,Normal
74.97536944094463,64.09821993785938,742.510767304425,High,DNS,3697.6080989367774,0,0,0,Normal
36.82447428645901,27.59571153657817,307.3488339063355,Low,HTTP,1535.9254656076205,0,0,0,Normal
62.79531401072745,50.67044907999697,466.56604556398315,High,HTTPS,2253.3341461444697,0,0,0,Normal
60.72599423234351,47.82999034093152,602.1707512839254,High,FTP,2703.2050963112283,4,1,0,Attack
55.531999945960706,49.9548258963495,280.00083267157663,Medium,HTTPS,1001.1771583934734,1,0,0,Normal
76.47710874574841,68.53387782080047,703.2677182956696,High,DNS,3208.746418388551,1,0,0,Normal
44.81552340905182,37.369549078353096,391.79956851706237,Medium,HTTP,1412.972551819483,0,0,0,Normal
62.074348436290165,49.48554651288868,501.13554366683934,High,HTTPS,2280.230014910349,1,0,0,Normal
56.29085507235686,43.05735167083951,315.40722144181257,Medium,HTTPS,1514.6461078087482,0,0,0,Normal
89.87048518851225,63.06087157204869,624.205705506439,Critical,DNS,2466.904271127056,1,0,0,Normal
88.8407509571698,77.09882435930099,711.206331985344,Critical,DNS,2454.8573381777624,1,0,0,Normal
70.15583598520607,59.611404764202994,400.40145102076775,High,DNS,1249.2208864583959,0,0,0,Normal
59.15940042614238,48.68380942558244,499.48123511303453,Medium,HTTPS,1512.9772925140594,1,0,0,Normal
59.472540160350036,43.065659814938,634.116603045933,Medium,SSH,2950.4066181514586,4,0,1,Attack
30.505834389696247,23.728187284840683,304.65255198772974,Low,HTTP,1234.151091647913,1,0,0,Normal
90.34952494876052,74.10614972319121,938.300112185913,Critical,SSH,4245.636297974432,3,0,0,Attack
74.90996120453929,54.55637023920982,683.6698524510774,High,DNS,2726.6468900532313,1,0,0,Normal
66.87780340012978,56.024801897378104,339.23031813617007,High,HTTPS,1519.040161491068,0,0,0,Normal
37.23803808694356,29.491701161849868,327.12318907578407,Low,HTTP,1096.840765563626,0,0,0,Normal
53.34736872027861,47.98424654945315,367.70880052697373,Medium,HTTPS,1484.9333201219429,0,0,0,Normal
76.06487891956931,62.895307824206014,956.821081336586,High,FTP,4600.953229443628,4,0,1,Attack
38.4877793097985,33.29432245651447,384.6214874570241,Low,HTTP,1378.1668632746776,1,0,0,Normal
71.31567896532943,50.1274776786218,682.7788983897183,High,DNS,3402.25717613552,1,0,0,Normal
57.593353546117214,49.03417847772626,502.3725147214837,Medium,HTTPS,2369.7894815107925,1,0,0,Normal
99.84037470181647,77.4470815962571,842.8776827121782,Critical,SSH,4021.763200605539,2,0,0,Attack
68.05919124926731,61.11627817657935,606.1733305270819,High,HTTPS,2762.2628601072342,1,0,0,Normal
79.51865542971063,71.54560801518059,518.1367535746698,High,DNS,2127.861894449306,1,0,0,Normal
40.86868304089876,36.085471701159996,562.7224658275502,Medium,SSH,2248.6684381122523,0,0,0,Attack
85.41581862460589,72.51034793229215,1011.9184045409522,Critical,FTP,3078.3795857611663,2,0,1,Attack
52.712713151049684,39.933159339427945,389.028969362762,Medium,HTTPS,1237.9930343280728,0,0,0,Normal
89.39614057155268,76.54655703493891,547.9270341357101,Critical,DNS,2625.4370780043905,0,0,0,Normal
89.92008716151759,68.39650728414895,476.5586976792876,Critical,DNS,2044.1797516848903,0,0,0,Normal
84.88843546816497,72.58068442907441,430.61725154928325,Critical,DNS,1979.965618554344,0,0,0,Normal
74.67301876822603,65.7286265524846,681.9107358954478,High,DNS,2780.0316342034425,1,0,0,Normal
47.26866225799313,37.58836829546889,360.543119151884,Medium,HTTP,1466.5827878263299,0,0,0,Normal
76.87873059912818,57.28757712436095,677.4586412327006,High,DNS,2939.8690515197713,0,0,0,Normal
48.19097304018214,34.31159198746005,360.01679388020756,Medium,HTTP,1794.126689332431,1,0,0,Normal
76.50378886872204,53.77525806525767,665.1817241540892,High,DNS,2254.6639393225078,0,0,0,Normal
84.06576687289089,72.74027943972612,494.5147615933989,Critical,DNS,1960.9170479241614,0,0,0,Normal
58.562082148491754,47.14840160719658,444.82885642840586,Medium,HTTPS,1437.9753397174918,1,0,0,Normal
43.55042810115265,37.125942979934514,414.663509727287,Medium,HTTP,1294.27498058825,1,0,0,Normal
33.59762932479498,26.838629198952123,216.97155737961376,Low,HTTP,827.3613771324834,1,0,0,Normal
30.87292091193376,26.17376017172982,307.41371031155563,Low,HTTP,1174.6532293205173,1,0,0,Normal
79.58347426858381,58.51764865269105,739.5683769024791,High,DNS,3122.2629589160647,0,0,0,Normal
61.53035485134751,49.460193982467295,580.1492848831897,High,HTTPS,1982.875952468074,1,0,0,Normal
85.74450997613894,75.52876009885263,962.4586519576127,Critical,SSH,3357.1383649870195,3,0,0,Attack
59.647526373046276,45.23177494341266,463.27596976691984,Medium,HTTPS,1925.2532620700642,1,0,0,Normal
84.33706366551633,75.75961280906651,831.6956467700815,Critical,FTP,2789.571825372448,3,0,1,Attack
40.58969851656002,35.382834660648115,207.22282539162103,Medium,HTTP,657.4661733228721,1,0,0,Normal
61.150213266082574,53.63770887707526,333.61483151824115,High,HTTPS,1556.9732000210474,0,0,0,Normal
84.25747882822179,72.09816544154548,798.6727594705991,Critical,DNS,3854.3837526986817,1,0,0,Normal
57.495309665609966,46.61005212706815,672.821387886188,Medium,FTP,2908.324898231859,0,0,0,Attack
89.48867858216545,71.5556159652431,804.9441675170015,Critical,DNS,3964.3836530389594,0,0,0,Normal
81.51587191177896,57.40447427390989,627.025449956121,Critical,DNS,1933.1937270573455,0,0,0,Normal
83.14401542811538,59.71623009189583,637.653129344815,Critical,DNS,2617.14640846657,1,0,0,Normal
76.70658478353289,67.43721970154475,640.41465186737,High,DNS,2721.1847121386027,1,0,0,Normal
63.20271895994665,52.39164478889627,629.4126150550139,High,HTTPS,2712.8825146334343,1,0,0,Normal
59.881570827565156,51.48600071613973,357.7243946675022,Medium,HTTPS,1515.186616512241,1,0,0,Normal
31.263670231128344,25.251123450070917,231.7681951409192,Low,HTTP,977.6079861443935,1,0,0,Normal
35.467931580205914,28.614478330688456,197.96856144430893,Low,HTTP,771.1340840936947,0,0,0,Normal
93.74744707453829,78.18119934322301,697.158104561259,Critical,SSH,3083.3207329795196,4,0,0,Attack
68.6838176476158,61.701783201961746,483.05759036099204,High,HTTPS,1523.8740486264842,0,0,0,Normal
77.93912887354963,57.593476476416036,549.681832405686,High,DNS,1955.2127975889978,1,0,0,Normal
72.3047895214404,57.593192265989266,782.3674849644291,High,FTP,2638.29291665683,3,0,1,Attack
62.031128310773056,44.864934771974134,374.95830887484703,High,HTTPS,1854.5554355641214,1,0,0,Normal
70.18665078227059,49.981778722850095,436.57602436199267,High,DNS,1862.7224969839663,0,0,0,Normal
89.50358315196354,69.93116376981206,706.1245061651398,Critical,DNS,3503.291597235475,1,0,0,Normal
41.68637490107358,32.60325881553711,245.33241429139682,Medium,HTTP,1057.6018129579322,1,0,0,Normal
58.96007158244174,48.47541843629867,320.2637061503238,Medium,HTTPS,1591.9999077911607,0,0,0,Normal
36.979455285109,27.43088631202168,339.00715594564224,Low,HTTP,1102.5913526893526,1,0,0,Normal
33.63797032245202,25.188400819220288,321.74602953883664,Low,HTTP,1506.1912768385791,0,0,0,Normal
64.39675141635234,52.52029922952002,734.9085449646291,High,FTP,2613.000615769308,0,0,0,Attack
54.63248286454473,40.17715241500878,536.0869440385711,Medium,HTTPS,2559.9711336133123,0,0,0,Normal
66.65210099949036,47.80788426682586,347.11055162822134,High,HTTPS,1548.1368973661613,0,0,0,Normal
42.536157716749585,36.865995854428846,330.1169336629926,Medium,HTTP,1487.1960120262654,0,0,0,Normal
54.64257424956486,48.22746088027079,643.8477171903828,Medium,SSH,2172.819391510492,4,0,0,Attack
64.67212122217461,53.82389625612894,535.191123777009,High,HTTPS,2166.1657455287877,0,0,0,Normal
50.622331120976014,45.18064200953632,609.4872807647519,Medium,SSH,2789.2446022444065,4,0,1,Attack
45.18249334942084,32.00329518047369,563.4979054854612,Medium,SSH,2020.2599416560263,1,0,0,Attack
80.00935086747631,64.84231286081331,579.1146972052903,Critical,DNS,2394.519119032759,0,0,0,Normal
84.77958739647875,69.93551375045254,725.4376079637955,Critical,DNS,2215.427587600332,0,0,0,Normal
79.67742779561377,66.21338744537861,629.1909487436135,High,FTP,2020.4013616142097,4,0,0,Attack
87.75125330497758,72.268647126937,560.9476995719724,Critical,DNS,2222.406849944162,1,0,0,Normal
32.493553197527945,26.703338557607896,192.70231989537464,Low,HTTP,581.7880131581366,1,0,0,Normal
63.13025474315509,49.842820148078516,622.7848624386102,High,HTTPS,2331.0533369108175,0,0,0,Normal
67.47294448388857,56.830432923663324,551.0283226944264,High,HTTPS,2676.4521622507377,1,0,0,Normal
69.30544048896991,49.585565633448425,686.3481428392136,High,HTTPS,2336.196709370941,1,0,0,Normal
67.0687690662453,50.68380191640694,555.1438124890108,High,HTTPS,2628.8565383833325,1,0,0,Normal
66.54126061817806,49.05549103138291,660.572275330153,High,HTTPS,2436.8336408723917,0,0,0,Normal
56.85705222098477,50.86449541882164,320.1639389312567,Medium,HTTPS,1207.2696935395165,0,0,0,Normal
72.68098209601703,60.082914007311864,668.9021457086379,High,DNS,2652.273560746924,1,0,0,Normal
34.639277740425314,31.041276755317156,221.3056077128104,Low,HTTP,1034.3568900714788,0,0,0,Normal
46.709700902720215,38.81993311226015,440.8567780284289,Medium,HTTP,1878.018923566677,0,0,0,Normal
51.16574246858363,45.90029270027206,642.5924566089689,Medium,FTP,3128.349871416869,2,0,0,Attack
98.38093129306799,71.34991658401239,1062.0772346179774,Critical,FTP,3829.2880223136913,4,0,0,Attack
67.99987125079497,59.03276180679302,403.7052327124134,High,HTTPS,1633.522088932919,0,0,0,Normal
88.83883366099326,67.12258312532826,676.8324281265485,Critical,DNS,3008.274196498718,0,0,0,Normal
79.32679312018081,69.61156899572595,909.2566307382734,High,SSH,3741.2102390504256,4,0,1,Attack
89.12709843967605,75.402137342011,576.0313043626157,Critical,DNS,1861.7962260272093,1,0,0,Normal
37.572396336036036,31.95554190389006,294.4541676124763,Low,HTTP,1160.076583991408,1,0,0,Normal
80.43914813781157,59.32178965892949,413.0387071889295,Critical,DNS,2052.101611667444,1,0,0,Normal
46.66635870569735,37.55457491737414,257.9611336262867,Medium,HTTP,930.3900356756092,0,0,0,Normal
83.25872857458307,71.40583853295891,616.5056766617819,Critical,DNS,1922.6597047201433,1,0,0,Normal
73.8020601883909,55.98043366021222,372.53476979689174,High,DNS,1438.526603185785,1,0,0,Normal
75.15174718766502,61.13438709917768,515.3439344186384,High,DNS,2435.038683645029,0,0,0,Normal
41.242234778383136,29.091937744106936,397.6983822080429,Medium,HTTP,1402.9477749269945,0,0,0,Normal
61.42386052153597,44.29342162311323,369.1277862758098,High,HTTPS,1417.8161704849108,0,0,0,Normal
77.29136063731858,61.538445272250705,721.7953012782061,High,DNS,3507.595861420975,1,0,0,Normal
47.55638603033731,33.38031375649214,319.6946585000162,Medium,HTTP,1406.9588349016663,1,0,0,Normal
64.04377564176684,49.58878282963705,443.6289897942744,High,HTTPS,2175.2970430472656,1,0,0,Normal
41.61756558853085,36.86149050512019,508.5021123094417,Medium,SSH,2363.7734918749493,4,1,0,Attack
36.33330067677889,26.900475098368826,333.7108920655263,Low,HTTP,1071.3031166003861,0,0,0,Normal
68.85636673293902,60.1491444473009,761.1673035312715,High,FTP,3772.859393435555,4,0,0,Attack
30.573068368976237,23.5075513536922,295.66652475449723,Low,HTTP,1285.9580642346177,0,0,0,Normal
52.288535455882084,40.63230184502209,340.5905772906714,Medium,HTTPS,1224.684178700693,0,0,0,Normal
85.71585807949305,68.27366194193948,652.7956450013323,Critical,DNS,1961.0435342114915,1,0,0,Normal
42.11421421088744,36.529383756528155,362.67041136464877,Medium,HTTP,1379.987331874669,0,0,0,Normal
82.06354169364204,67.7839093028383,638.9839104650971,Critical,DNS,2922.7145323746063,1,0,0,Normal
50.66920601479069,44.935106134735825,282.7480347378957,Medium,HTTPS,1144.4222353446673,0,0,0,Normal
53.12357952330785,40.40298111256214,390.42545777602754,Medium,HTTPS,1867.758682772751,0,0,0,Normal
58.95343337269878,47.435841369151184,584.8627746687016,Medium,HTTPS,2913.7343444516946,1,0,0,Normal
90.21654047923221,76.18459015731275,787.9200522221283,Critical,FTP,2534.7610349807514,1,0,1,Attack
67.79789381704177,55.015151458521274,359.0984457049194,High,HTTPS,1782.909368930469,0,0,0,Normal
86.04979435607675,62.23215314860049,615.5692400093445,Critical,DNS,2136.3821408231634,1,0,0,Normal
48.16411172840162,38.24111332130345,448.5373078586379,Medium,HTTP,1698.38247492228,0,0,0,Normal
61.38971382344607,55.0561578971381,387.9320063962869,High,HTTPS,1899.9911707362858,1,0,0,Normal
73.339098637407,55.78689807616501,520.8891318191615,High,DNS,1745.360575933933,0,0,0,Normal
63.437436007898214,45.15883148677559,612.0989027355417,High,HTTPS,2911.4174263817463,0,0,0,Normal
36.96328369274852,29.05852264952434,314.27530248597134,Low,HTTP,1245.4546629795454,0,0,0,Normal
58.19257917770301,50.77346113010583,567.8744661454274,Medium,HTTPS,2236.332679767257,1,0,0,Normal
89.04910188444774,67.0332056404171,812.239743468816,Critical,DNS,3889.9317315879625,0,0,0,Normal
48.20118782197824,37.79450362284717,266.344478080854,Medium,HTTP,935.3681631663472,1,0,0,Normal
33.5592214720964,29.731939160653333,331.9573810579029,Low,HTTP,1105.1087910141537,0,0,0,Normal
55.843678481614916,46.9139711007611,467.600469648282,Medium,HTTPS,2021.4053410418978,1,0,0,Normal
81.75224666563736,72.7874179256703,530.524352383217,Critical,DNS,1919.9211239922913,0,0,0,Normal
55.83003384155745,48.2846203892857,479.7181801343061,Medium,SSH,2258.3417944241537,2,0,0,Attack
55.22970281832386,39.82212433034897,387.3083482355569,Medium,HTTPS,1251.2049420499595,1,0,0,Normal
85.78631317810505,76.83601772115003,766.5014217766403,Critical,DNS,2640.6972437498935,0,0,0,Normal
72.02837121236371,60.13902918573974,548.7658759764224,High,DNS,1902.4818407767618,0,0,0,Normal
87.10245000373106,66.16098694184863,823.9687039244403,Critical,DNS,3520.6356908732946,0,0,0,Normal
79.4550839409203,55.65089358113348,790.9577001611522,High,DNS,2813.401665857906,1,0,0,Normal
36.30819449459523,28.338810269111253,201.24072859377313,Low,HTTP,830.0891133381161,1,0,0,Normal
98.70026770457116,84.62564236759859,1178.356499198913,Critical,FTP,4703.946985525098,0,0,1,Attack
70.48058774686069,56.71924213963805,435.3197826321657,High,DNS,2016.1091415803244,0,0,0,Normal
47.87299417759641,42.051187990744914,333.4941673602774,Medium,HTTP,1249.2702316072173,1,0,0,Normal
30.122087175113847,27.055390891398346,293.5203670437283,Low,HTTP,1177.6445849489849,1,0,0,Normal
54.152185176790226,39.08178480373717,318.2433666537657,Medium,HTTPS,1300.5130851682093,1,0,0,Normal
77.22009981036535,69.22750952318157,725.1834838221158,High,DNS,2258.3545346148244,0,0,0,Normal
61.42495381856861,45.88800163136985,454.99637390115345,High,HTTPS,1664.0680757394666,0,0,0,Normal
83.51717944408847,65.03057652584398,613.4495048168476,Critical,DNS,1857.833890222941,0,0,0,Normal
89.45733276163082,79.59683337641482,847.4164140970466,Critical,DNS,3747.362307690706,1,0,0,Normal
46.510846290766494,34.18888280996824,492.073426921652,Medium,SSH,2448.11101244209,4,0,0,Attack
88.94879581814166,77.88756250823056,517.919549503188,Critical,DNS,1759.683328306845,0,0,0,Normal
44.11739258401212,35.13042196948215,366.4978114852203,Medium,HTTP,1423.575778733713,0,0,0,Normal
63.59472970245406,50.48197834253816,616.3725554869391,High,FTP,2894.712457751459,4,0,1,Attack
96.93228241616453,85.19516258153412,1098.4756760945274,Critical,SSH,4628.5126770440675,0,1,1,Attack
50.5219999410474,37.95148817662341,481.7250380775254,Medium,SSH,2086.9048793785837,2,0,0,Attack
82.69348041812918,60.606616514786545,505.4908285259752,Critical,DNS,1758.6935195692379,1,0,0,Normal
58.8882473227568,49.01229168027631,363.1692677596073,Medium,HTTPS,1448.4926413939088,1,0,0,Normal
58.14227332390146,44.29808835367794,475.7169425002219,Medium,HTTPS,1627.9028574626393,0,0,0,Normal
83.67426967961364,72.86056445403396,534.8785458537756,Critical,DNS,2270.9466324572354,0,0,0,Normal
45.35621048795292,32.794870329825024,354.3291149706681,Medium,HTTP,1665.5874137702406,1,0,0,Normal
49.87204870929418,37.13038990553618,573.0374054511894,Medium,FTP,1764.9211521061436,3,0,0,Attack
69.68797973378969,52.03487852272788,632.6499575994104,High,HTTPS,2402.5948424733133,1,0,0,Normal
58.56737011416939,48.451487516943494,602.06547029731,Medium,SSH,2894.9822716539747,0,0,0,Attack
81.22928135380789,61.3846097761897,611.6847663014324,Critical,DNS,1871.8839645569685,1,0,0,Normal
36.915412312955596,29.993242510072506,284.8519047133959,Low,HTTP,1173.766166219976,1,0,0,Normal
43.35390784908668,34.64825124939482,229.1453057598145,Medium,HTTP,940.9027555408594,0,0,0,Normal
44.005109869031,37.982258176967875,292.3393247222337,Medium,HTTP,1267.0083360021738,0,0,0,Normal
68.1833523811656,52.81484684901615,345.7753995298101,High,HTTPS,1303.92194188616,1,0,0,Normal
56.70867728898884,45.43578190567003,685.1572765750618,Medium,SSH,2318.5377044861834,4,0,0,Attack
63.74569290301224,51.548186265414245,633.487628123782,High,HTTPS,2812.3367579984897,1,0,0,Normal
59.75867206714611,42.51341666159206,358.19344198133575,Medium,HTTPS,1611.3801836609982,0,0,0,Normal
78.9398705514759,60.44679775317476,569.2093873579541,High,DNS,2759.542029298479,1,0,0,Normal
52.38009721389972,36.815368958050406,484.0403117585398,Medium,HTTPS,1478.7245476258267,1,0,0,Normal
60.3641774650896,50.839329452453526,484.96244527974824,High,HTTPS,2404.400282770219,1,0,0,Normal
72.59609042375814,65.15566557131389,804.7525647127143,High,SSH,3456.730322036649,4,0,1,Attack
33.42550892273721,24.72685362177846,207.169622906978,Low,HTTP,768.1831670670355,1,0,0,Normal
49.71964862961613,39.20030424638424,371.4651925223342,Medium,HTTP,1169.5664352957288,0,0,0,Normal
40.8551009806888,35.52910002345337,447.37752484133426,Medium,FTP,2067.899514355771,3,0,0,Attack
72.6630772788485,59.68238354016451,589.6107187139643,High,DNS,2746.663138516997,0,0,0,Normal
89.25278699301998,74.3667563875243,825.7397761772709,Critical,DNS,3989.0388667939037,0,0,0,Normal
41.92799229116645,31.358699630620027,218.0193302667925,Medium,HTTP,655.5471881465863,1,0,0,Normal
56.528044707665686,45.15730425666295,395.36683113795493,Medium,HTTPS,1804.5891637771517,1,0,0,Normal
80.8910454553552,60.03732509872758,770.1672258014493,Critical,DNS,3589.97354903152,0,0,0,Normal
66.40733275497041,54.757653166829705,342.032661701364,High,HTTPS,1581.105334088858,1,0,0,Normal
69.96448478412276,60.87385203356992,545.8312485758329,High,HTTPS,2570.405301856293,0,0,0,Normal
44.37539636659494,31.417516896278663,344.590508260476,Medium,HTTP,1695.3110335349647,0,0,0,Normal
59.654340550041525,46.516477473856845,497.22387825954155,Medium,HTTPS,1641.8050483546435,1,0,0,Normal
52.659967221698025,46.38509880320455,564.8030309753049,Medium,SSH,2527.893277766396,0,0,1,Attack
67.37171737739118,47.56584866089119,401.5269498014834,High,HTTPS,1411.1825388360962,1,0,0,Normal
81.02036864016554,65.7935543678368,696.6638016143663,Critical,DNS,2459.434084587385,0,0,0,Normal
32.39821704395581,26.26244901424592,283.3735301584686,Low,HTTP,1336.295870392307,0,0,0,Normal
63.93005627898674,53.27952108487983,815.011330535652,High,SSH,3788.9900850286904,4,0,0,Attack
84.25253138455446,65.47271305106948,432.83928406532976,Critical,DNS,1676.2666449402554,0,0,0,Normal
31.806306173457415,23.485616232645903,314.7162637764888,Low,HTTP,1335.2991023523368,0,0,0,Normal
63.618569523096085,53.69057473398399,524.1208252260934,High,HTTPS,1933.093659460554,1,0,0,Normal
63.18420651310589,53.6979267042921,427.75570971105645,High,HTTPS,1566.7576620391292,1,0,0,Normal
80.02099569115671,70.80278672831605,629.817230488135,Critical,FTP,2827.6056595388904,1,0,0,Attack
53.13025249852217,37.48318892382016,481.13024068903024,Medium,HTTPS,1472.7643084757444,0,0,0,Normal
51.51848854657146,46.149799708885794,671.1925888421983,Medium,FTP,3111.9591080943865,1,0,1,Attack
83.18350508254753,69.00400506809981,996.6623189695922,Critical,FTP,3317.2929196114424,1,0,1,Attack
84.95893515646458,65.4862736202523,626.2454716890081,Critical,SSH,2080.863713132232,1,0,0,Attack
95.44078632156015,68.22605875417948,1050.4588456616011,Critical,SSH,5056.12026008684,3,0,1,Attack
31.648846906173276,27.28848892495389,289.6890949108469,Low,HTTP,957.2290900807508,0,0,0,Normal
88.73730777544552,76.83262009263323,803.6657415907418,Critical,DNS,2549.9691471639003,0,0,0,Normal
68.86185668525286,60.81098837062599,638.5486753893284,High,HTTPS,3016.88011813701,1,0,0,Normal
51.23974011556129,35.902817768722024,502.12184480356444,Medium,HTTPS,2487.9356365056756,0,0,0,Normal
34.455668431874074,29.509010484683216,198.287486857066,Low,HTTP,723.2238565198662,1,0,0,Normal
78.66808676335495,68.13671909419969,683.5681883301089,High,DNS,2442.9916177526347,1,0,0,Normal
79.75304644263815,68.76844830682604,501.3555698014642,High,DNS,1866.0332511356826,0,0,0,Normal
84.92600387718994,73.9633941105662,537.2212376308811,Critical,DNS,1947.9396155055576,0,0,0,Normal
30.204917244409444,26.942135197219862,280.57871296030936,Low,HTTP,1051.4217882550902,1,0,0,Normal
86.93023958912818,63.47596796498027,993.0217531182768,Critical,SSH,4198.391768673075,1,0,1,Attack
79.83872964585316,67.66897360482737,573.3863847035094,High,DNS,1879.9193518653728,1,0,0,Normal
78.68020611458633,59.1245558541136,637.8735176614995,High,DNS,2169.999087997069,0,0,0,Normal
81.27472411461895,61.202327266365394,546.2188911211451,Critical,DNS,2479.0510533546003,0,0,0,Normal
87.59353431640193,76.34362821830153,583.0968724245123,Critical,DNS,1817.34641726778,0,0,0,Normal
39.05829869443551,33.78153408738464,340.74122131633135,Low,HTTP,1465.9839550262345,1,0,0,Normal
74.27123116183793,58.47168288172267,382.69202831163847,High,DNS,1909.3392907949456,1,0,0,Normal
45.43620094744256,37.45245400874433,413.06757508240844,Medium,HTTP,1266.7396878300415,1,0,0,Normal
45.909080343553796,35.296092717576066,267.2369935755207,Medium,HTTP,1012.9146104828351,1,0,0,Normal
91.47008046005794,70.09113831554308,731.1577232831233,Critical,FTP,3148.0069398220003,4,0,1,Attack
79.47008868717603,67.4666516921112,757.5981419212135,High,DNS,2858.845840882097,1,0,0,Normal
56.181689600562095,39.670178768969194,323.65323258145196,Medium,HTTPS,1367.5887271338045,1,0,0,Normal
67.28599593130639,58.11129645610076,365.5181431824007,High,HTTPS,1383.3360191521222,1,0,0,Normal
50.647787671478,37.11673517108287,471.60549605416037,Medium,HTTPS,1823.9890324620264,1,0,0,Normal
49.882179931446444,36.52752565771142,493.19065627778394,Medium,HTTP,1497.6624730203796,0,0,0,Normal
74.68696262949379,65.82348180226329,494.30631813051536,High,DNS,2050.0659975602152,1,0,0,Normal
31.831536489989958,23.25081263847411,204.82649738214698,Low,HTTP,886.6016072062464,0,0,0,Normal
79.09386783288937,56.73341874571405,538.2289669419933,High,DNS,2307.2606497324286,0,0,0,Normal
39.852061921264976,34.76928654610263,261.62422578664075,Low,HTTP,1246.5265910859337,0,0,0,Normal
39.68281483234023,35.535343420577725,272.55473783965954,Low,HTTP,1268.5656242462933,0,0,0,Normal
84.39747775846627,64.54170478467219,681.0655047231857,Critical,DNS,2878.534211786053,1,0,0,Normal
49.129974883107934,37.21046017887458,479.8720617241662,Medium,SSH,2321.436772473738,2,0,0,Attack
35.18767623900203,27.17183810868957,211.29556657294017,Low,HTTP,883.5880039528695,1,0,0,Normal
81.73767330881674,62.332775498295184,723.0855908019699,Critical,DNS,3006.849057963082,1,0,0,Normal
88.64533353327715,68.67648918972066,469.0921343438146,Critical,DNS,1672.1101117316236,0,0,0,Normal
49.42049868853246,40.66266772307279,408.00799526662394,Medium,HTTP,1962.8164530993856,1,0,0,Normal
47.21644129112974,34.36708042749406,470.89333921666906,Medium,HTTP,1737.3406636049813,1,0,0,Normal
51.65927119596745,38.23781498665106,266.90596070186797,Medium,HTTPS,1015.1887187732212,0,0,0,Normal
58.77862670298782,50.18852443521526,610.0284329888475,Medium,SSH,2363.9498455038206,4,0,0,Attack
52.41998124110978,37.30580352013589,433.18693955893787,Medium,HTTPS,1477.383963093123,1,0,0,Normal
66.83685192663688,55.49021454350695,463.4408849013525,High,HTTPS,2280.126120351463,1,0,0,Normal
48.358771782004624,43.47082158768027,589.9500549827388,Medium,SSH,2377.0805462494686,0,0,0,Attack
42.057807445235085,29.720841677840504,292.7842915617672,Medium,HTTP,1222.0205862811347,0,0,0,Normal
76.15701106196866,59.32877397610677,545.9726869383755,High,DNS,2589.6923930357116,0,0,0,Normal
33.50143191702955,27.82464801219432,170.5792868986521,Low,HTTP,570.0847026893871,1,0,0,Normal
69.07014443655498,53.69212581085351,543.4714357545663,High,HTTPS,2528.439829095448,0,0,0,Normal
99.67695819679648,81.98903536526933,1029.4491922444547,Critical,FTP,4156.258777865916,0,0,1,Attack
31.999936396168778,24.91063594506448,262.9406108228019,Low,HTTP,874.0338764524487,0,0,0,Normal
63.709699798346264,50.1243462976791,799.5988505578141,High,FTP,3755.8364385505906,1,0,1,Attack
69.16530207818141,48.669413582071755,631.8858587591203,High,HTTPS,2736.283679612985,0,0,0,Normal
53.20695033513175,43.349615154180455,429.1826834161193,Medium,HTTPS,1959.4906491207596,0,0,0,Normal
76.76425780387945,63.933491134708675,936.4793634296071,High,SSH,2874.583595975384,1,0,0,Attack
53.53767616907135,44.36540965223965,425.8605065305215,Medium,HTTPS,1595.045507743695,0,0,0,Normal
56.028484467824455,49.10654999347628,442.39508979188156,Medium,HTTPS,1461.948705807376,0,0,0,Normal
31.100416479312116,26.915394414991646,199.3977162993646,Low,HTTP,969.4772082447954,1,0,0,Normal
74.42078458436299,61.22237706384791,908.9938595118932,High,SSH,3257.751908280617,4,0,1,Attack
79.85648124697036,70.57409178236911,736.9264044938895,High,SSH,2289.2994850456494,3,1,0,Attack
68.60292504366953,56.129288082519174,480.8283957807473,High,HTTPS,1724.8382250419413,1,0,0,Normal
92.937060282311,75.82138486789547,868.0192726701974,Critical,SSH,3168.636820112948,2,0,0,Attack
79.63055285348673,60.23706132110732,479.8735758091765,High,DNS,1797.1696165296162,0,0,0,Normal
66.79547819512663,58.851694815980146,654.5945933198471,High,HTTPS,2173.738708390596,0,0,0,Normal
85.12848054539063,65.459177923607,644.6973857063438,Critical,DNS,2366.109963948078,0,0,0,Normal
65.45289306595805,51.076456858095625,519.3345885023574,High,HTTPS,1598.666212756816,1,0,0,Normal
64.75075272741378,50.99216953982915,605.9478454669834,High,HTTPS,2196.4956127462524,0,0,0,Normal
46.93699527091667,34.78265932404289,274.8221098909914,Medium,HTTP,1342.066094468329,0,0,0,Normal
84.32191103142941,75.21508944874971,769.9407790912721,Critical,DNS,3648.949359163344,0,0,0,Normal
50.68370598499314,40.6954232839392,384.86187298659775,Medium,HTTPS,1768.2114375156873,1,0,0,Normal
54.10633723993669,44.225391921117854,314.3677407965523,Medium,HTTPS,1284.8504837267346,0,0,0,Normal
66.25440967996838,57.927977098044195,812.3813713887814,High,FTP,3225.672292953269,3,0,1,Attack
42.31499347122735,31.067884666212123,352.3088023569853,Medium,HTTP,1238.9582571382025,1,0,0,Normal
87.5998036407691,75.7947464525356,780.8718902555124,Critical,DNS,2821.2705650304088,1,0,0,Normal
60.878735047444934,48.93044156029889,314.98113753244206,High,HTTPS,1039.9558146499542,0,0,0,Normal
75.2137448798203,55.08709842516852,716.2417097267121,High,FTP,3452.734992083397,1,0,0,Attack
82.29790912570024,71.5757332157814,474.16400393986714,Critical,DNS,1529.4846948819027,0,0,0,Normal
40.261534630772076,33.5392468005279,388.72789905552105,Medium,HTTP,1433.4174599417247,0,0,0,Normal
89.57163133614813,76.72377268065158,778.6125171271581,Critical,SSH,2883.69896078932,4,0,1,Attack
61.120852078311145,43.20977921613921,321.88548560666703,High,HTTPS,1517.863792701466,0,0,0,Normal
39.722200429678196,30.766690248517104,256.925382361026,Low,HTTP,965.7031891847876,1,0,0,Normal
80.91452617511095,59.10500571707338,536.1441405236076,Critical,DNS,2367.267255530346,0,0,0,Normal
79.91034575388767,70.81676928908571,748.4026803137463,High,FTP,3041.59173278563,3,0,0,Attack
76.96899186546943,58.37258838329438,446.5626214629591,High,DNS,2142.516859184607,0,0,0,Normal
42.08692817686824,29.90929030207841,480.9417610086974,Medium,FTP,1685.5247474328005,2,0,0,Attack
52.36394194464083,39.729685510315264,272.06958559442654,Medium,HTTPS,1017.1484883887024,0,0,0,Normal
39.13867080860655,29.94273559032395,256.8369783579806,Low,HTTP,980.9192943069155,0,0,0,Normal
85.86082923677168,66.49998296060049,833.5797067975493,Critical,DNS,3050.4186501899267,0,0,0,Normal
47.51729093186441,34.786175118621415,444.1987358303089,Medium,HTTP,2218.2260128463645,0,0,0,Normal
43.19653106816986,33.132212090373216,588.1646029171677,Medium,SSH,2049.450415456036,2,0,0,Attack
47.61666158929074,33.70448826856852,367.4927668410112,Medium,HTTP,1494.2133514058917,0,0,0,Normal
49.51266590080195,37.75287395466401,367.7105092790136,Medium,HTTP,1432.1051447129703,1,0,0,Normal
52.35269290453289,46.50698746253652,329.3877864361301,Medium,HTTPS,1431.460498875769,0,0,0,Normal
39.62221185021917,34.62688019970371,258.8296158425671,Low,HTTP,790.3229109380806,1,0,0,Normal
50.10328332675272,43.060792487717585,288.2998958040667,Medium,HTTPS,1166.6952905214553,0,0,0,Normal
32.348916179471416,26.160872352574813,308.9829544080152,Low,HTTP,1035.6248150747494,0,0,0,Normal
48.746765708201565,38.85428200841372,271.23247463388634,Medium,HTTP,1002.9872307097562,1,0,0,Normal
96.50197849809047,72.53747486853919,848.3623235350859,Critical,FTP,2670.387713910758,3,0,0,Attack
82.17779308182799,62.561747874469056,555.4475248642145,Critical,DNS,2135.5431457640434,1,0,0,Normal
87.83215966243006,64.13192262441898,1015.8596948195033,Critical,FTP,4007.271975657577,3,0,0,Attack
62.61281775965472,55.22843867254838,431.82358281347354,High,HTTPS,1716.0413701317793,0,0,0,Normal
59.11913812495186,42.717389811314135,504.78225992618496,Medium,HTTPS,2478.2266425821,0,0,0,Normal
45.50047987868311,34.978298810357614,348.5463276810797,Medium,HTTP,1314.2514574231666,0,0,0,Normal
48.3892479766655,37.27732529276728,459.43136651998446,Medium,HTTP,1979.9106745746792,1,0,0,Normal
39.04934207777842,34.033609192259554,244.51075427143078,Low,HTTP,921.9523717277058,1,0,0,Normal
84.6188463417252,65.6531503553445,579.3344839543652,Critical,DNS,2052.626607800499,1,0,0,Normal
36.76934660834377,30.942714213185276,259.15304153545566,Low,HTTP,1266.8435298866552,0,0,0,Normal
50.6237136638083,40.82352575332613,336.5743521403015,Medium,HTTPS,1459.785819418601,1,0,0,Normal
51.10914212229545,44.964786337263185,510.29530768677944,Medium,HTTPS,2267.538252530641,1,0,0,Normal
91.46619160295813,68.64202722944421,768.115827837347,Critical,FTP,3392.906118461201,1,0,1,Attack
52.76073780376464,40.829213872023935,404.40666255378665,Medium,HTTPS,1395.5765468678117,0,0,0,Normal
72.46068043670675,56.658667027554834,524.3714660749757,High,DNS,1652.8333616798739,1,0,0,Normal
61.92333670600419,47.42968733130099,517.9610663868068,High,HTTPS,1925.3607193610912,0,0,0,Normal
83.93391360201349,75.4882255903811,430.88492950639073,Critical,DNS,1936.6504168407869,1,0,0,Normal
55.13901374863053,41.26870912290872,619.9954322821909,Medium,FTP,3013.040061812947,3,0,0,Attack
52.15680203647935,42.06950282542186,306.6456833421904,Medium,HTTPS,1339.872221986844,0,0,0,Normal
64.57687680856907,50.98120880752722,635.5529034731248,High,SSH,2163.4308145048103,0,0,0,Attack
49.78261437921901,41.54768095952185,267.29495429574774,Medium,HTTP,1221.7091876803656,0,0,0,Normal
99.81307918627863,70.40264170172192,909.851976428024,Critical,SSH,4394.878481782424,4,1,1,Attack
54.5345336301034,43.88291041774622,601.4709769045762,Medium,SSH,2190.3729539124947,2,0,0,Attack
61.9790009134249,45.56523542962784,460.80470463570464,High,HTTPS,1672.2887656438634,1,0,0,Normal
56.83961501570593,43.7544973075927,555.535662948379,Medium,HTTPS,2421.2495057975298,0,0,0,Normal
80.37464269975317,57.44936089108287,756.7280343530098,Critical,FTP,2875.448346982268,0,0,0,Attack
31.603456006996566,24.79204305696138,261.4775808932765,Low,HTTP,1255.2865102128062,1,0,0,Normal
61.404340497683734,48.783968276488864,425.31724084627626,High,HTTPS,1887.500032872052,1,0,0,Normal
40.55164535457152,32.33564209012668,257.8148779531223,Medium,HTTP,820.9573370432519,1,0,0,Normal
50.93663088060566,45.38197248868015,495.15489132335625,Medium,HTTPS,1682.1541871738336,0,0,0,Normal
34.430916124965734,26.755111670316264,287.255992431784,Low,HTTP,1015.4457460262246,1,0,0,Normal
55.3417586811338,45.98612838056904,476.4344955400096,Medium,HTTPS,2262.6161861794235,1,0,0,Normal
68.34130233022734,53.10529578948182,783.8363834723478,High,FTP,3055.4921012115888,3,0,0,Attack
59.21822511067148,44.66876238805174,362.8483823780944,Medium,HTTPS,1723.3524180436502,0,0,0,Normal
87.28488930719323,77.58229433103608,469.5987387649711,Critical,DNS,1675.5630931326177,0,0,0,Normal
53.11995161449886,44.28709565915131,360.84276560482783,Medium,HTTPS,1108.4727838052172,1,0,0,Normal
79.28442541298864,66.94444243393086,892.6660884077506,High,SSH,4115.259679604818,2,0,1,Attack
63.11801492840459,53.1275713113998,809.0537880862681,High,SSH,3292.1424541370493,0,1,1,Attack
46.2923059813329,34.492044097998196,389.94873948377983,Medium,HTTP,1944.6424931129898,0,0,0,Normal
86.65197703805461,61.97373359909501,520.7813580119491,Critical,DNS,1816.3963555109206,0,0,0,Normal
80.11560240425752,61.826748395038805,915.1600696341941,Critical,FTP,4088.242354697815,4,0,1,Attack
83.30741347454023,70.76621902512412,997.7356525373721,Critical,SSH,4917.407905035774,3,0,0,Attack
72.51540961005958,64.24704190172515,478.9087176156565,High,DNS,2177.7194723312705,0,0,0,Normal
43.52771178804687,36.43028996728532,286.09261425111,Medium,HTTP,896.7568281005736,1,0,0,Normal
34.56082959957712,25.588885714414292,290.1731720609326,Low,HTTP,1125.3507743787677,1,0,0,Normal
51.51575925148336,44.15230611342985,360.59020081090216,Medium,HTTPS,1591.480429890738,0,0,0,Normal
74.83765276214399,66.08406097214207,711.0966006172566,High,DNS,2756.1012532276295,0,0,0,Normal
85.79333515677718,65.56063725922874,737.3645263423484,Critical,DNS,2447.810488631936,1,0,0,Normal
81.08342573585105,61.859046849699936,642.7742894713931,Critical,SSH,2018.9754987088993,0,0,0,Attack
42.12041213322664,35.20594705584202,252.43060514584474,Medium,HTTP,953.6236647785776,1,0,0,Normal
77.11921995301964,60.15178713805578,488.74024610923294,High,DNS,2267.661670422846,1,0,0,Normal
84.90967527606699,74.72681796869858,795.8287485268405,Critical,DNS,3651.500480681248,1,0,0,Normal
49.25080534318113,41.55715928764524,356.8374597051564,Medium,HTTP,1298.8151608549174,0,0,0,Normal
48.87185496289021,35.11095787635597,458.1139060872933,Medium,HTTP,2149.861523286417,0,0,0,Normal
70.75215511533315,52.336984088823115,454.24194115269086,High,DNS,2088.4803994448835,1,0,0,Normal
53.99531468821806,40.68539091067857,279.68219090816734,Medium,HTTPS,1044.4530209282889,0,0,0,Normal
84.02227211117861,73.51159319205344,758.31724521504,Critical,DNS,2671.173273644208,1,0,0,Normal
73.13591725906008,57.763660706749185,561.1585097968658,High,DNS,2789.8643092301186,1,0,0,Normal
35.528699921560474,31.085875416794423,354.12505702505456,Low,HTTP,1151.7475732172272,1,0,0,Normal
41.916847635984595,31.72298085862715,260.7048793584834,Medium,HTTP,1237.4199382756594,0,0,0,Normal
46.04956270153707,32.565788870474094,399.16255224504096,Medium,HTTP,1630.9283489487855,1,0,0,Normal
82.47181138394808,71.00886719142835,809.990276163943,Critical,DNS,3475.6808316595993,0,0,0,Normal
56.94374613012769,45.94863081594854,504.98479554349854,Medium,HTTPS,1974.9741223715625,0,0,0,Normal
82.48533286125166,74.12889448592856,440.16201779344027,Critical,DNS,1644.4466200312063,1,0,0,Normal
47.04222274143831,35.224412259246,338.4927913722318,Medium,HTTP,1535.691101704469,1,0,0,Normal
32.156991032970836,27.228105510773673,274.4231954312649,Low,HTTP,839.927311306187,1,0,0,Normal
88.30231930100126,78.84132531864832,834.859784346057,Critical,FTP,3921.9229073229567,1,0,1,Attack
62.07380408875906,53.05605561024198,359.97760868102074,High,HTTPS,1686.060923067559,1,0,0,Normal
89.60754808598722,63.93049042123547,479.63187876633293,Critical,DNS,2091.9943501582075,1,0,0,Normal
44.634871865127934,35.16426288052642,309.96303272479037,Medium,HTTP,1006.7612626472766,1,0,0,Normal
74.0172880247701,62.274765057214864,673.5220829728161,High,DNS,3176.830159346139,1,0,0,Normal
87.85703685731278,69.19485340787124,788.1433571251991,Critical,DNS,2503.042434302024,0,0,0,Normal
76.41761314182077,55.9352082591778,504.31706086968813,High,DNS,1854.610001310749,0,0,0,Normal
44.034950582135934,31.44550519713134,606.5365716414994,Medium,FTP,2889.532807997673,3,1,1,Attack
66.34612184021535,51.60245863162065,796.7380708762697,High,SSH,3775.258048397105,3,0,0,Attack
72.40629609277676,62.557660980411775,494.97451895084635,High,DNS,2017.7074031384486,1,0,0,Normal
56.27539426437579,48.330992852416855,354.8868493037948,Medium,HTTPS,1222.690625016179,1,0,0,Normal
39.590246120496886,30.24613598343006,393.0930814970689,Low,HTTP,1928.8796188267825,1,0,0,Normal
34.23100138476002,29.756508585288834,192.7526513208461,Low,HTTP,937.2907553946861,1,0,0,Normal
53.332968983013416,45.854230296257754,499.52185466045444,Medium,HTTPS,2249.0259148272917,0,0,0,Normal
79.19428705587052,61.252251580366206,610.9592040955997,High,DNS,2821.0304847276557,0,0,0,Normal
77.64897865679814,58.41145215461098,638.8599812259225,High,DNS,2540.26717859612,0,0,0,Normal
59.19384657048795,53.10644275954803,630.7769433872986,Medium,FTP,2146.708416120722,2,0,0,Attack
80.78560995767475,58.58875587479474,552.5741784930059,Critical,DNS,2359.2813802677424,1,0,0,Normal
77.93180749526073,68.16258396955683,689.082830067302,High,DNS,2985.528930075192,1,0,0,Normal
52.032841726904735,42.07310613716391,268.0603047329055,Medium,HTTPS,1152.7976619709216,1,0,0,Normal
45.67503075391869,37.86923880447012,422.2316900547088,Medium,HTTP,1848.1648129736234,1,0,0,Normal
89.14846307365224,70.52497111906496,821.0114083090715,Critical,DNS,3543.365263154703,1,0,0,Normal
37.571257698582485,29.065136236124275,315.75510614516554,Low,HTTP,1285.6874674883961,0,0,0,Normal
82.39318512034515,70.33782821517224,463.0505857815198,Critical,DNS,1412.7648661740661,1,0,0,Normal
72.57625419337273,51.24392206752975,874.3681011663504,High,SSH,3123.854942018235,0,0,0,Attack
78.73046506632818,68.47741638945797,628.2685398136931,High,FTP,2333.9322951321456,1,0,0,Attack
57.32872790234978,49.78308569191415,383.73962818903976,Medium,HTTPS,1504.2677135715915,1,0,0,Normal
52.08009007285,43.5476350148387,490.07205494479035,Medium,HTTPS,2433.375838767104,1,0,0,Normal
76.10550719371531,55.16130432749212,711.2807265709268,High,DNS,3214.122925828921,0,0,0,Normal
41.8210259143234,36.4543109379874,521.6440896047727,Medium,SSH,2176.1080217010026,0,0,0,Attack
80.93107540429628,58.07510394045225,494.7513055646564,Critical,DNS,2317.115418400562,1,0,0,Normal
80.51381661587669,61.81422742716525,786.4042986763864,Critical,DNS,3147.113962591024,1,0,0,Normal
70.84999826569401,62.09285181461823,684.1737716822489,High,DNS,2376.984712714646,1,0,0,Normal
37.440128953167005,32.716655843846304,327.8217809972489,Low,HTTP,1366.532531738587,0,0,0,Normal
91.50227169942809,73.90077037836022,1027.4960972838296,Critical,FTP,3273.097216553089,0,0,1,Attack
35.27616054896498,26.264149506713323,262.47670669040104,Low,HTTP,918.2157489499563,1,0,0,Normal
50.32404881043476,44.8232701266243,302.3565232800137,Medium,HTTPS,1257.429485117971,1,0,0,Normal
82.91963303272496,73.48885785282621,677.7890824418912,Critical,DNS,3151.913725427629,0,0,0,Normal
82.1517881370346,69.84838631380725,684.4502041124055,Critical,DNS,2200.495171417206,1,0,0,Normal
62.291592347937694,53.67902889231495,513.9860119066805,High,HTTPS,1695.658042890979,0,0,0,Normal
43.358912347539444,34.584153670951096,366.0721752202177,Medium,HTTP,1573.061716612567,1,0,0,Normal
87.20785302153672,64.56238582840487,722.921242151053,Critical,DNS,3525.512953953116,1,0,0,Normal
95.87982302269666,79.28896354856468,936.3059325066047,Critical,FTP,4300.544446341052,4,0,0,Attack
85.07072176187648,70.88613653382122,636.198990895324,Critical,SSH,2328.948689289089,4,1,0,Attack
78.52138403759454,65.1768014066879,505.02991784132286,High,DNS,1643.042872236889,0,0,0,Normal
59.28750837021653,49.6659419913978,402.39383226241597,Medium,HTTPS,1778.5631844005504,0,0,0,Normal
42.09829823167638,35.008329623388626,307.31987296973745,Medium,HTTP,1479.5295053231982,0,0,0,Normal
68.08857916788838,54.95964933190456,674.9864239195855,High,HTTPS,2653.018653848177,1,0,0,Normal
69.9783770457725,49.34171631137749,615.5967277157813,High,HTTPS,2818.246877686627,0,0,0,Normal
79.01548363748589,59.836055537984585,826.5204109491942,High,FTP,3239.0554371215726,2,0,1,Attack
71.31402899205568,55.01780479336616,656.6942103797936,High,DNS,3135.3572663871178,1,0,0,Normal
69.47561607405078,55.024839487912914,521.3977039179671,High,HTTPS,2100.2018348965366,1,0,0,Normal
62.15360345406225,55.72283725421044,384.4575176161908,High,HTTPS,1897.9662049051922,1,0,0,Normal
41.52983990656139,35.37836749426445,528.9705999421831,Medium,FTP,2627.2345241117782,4,0,1,Attack
47.18100092573877,38.554585337477235,257.78615794054934,Medium,HTTP,874.3496221849153,1,0,0,Normal
51.44592545526393,44.67252531530503,321.31519698986835,Medium,HTTPS,999.9495308552328,1,0,0,Normal
67.60065443362691,54.093390018863076,733.8363180634581,High,SSH,2907.609612791897,3,0,1,Attack
88.96028946444858,66.4910661612275,811.8264594133767,Critical,DNS,3569.704510110829,1,0,0,Normal
75.56347609715885,61.72419688909305,418.42937207430793,High,DNS,1374.021105788541,1,0,0,Normal
65.14900859030604,46.81287337474487,374.44969081910466,High,HTTPS,1556.1702968179447,0,0,0,Normal
90.50182742354082,67.86076065237991,945.991955762527,Critical,SSH,4021.4747256380806,4,0,1,Attack
60.05709917486456,48.999171079601474,582.0673075033972,High,HTTPS,2581.3969047366627,0,0,0,Normal
54.227236314691254,46.90811546671931,687.1093693177027,Medium,SSH,3162.539415202107,0,0,0,Attack
65.0556806428358,46.937557294336244,432.73796942048403,High,HTTPS,2148.2474157782917,0,0,0,Normal
45.56524521714891,33.2582337362605,456.68696791750375,Medium,FTP,2247.2264914295397,2,0,0,Attack
44.94825546935317,37.29417632829186,384.30268215853425,Medium,HTTP,1642.8838990627041,1,0,0,Normal
64.76292604609625,57.488491172998984,617.5627774818884,High,HTTPS,2604.2250489839307,0,0,0,Normal
79.50860852193728,68.32252258409672,582.495383017894,High,DNS,2456.5727166160477,0,0,0,Normal
36.44946373874518,27.92292687335163,326.0471228803033,Low,HTTP,1342.9556238110997,1,0,0,Normal
48.97106167933089,35.520461764112724,557.3547610111469,Medium,SSH,1826.8307179505557,3,0,0,Attack
68.91406310787715,58.02534050319871,650.2826565429255,High,HTTPS,3062.3842106249544,0,0,0,Normal
86.30278161959723,76.06984510167288,653.316974317741,Critical,DNS,2333.9973670277327,1,0,0,Normal
77.7929252726608,61.69350091692279,765.6259977684839,High,DNS,2401.82409518652,1,0,0,Normal
49.82170936855255,42.73742696311928,494.0685522972465,Medium,HTTP,1523.378957334269,1,0,0,Normal
37.60072507742734,29.775659102121548,224.83008297506348,Low,HTTP,907.6572608419256,0,0,0,Normal
72.59869126726699,63.70139838731697,383.33048786058885,High,DNS,1852.0973944777825,1,0,0,Normal
84.42894542022259,67.77974981086805,625.2395198321808,Critical,DNS,2404.348362737029,1,0,0,Normal
57.914311747590546,51.756505589164284,491.855763439095,Medium,HTTPS,1756.8339166146127,0,0,0,Normal
87.34219583056984,78.31706474010882,698.671256790502,Critical,SSH,3059.468889110186,0,0,0,Attack
57.567166916123824,42.55228700060221,454.1885668602572,Medium,HTTPS,2044.0470913315023,0,0,0,Normal
83.23366416952922,59.196212944438976,676.495446043875,Critical,DNS,2615.1183763640634,1,0,0,Normal
60.840683749556774,48.44259701701686,522.450660638108,High,HTTPS,2301.4613500040123,1,0,0,Normal
88.10215313307708,73.98050194157153,793.5080160138523,Critical,DNS,3578.2554802195623,1,0,0,Normal
89.00078706069507,64.82602602302956,882.0677969417097,Critical,DNS,3908.6912030551257,0,0,0,Normal
41.75289811952098,34.053188493054414,409.2530527260327,Medium,HTTP,1455.1401708137205,1,0,0,Normal
33.36155341137783,27.526839620702955,273.14553371360677,Low,HTTP,1142.2921816121266,0,0,0,Normal
58.86613708891673,49.65286248228835,473.4220466641049,Medium,HTTPS,2024.3222084817396,0,0,0,Normal
71.91382722448907,61.86511055661323,578.4255013123797,High,DNS,2137.9174704726424,1,0,0,Normal
38.5127620685671,34.52405149602651,300.2936722449524,Low,HTTP,949.3426814901575,0,0,0,Normal
